*******************************************
***COMSOL 6.0.0.318 progress output file***
*******************************************
Sat Oct 03 11:31:41 UZT 2026
COMSOL Multiphysics 6.0 (Build: 318) starting in batch mode
Running: C:\comsol_tranzistor\ish\model\MoS2Fet.class
params.txt o'qildi: C:\comsol_tranzistor\ish\model\params.txt
---------- Current Progress: 100 % - Updating selections
Memory: 383/389 412/417
           Current Progress:   0 % - Rectangle
Memory: 405/406 432/433
           Current Progress:   1 % - Rectangle 2
Memory: 407/407 433/433
           Current Progress:   3 % - Rectangle 2a
           Current Progress:   4 % - Polygon
           Current Progress:   5 % - Polygon 2
Memory: 408/408 433/433
           Current Progress:   6 % - Mirror
-          Current Progress:  19 % - Mirror 2
---        Current Progress:  31 % - Rectangle 3
---        Current Progress:  33 % - Ellipse 1
---        Current Progress:  34 % - Ellipse 2
---        Current Progress:  35 % - Union
----       Current Progress:  43 % - Resolving domains
----       Current Progress:  48 % - Rectangle 4
----       Current Progress:  49 % - Intersection
-----      Current Progress:  57 % - Resolving domains
Memory: 409/409 434/434
------     Current Progress:  61 % - Difference 4
-------    Current Progress:  73 % - Resolving domains
-------    Current Progress:  74 % - Rectangle 5
Memory: 410/410 435/435
-------    Current Progress:  75 % - Difference
Memory: 407/410 432/435
--------   Current Progress:  86 % - Resolving domains
Memory: 410/410 434/435
--------   Current Progress:  88 % - Form Union
---------  Current Progress:  99 % - Resolving domains
Memory: 410/411 434/435
---------- Current Progress: 100 % - Updating selections
Memory: 410/411 435/436
Geometriya quruldi. Domenlar soni: 10 (kutilgan: 10)
CHECKPOINT: sel_insulators OK
CHECKPOINT: sel_semi_domains OK
---------- Current Progress: 100 % - Creating visualization mesh
Memory: 403/415 427/439
CHECKPOINT: chegara selectionlari OK
CHECKPOINT: semi yaratildi
CHECKPOINT: semi.selection() -> faqat MoS2
CHECKPOINT: semi Formulation=FVM
CHECKPOINT: adm1 OK
CHECKPOINT: gc1 OK
CHECKPOINT: sfit (D_it, chiziqli-potensial) OK
CHECKPOINT: sfcd1 OK
CHECKPOINT: mc1/mc2 OK
CHECKPOINT: ion holati OK
CHECKPOINT: mesh size features OK
Number of vertex elements: 37
           Current Progress:   6 % - Adjusting boundary mesh
Memory: 540/668 561/685
Number of boundary elements: 15129
-          Current Progress:  13 % - Inserting interior points
Memory: 536/668 563/685
--         Current Progress:  21 % - Inserting interior points
Memory: 546/668 575/685
--         Current Progress:  28 % - Inserting interior points
Memory: 547/668 576/685
---        Current Progress:  35 % - Improving element quality
Memory: 550/668 580/685
------     Current Progress:  67 % - Preparing for advancing front meshing
Memory: 551/668 581/685
-------    Current Progress:  72 % - Inserting interior points
Memory: 553/668 584/685
-------    Current Progress:  74 % - Inserting interior points
Memory: 554/668 584/685
---------  Current Progress:  95 % - Preparing for advancing front meshing
Memory: 559/668 589/685
---------  Current Progress:  95 % - Inserting interior points
Memory: 578/668 606/685
---------  Current Progress:  95 % - Improving element quality
Memory: 508/668 530/685
Number of elements: 152778
---------  Current Progress:  99 % - Finalizing mesh
Memory: 518/668 547/685
Minimum element quality: 0.2344
---------- Current Progress: 100 % - Finalizing mesh
Memory: 498/668 524/685
MESH_DOMAINS_TOTAL=10
Model qurildi (mode=transfer).
CHECKPOINT: natijalar papka OK
CHECKPOINT: view1 (full) sozlandi
-----      Current Progress:  50 % - Generating image
Memory: 593/668 608/685
---------- Current Progress: 100 % - Creating visualization mesh
Eksport: natijalar\geom_full.png
CHECKPOINT: view1 (src edge) sozlandi
-----      Current Progress:  50 % - Generating image
Memory: 800/800 703/704
Eksport: natijalar\geom_source_edge.png
<---- Compile Equations: Semiconductor Equilibrium in Study 1/Solution 1 (sol1) -
Started at Oct 3, 2026, 11:32:08 AM.
Geometry shape function: Linear Lagrange
Running on 11th Gen Intel(R) Core(TM) i7-1165G7 at 2.80 GHz.
Using 1 socket with 4 cores in total on WIN-FNSSP1NOF49.
Available memory: 7.97 GB.
           Current Progress:   2 % - Compile Equations: Semiconductor Equilibrium
Memory: 666/804 691/829
           Current Progress:   3 % - Compile Equations: Semiconductor Equilibrium
Memory: 658/804 686/829
           Current Progress:   3 % - Creating visualization mesh
Memory: 709/804 703/829
Time: 2 s.
Physical memory: 755 MB
Virtual memory: 779 MB
Ended at Oct 3, 2026, 11:32:10 AM.
----- Compile Equations: Semiconductor Equilibrium in Study 1/Solution 1 (sol1) >
<---- Dependent Variables 1 in Study 1/Solution 1 (sol1) -----------------------
Started at Oct 3, 2026, 11:32:10 AM.
           Current Progress:   3 % - Dependent Variables 1
Memory: 725/804 717/829
Solution time: 0 s.
Physical memory: 725 MB
Virtual memory: 717 MB
Ended at Oct 3, 2026, 11:32:10 AM.
----- Dependent Variables 1 in Study 1/Solution 1 (sol1) ---------------------->
<---- Stationary Solver 1 in Study 1/Solution 1 (sol1) -------------------------
Started at Oct 3, 2026, 11:32:11 AM.
Nonlinear solver
Number of degrees of freedom solved for: 138873.
           Current Progress:   5 % - Assembling sparsity pattern
Memory: 743/804 733/829
Nonsymmetric matrix found.
Scales for dependent variables:
Electron solution variable (comp1.Ne): 2.5e+24
Hole solution variable (comp1.Ph): 2.4e+28
Electric potential (comp1.V): 8.1e+22
Orthonormal null-space function used.
           Current Progress:   5 % - Matrix factorization
Memory: 776/804 776/829
Iter      SolEst      ResEst     Damping    Stepsize #Res #Jac #Sol
           Current Progress:   5 % - Assembling matrices
Memory: 769/804 789/829
   1        0.34     2.2e+14   0.1000000        0.38    2    1    2
           Current Progress:   9 % - Assembling sparsity pattern
Memory: 769/804 788/829
           Current Progress:   9 % - Matrix factorization
Memory: 732/804 770/829
           Current Progress:   9 % - Solving linear system
Memory: 770/804 777/829
   2         1.2     2.8e+05   0.6648693         8.9    3    2    4
-          Current Progress:  14 % - Assembling sparsity pattern
Memory: 774/804 781/829
-          Current Progress:  14 % - Matrix factorization
Memory: 758/804 789/829
-          Current Progress:  14 % - Solving linear system
Memory: 779/804 786/829
   3       0.082     2.7e+05   1.0000000        0.36    4    3    6
---        Current Progress:  34 % - Matrix factorization
Memory: 756/804 789/829
---        Current Progress:  34 % - Solving linear system
Memory: 780/804 787/829
   4     9.9e-05     4.5e+02   1.0000000       0.056    5    4    8
----       Current Progress:  46 % - Matrix factorization
Memory: 754/804 789/829
----       Current Progress:  46 % - Solving linear system
Memory: 780/804 787/829
   5     2.2e-09     6.4e-07   1.0000000      0.0001    7    5   10
-----      Current Progress:  50 % - Constraint handling
Memory: 667/804 656/829
Solution time: 6 s.
Physical memory: 781 MB
Virtual memory: 789 MB
Ended at Oct 3, 2026, 11:32:16 AM.
----- Stationary Solver 1 in Study 1/Solution 1 (sol1) ------------------------>
<---- Compile Equations: Stationary in Study 1/Solution 1 (sol1) ---------------
Started at Oct 3, 2026, 11:32:16 AM.
Geometry shape function: Linear Lagrange
-----      Current Progress:  52 % - Compile Equations: Stationary
Memory: 770/804 764/829
-----      Current Progress:  52 % - Creating visualization mesh
Memory: 757/804 749/829
Time: 2 s.
Physical memory: 770 MB
Virtual memory: 764 MB
Ended at Oct 3, 2026, 11:32:18 AM.
----- Compile Equations: Stationary in Study 1/Solution 1 (sol1) -------------->
<---- Dependent Variables 2 in Study 1/Solution 1 (sol1) -----------------------
Started at Oct 3, 2026, 11:32:18 AM.
Initial values of variables solved for: Solution 1 (sol1), Solution Store 1 (sol2).
Values of variables not solved for: Solution 1 (sol1).
-----      Current Progress:  52 % - Dependent Variables 2
Memory: 767/804 759/829
Solution time: 0 s.
Physical memory: 767 MB
Virtual memory: 759 MB
Ended at Oct 3, 2026, 11:32:18 AM.
----- Dependent Variables 2 in Study 1/Solution 1 (sol1) ---------------------->
<---- Stationary Solver 2 in Study 1/Solution 1 (sol1) -------------------------
Started at Oct 3, 2026, 11:32:18 AM.
Nonlinear solver
Number of degrees of freedom solved for: 138873.
-----      Current Progress:  55 % - Assembling matrices
Memory: 789/804 780/829
-----      Current Progress:  55 % - Assembling sparsity pattern
Memory: 803/804 794/829
-----      Current Progress:  55 % - Assembling matrices
Memory: 850/868 845/864
Nonsymmetric matrix found.
Scales for dependent variables:
Electron solution variable (comp1.Ne): 2.5e+24
Hole solution variable (comp1.Ph): 4.3e+28
Electric potential (comp1.V): 4.7e+18
Orthonormal null-space function used.
-----      Current Progress:  55 % - Matrix factorization
Memory: 895/909 902/920
Iter      SolEst      ResEst     Damping    Stepsize #Res #Jac #Sol
-----      Current Progress:  55 % - Assembling matrices
Memory: 962/962 1016/1018
   1     1.6e-13     1.7e+03   0.1000000     1.7e-13    2    1    2
-----      Current Progress:  59 % - Assembling sparsity pattern
Memory: 940/962 994/1018
-----      Current Progress:  59 % - Assembling matrices
Memory: 972/991 1026/1046
-----      Current Progress:  59 % - Matrix factorization
Memory: 895/991 960/1046
-----      Current Progress:  59 % - Solving linear system
Memory: 903/991 967/1046
   2     2.8e-15     1.2e+03   1.0000000     1.6e-13    4    2    4
---------- Current Progress: 100 % - Constraint handling
Memory: 747/991 779/1046
Solution time: 5 s.
Physical memory: 972 MB
Virtual memory: 1026 MB
Ended at Oct 3, 2026, 11:32:23 AM.
----- Stationary Solver 2 in Study 1/Solution 1 (sol1) ------------------------>
V_it0 o'lchandi: -4.03785 V
<---- Compile Equations: Semiconductor Equilibrium in Study 1/Solution 1 (sol1) -
Started at Oct 3, 2026, 11:32:26 AM.
Geometry shape function: Linear Lagrange
Running on 11th Gen Intel(R) Core(TM) i7-1165G7 at 2.80 GHz.
Using 1 socket with 4 cores in total on WIN-FNSSP1NOF49.
Available memory: 7.97 GB.
           Current Progress:   2 % - Compile Equations: Semiconductor Equilibrium
Memory: 826/991 867/1046
           Current Progress:   3 % - Compile Equations: Semiconductor Equilibrium
Memory: 819/991 859/1046
           Current Progress:   3 % - Creating visualization mesh
Memory: 826/991 862/1046
Time: 1 s.
Physical memory: 829 MB
Virtual memory: 867 MB
Ended at Oct 3, 2026, 11:32:27 AM.
----- Compile Equations: Semiconductor Equilibrium in Study 1/Solution 1 (sol1) >
<---- Dependent Variables 1 in Study 1/Solution 1 (sol1) -----------------------
Started at Oct 3, 2026, 11:32:27 AM.
           Current Progress:   3 % - Dependent Variables 1
Memory: 835/991 870/1046
Solution time: 0 s.
Physical memory: 835 MB
Virtual memory: 870 MB
Ended at Oct 3, 2026, 11:32:27 AM.
----- Dependent Variables 1 in Study 1/Solution 1 (sol1) ---------------------->
<---- Stationary Solver 1 in Study 1/Solution 1 (sol1) -------------------------
Started at Oct 3, 2026, 11:32:27 AM.
Nonlinear solver
Number of degrees of freedom solved for: 138873.
           Current Progress:   5 % - Assembling sparsity pattern
Memory: 854/991 887/1046
Nonsymmetric matrix found.
Scales for dependent variables:
Electron solution variable (comp1.Ne): 2.5e+24
Hole solution variable (comp1.Ph): 2.4e+28
Electric potential (comp1.V): 8.1e+22
Orthonormal null-space function used.
           Current Progress:   5 % - Constraint handling
Memory: 868/991 901/1046
           Current Progress:   5 % - Matrix factorization
Memory: 888/991 932/1046
Iter      SolEst      ResEst     Damping    Stepsize #Res #Jac #Sol
           Current Progress:   5 % - Assembling matrices
Memory: 934/991 983/1046
   1         5.9     2.2e+16   0.1000000         7.1    2    1    2
           Current Progress:   9 % - Assembling sparsity pattern
Memory: 924/991 973/1046
           Current Progress:   9 % - Matrix factorization
Memory: 903/991 947/1046
           Current Progress:   9 % - Assembling matrices
Memory: 903/991 950/1046
           Current Progress:   9 % - Solving linear system
Memory: 904/991 951/1046
   2          11     6.8e+03   0.0969952          13    4    2    5
-          Current Progress:  14 % - Assembling sparsity pattern
Memory: 902/991 951/1046
-          Current Progress:  14 % - Matrix factorization
Memory: 878/991 951/1046
-          Current Progress:  14 % - Solving linear system
Memory: 902/991 949/1046
   3        0.22     4.3e+04   0.4741303        0.71    5    3    7
---        Current Progress:  36 % - Matrix factorization
Memory: 878/991 951/1046
---        Current Progress:  36 % - Solving linear system
Memory: 833/991 885/1046
   4       0.041     4.4e+03   1.0000000        0.64    6    4    9
---        Current Progress:  36 % - Matrix factorization
Memory: 807/991 891/1046
---        Current Progress:  36 % - Solving linear system
Memory: 836/991 889/1046
   5     0.00014          17   1.0000000       0.043    7    5   11
----       Current Progress:  46 % - Matrix factorization
Memory: 806/991 891/1046
----       Current Progress:  46 % - Solving linear system
Memory: 833/991 892/1046
   6     3.1e-08     1.4e-06   1.0000000     0.00013    9    6   13
-----      Current Progress:  50 % - Constraint handling
Memory: 737/991 768/1046
Solution time: 7 s.
Physical memory: 934 MB
Virtual memory: 984 MB
Ended at Oct 3, 2026, 11:32:34 AM.
----- Stationary Solver 1 in Study 1/Solution 1 (sol1) ------------------------>
<---- Compile Equations: Stationary in Study 1/Solution 1 (sol1) ---------------
Started at Oct 3, 2026, 11:32:34 AM.
Geometry shape function: Linear Lagrange
-----      Current Progress:  52 % - Compile Equations: Stationary
Memory: 840/991 872/1046
-----      Current Progress:  52 % - Creating visualization mesh
Memory: 836/991 868/1046
Time: 2 s.
Physical memory: 840 MB
Virtual memory: 872 MB
Ended at Oct 3, 2026, 11:32:36 AM.
----- Compile Equations: Stationary in Study 1/Solution 1 (sol1) -------------->
<---- Dependent Variables 2 in Study 1/Solution 1 (sol1) -----------------------
Started at Oct 3, 2026, 11:32:36 AM.
Initial values of variables solved for: Solution 1 (sol1), Solution Store 1 (sol2).
Values of variables not solved for: Solution 1 (sol1).
-----      Current Progress:  52 % - Dependent Variables 2
Memory: 837/991 869/1046
Solution time: 0 s.
Physical memory: 837 MB
Virtual memory: 869 MB
Ended at Oct 3, 2026, 11:32:36 AM.
----- Dependent Variables 2 in Study 1/Solution 1 (sol1) ---------------------->
<---- Stationary Solver 2 in Study 1/Solution 1 (sol1) -------------------------
Started at Oct 3, 2026, 11:32:36 AM.
Nonlinear solver
Number of degrees of freedom solved for: 138873.
-----      Current Progress:  55 % - Assembling matrices
Memory: 850/991 882/1046
-----      Current Progress:  55 % - Assembling sparsity pattern
Memory: 849/991 880/1046
-----      Current Progress:  55 % - Assembling matrices
Memory: 894/991 926/1046
Nonsymmetric matrix found.
Scales for dependent variables:
Electron solution variable (comp1.Ne): 7.4e+25
Hole solution variable (comp1.Ph): 1.5e+30
Electric potential (comp1.V): 1.5e+20
Orthonormal null-space function used.
-----      Current Progress:  55 % - Matrix factorization
Memory: 947/991 992/1046
Iter      SolEst      ResEst     Damping    Stepsize #Res #Jac #Sol
-----      Current Progress:  55 % - Assembling matrices
Memory: 1006/1006 1060/1062
   1         3.9     5.6e+04   0.1000000         4.8    2    1    2
-----      Current Progress:  59 % - Assembling sparsity pattern
Memory: 985/1006 1039/1063
-----      Current Progress:  59 % - Assembling matrices
Memory: 1005/1018 1060/1074
-----      Current Progress:  59 % - Matrix factorization
Memory: 948/1018 1064/1074
-----      Current Progress:  59 % - Solving linear system
Memory: 1004/1018 1059/1074
   2        0.76     5.2e+04   0.0578320        0.81    4    2    5
------     Current Progress:  64 % - Assembling sparsity pattern
Memory: 989/1018 1043/1074
------     Current Progress:  64 % - Assembling matrices
Memory: 1004/1018 1059/1075
------     Current Progress:  64 % - Matrix factorization
Memory: 981/1018 1063/1075
------     Current Progress:  64 % - Assembling matrices
Memory: 1005/1018 1060/1075
   3         1.1     4.7e+04   0.1388853         1.4    5    3    7
------     Current Progress:  64 % - Matrix factorization
Memory: 936/1018 1033/1075
------     Current Progress:  64 % - Assembling matrices
Memory: 1005/1018 1060/1075
------     Current Progress:  64 % - Solving linear system
   4        0.81     4.5e+04   0.0759334        0.88    7    4   10
-------    Current Progress:  76 % - Assembling matrices
Memory: 1004/1018 1058/1075
-------    Current Progress:  76 % - Matrix factorization
Memory: 972/1018 1061/1075
-------    Current Progress:  76 % - Assembling matrices
Memory: 1004/1018 1059/1075
   5        0.78     4.3e+04   0.0759334        0.85    9    5   13
-------    Current Progress:  76 % - Matrix factorization
Memory: 943/1018 1061/1075
-------    Current Progress:  76 % - Solving linear system
Memory: 1003/1018 1057/1075
   6        0.71     4.1e+04   0.0759334        0.78   11    6   16
-------    Current Progress:  77 % - Solving linear system
Memory: 997/1018 1051/1075
-------    Current Progress:  77 % - Assembling matrices
Memory: 1003/1018 1057/1075
-------    Current Progress:  77 % - Matrix factorization
Memory: 983/1018 1061/1075
-------    Current Progress:  77 % - Assembling matrices
Memory: 1004/1018 1059/1075
   7        0.65     3.9e+04   0.0759334        0.71   13    7   19
-------    Current Progress:  79 % - Assembling matrices
Memory: 1003/1018 1057/1075
-------    Current Progress:  79 % - Matrix factorization
Memory: 946/1018 1061/1075
-------    Current Progress:  79 % - Solving linear system
Memory: 1003/1018 1057/1075
   8        0.59     3.7e+04   0.0759334        0.65   15    8   22
--------   Current Progress:  80 % - Solving linear system
Memory: 993/1018 1051/1075
--------   Current Progress:  80 % - Assembling matrices
Memory: 1003/1018 1057/1075
--------   Current Progress:  80 % - Matrix factorization
Memory: 949/1018 1025/1075
--------   Current Progress:  80 % - Assembling matrices
Memory: 969/1018 1025/1075
   9        0.55     3.5e+04   0.0759334         0.6   17    9   25
--------   Current Progress:  81 % - Assembling matrices
Memory: 970/1018 1027/1075
--------   Current Progress:  81 % - Matrix factorization
Memory: 934/1018 1042/1075
--------   Current Progress:  81 % - Solving linear system
Memory: 975/1018 1033/1075
--------   Current Progress:  81 % - Assembling matrices
Memory: 982/1018 1039/1075
  10        0.51     3.3e+04   0.0759334        0.56   19   10   28
--------   Current Progress:  82 % - Assembling matrices
Memory: 981/1018 1038/1075
--------   Current Progress:  82 % - Matrix factorization
Memory: 927/1018 1043/1075
--------   Current Progress:  82 % - Solving linear system
Memory: 982/1018 1039/1075
  11        0.48     3.1e+04   0.0759334        0.52   21   11   31
--------   Current Progress:  83 % - Solving linear system
Memory: 975/1018 1033/1075
--------   Current Progress:  83 % - Assembling matrices
Memory: 982/1018 1039/1075
--------   Current Progress:  83 % - 
Memory: 976/1018 1034/1075
--------   Current Progress:  83 % - Matrix factorization
Memory: 967/1018 1043/1075
--------   Current Progress:  83 % - Assembling matrices
Memory: 983/1018 1040/1075
  12        0.46     2.8e+04   0.0759334         0.5   23   12   34
--------   Current Progress:  83 % - Matrix factorization
Memory: 931/1018 1043/1075
--------   Current Progress:  83 % - Solving linear system
Memory: 983/1018 1040/1075
  13        0.44     2.6e+04   0.1002054         0.5   25   13   37
--------   Current Progress:  84 % - Solving linear system
Memory: 969/1018 1035/1075
--------   Current Progress:  84 % - Assembling matrices
Memory: 982/1018 1040/1075
--------   Current Progress:  84 % - Matrix factorization
Memory: 969/1018 1044/1075
--------   Current Progress:  84 % - Assembling matrices
Memory: 984/1018 1041/1075
--------   Current Progress:  84 % - Solving linear system
Memory: 981/1018 1040/1075
  14        0.43     2.4e+04   0.1000000        0.47   27   14   40
--------   Current Progress:  85 % - Assembling matrices
Memory: 982/1018 1040/1075
--------   Current Progress:  85 % - Matrix factorization
Memory: 943/1018 1044/1075
--------   Current Progress:  85 % - Assembling matrices
Memory: 984/1018 1042/1075
  15        0.41     2.1e+04   0.1495980        0.49   29   15   43
--------   Current Progress:  85 % - Matrix factorization
Memory: 918/1018 1044/1075
--------   Current Progress:  85 % - Solving linear system
Memory: 983/1018 1040/1075
  16        0.37     1.6e+04   0.3043559        0.55   31   16   46
--------   Current Progress:  88 % - Solving linear system
Memory: 977/1018 1034/1075
--------   Current Progress:  88 % - Assembling matrices
Memory: 983/1018 1040/1075
--------   Current Progress:  88 % - Matrix factorization
Memory: 949/1018 1044/1075
--------   Current Progress:  88 % - Assembling matrices
Memory: 985/1018 1042/1075
  17        0.52     1.1e+04   1.0000000         2.1   32   17   48
--------   Current Progress:  88 % - Matrix factorization
Memory: 917/1018 1045/1075
--------   Current Progress:  88 % - Solving linear system
Memory: 985/1018 1042/1075
  18       0.086     8.9e+03   0.1950203        0.11   34   18   51
---------  Current Progress:  95 % - Assembling matrices
Memory: 984/1018 1041/1075
---------  Current Progress:  95 % - Matrix factorization
Memory: 962/1018 1045/1075
---------  Current Progress:  95 % - Assembling matrices
Memory: 985/1018 1042/1075
  19        0.09     7.1e+03   0.2048114        0.11   35   19   53
---------  Current Progress:  95 % - Matrix factorization
Memory: 929/1018 1045/1075
---------  Current Progress:  95 % - Solving linear system
Memory: 984/1018 1041/1075
  20        0.12     5.5e+03   0.2282245        0.15   36   20   55
---------  Current Progress:  95 % - Assembling matrices
---------  Current Progress:  95 % - Matrix factorization
Memory: 958/1018 1045/1075
---------  Current Progress:  95 % - Assembling matrices
Memory: 985/1018 1042/1075
  21        0.11     2.8e+03   0.5949687         0.2   37   21   57
---------  Current Progress:  95 % - Matrix factorization
Memory: 920/1018 1045/1075
---------  Current Progress:  95 % - Solving linear system
Memory: 985/1018 1042/1075
  22      0.0094     1.8e+03   1.0000000        0.15   38   22   59
---------  Current Progress:  97 % - Assembling matrices
Memory: 984/1018 1041/1075
---------  Current Progress:  97 % - Matrix factorization
Memory: 952/1018 1045/1075
---------  Current Progress:  97 % - Assembling matrices
Memory: 985/1018 1042/1075
  23     0.00046          60   1.0000000       0.009   39   23   61
---------  Current Progress:  98 % - Assembling matrices
Memory: 984/1018 1041/1075
---------  Current Progress:  98 % - Matrix factorization
Memory: 922/1018 1045/1075
---------  Current Progress:  98 % - Solving linear system
Memory: 984/1018 1041/1075
  24       9e-07     7.1e-06   1.0000000     0.00075   41   24   63
---------- Current Progress: 100 % - Constraint handling
Memory: 841/1018 877/1075
Solution time: 34 s.
Physical memory: 1.01 GB
Virtual memory: 1.06 GB
Ended at Oct 3, 2026, 11:33:10 AM.
----- Stationary Solver 2 in Study 1/Solution 1 (sol1) ------------------------>
<---- Compile Equations: Semiconductor Equilibrium in Study 1/Solution 1 (sol1) -
Started at Oct 3, 2026, 11:33:12 AM.
Geometry shape function: Linear Lagrange
Running on 11th Gen Intel(R) Core(TM) i7-1165G7 at 2.80 GHz.
Using 1 socket with 4 cores in total on WIN-FNSSP1NOF49.
Available memory: 7.97 GB.
           Current Progress:   3 % - Compile Equations: Semiconductor Equilibrium
Memory: 858/1018 890/1075
           Current Progress:   3 % - Creating visualization mesh
Memory: 859/1018 890/1075
Time: 1 s.
Physical memory: 859 MB
Virtual memory: 890 MB
Ended at Oct 3, 2026, 11:33:14 AM.
----- Compile Equations: Semiconductor Equilibrium in Study 1/Solution 1 (sol1) >
<---- Dependent Variables 1 in Study 1/Solution 1 (sol1) -----------------------
Started at Oct 3, 2026, 11:33:14 AM.
           Current Progress:   3 % - Dependent Variables 1
Memory: 863/1018 895/1075
Solution time: 0 s.
Physical memory: 863 MB
Virtual memory: 895 MB
Ended at Oct 3, 2026, 11:33:14 AM.
----- Dependent Variables 1 in Study 1/Solution 1 (sol1) ---------------------->
<---- Stationary Solver 1 in Study 1/Solution 1 (sol1) -------------------------
Started at Oct 3, 2026, 11:33:14 AM.
Nonlinear solver
Number of degrees of freedom solved for: 138873.
           Current Progress:   5 % - Assembling sparsity pattern
Memory: 880/1018 911/1075
Nonsymmetric matrix found.
Scales for dependent variables:
Electron solution variable (comp1.Ne): 2.5e+24
Hole solution variable (comp1.Ph): 2.4e+28
Electric potential (comp1.V): 8e+22
Orthonormal null-space function used.
           Current Progress:   5 % - Matrix factorization
Memory: 909/1018 954/1075
Iter      SolEst      ResEst     Damping    Stepsize #Res #Jac #Sol
           Current Progress:   5 % - Assembling matrices
Memory: 958/1018 1006/1075
   1         3.6     1.8e+16   0.1000000         4.3    2    1    2
           Current Progress:   9 % - Assembling sparsity pattern
Memory: 951/1018 999/1075
           Current Progress:   9 % - Matrix factorization
Memory: 930/1018 1012/1075
           Current Progress:   9 % - 
Memory: 954/1018 1002/1075
   2         1.3     9.6e+04   0.4678777         2.9    3    2    4
-          Current Progress:  14 % - Assembling sparsity pattern
Memory: 867/1018 914/1075
-          Current Progress:  14 % - Matrix factorization
Memory: 857/1018 933/1075
-          Current Progress:  14 % - Solving linear system
Memory: 883/1018 931/1075
   3       0.048     5.7e+03   1.0000000         1.3    4    3    6
---        Current Progress:  36 % - Assembling matrices
Memory: 850/1018 900/1075
---        Current Progress:  36 % - Matrix factorization
Memory: 843/1018 905/1075
---        Current Progress:  36 % - Assembling matrices
Memory: 853/1018 903/1075
   4     0.00023          34   1.0000000       0.073    5    4    8
----       Current Progress:  44 % - Assembling matrices
Memory: 851/1018 901/1075
----       Current Progress:  44 % - Matrix factorization
Memory: 830/1018 906/1075
----       Current Progress:  44 % - Solving linear system
Memory: 854/1018 903/1075
   5     8.3e-08     6.9e-06   1.0000000     0.00022    7    5   10
-----      Current Progress:  50 % - Constraint handling
Memory: 755/1018 785/1075
Solution time: 6 s.
Physical memory: 961 MB
Virtual memory: 1012 MB
Ended at Oct 3, 2026, 11:33:19 AM.
----- Stationary Solver 1 in Study 1/Solution 1 (sol1) ------------------------>
<---- Compile Equations: Stationary in Study 1/Solution 1 (sol1) ---------------
Started at Oct 3, 2026, 11:33:20 AM.
Geometry shape function: Linear Lagrange
-----      Current Progress:  52 % - Compile Equations: Stationary
Memory: 850/1018 882/1075
-----      Current Progress:  52 % - Creating visualization mesh
Time: 1 s.
Physical memory: 853 MB
Virtual memory: 885 MB
Ended at Oct 3, 2026, 11:33:21 AM.
----- Compile Equations: Stationary in Study 1/Solution 1 (sol1) -------------->
<---- Dependent Variables 2 in Study 1/Solution 1 (sol1) -----------------------
Started at Oct 3, 2026, 11:33:21 AM.
Initial values of variables solved for: Solution 1 (sol1), Solution Store 1 (sol2).
Values of variables not solved for: Solution 1 (sol1).
-----      Current Progress:  52 % - Dependent Variables 2
Memory: 856/1018 888/1075
Solution time: 0 s.
Physical memory: 856 MB
Virtual memory: 888 MB
Ended at Oct 3, 2026, 11:33:21 AM.
----- Dependent Variables 2 in Study 1/Solution 1 (sol1) ---------------------->
<---- Stationary Solver 2 in Study 1/Solution 1 (sol1) -------------------------
Started at Oct 3, 2026, 11:33:21 AM.
Nonlinear solver
Number of degrees of freedom solved for: 138873.
-----      Current Progress:  55 % - Assembling matrices
Memory: 872/1018 904/1075
-----      Current Progress:  55 % - Assembling sparsity pattern
Memory: 878/1018 910/1075
-----      Current Progress:  55 % - Assembling matrices
Memory: 913/1018 945/1075
Nonsymmetric matrix found.
Scales for dependent variables:
Electron solution variable (comp1.Ne): 7e+25
Hole solution variable (comp1.Ph): 1.4e+30
Electric potential (comp1.V): 1.4e+20
Orthonormal null-space function used.
-----      Current Progress:  55 % - Matrix factorization
Memory: 962/1018 1007/1075
Iter      SolEst      ResEst     Damping    Stepsize #Res #Jac #Sol
-----      Current Progress:  55 % - Assembling matrices
Memory: 1025/1026 1080/1082
   1         3.9     5.7e+04   0.1000000         4.8    2    1    2
-----      Current Progress:  59 % - Assembling sparsity pattern
Memory: 1009/1027 1063/1085
-----      Current Progress:  59 % - Assembling matrices
Memory: 1000/1041 1053/1117
-----      Current Progress:  59 % - Matrix factorization
Memory: 927/1041 1027/1117
-----      Current Progress:  59 % - Solving linear system
Memory: 1000/1041 1052/1117
   2        0.76       5e+04   0.0584269         0.8    4    2    5
------     Current Progress:  64 % - Assembling sparsity pattern
Memory: 981/1041 1034/1117
------     Current Progress:  64 % - Assembling matrices
Memory: 999/1041 1052/1117
------     Current Progress:  64 % - Matrix factorization
Memory: 924/1041 955/1117
------     Current Progress:  64 % - Assembling matrices
Memory: 1000/1041 1053/1117
   3         1.1     4.4e+04   0.1338983         1.4    5    3    7
------     Current Progress:  64 % - Matrix factorization
Memory: 960/1041 1055/1117
------     Current Progress:  64 % - Solving linear system
Memory: 995/1041 1048/1117
------     Current Progress:  64 % - Assembling matrices
Memory: 999/1041 1052/1117
   4        0.86     4.2e+04   0.0756097        0.93    7    4   10
-------    Current Progress:  75 % - Assembling matrices
Memory: 998/1041 1051/1117
-------    Current Progress:  75 % - Matrix factorization
Memory: 932/1041 1055/1117
-------    Current Progress:  75 % - Solving linear system
Memory: 999/1041 1052/1117
   5        0.82       4e+04   0.0756097         0.9    9    5   13
-------    Current Progress:  75 % - Assembling matrices
Memory: 998/1041 1051/1117
-------    Current Progress:  75 % - Matrix factorization
Memory: 973/1041 1054/1117
-------    Current Progress:  75 % - Assembling matrices
Memory: 998/1041 1051/1117
-------    Current Progress:  75 % - Solving linear system
   6        0.76     3.8e+04   0.0745272        0.82   11    6   16
-------    Current Progress:  77 % - Assembling matrices
Memory: 997/1041 1050/1117
-------    Current Progress:  77 % - Matrix factorization
Memory: 926/1041 1024/1117
-------    Current Progress:  77 % - Assembling matrices
Memory: 998/1041 1051/1117
   7        0.69     3.6e+04   0.0745272        0.75   13    7   19
-------    Current Progress:  79 % - Assembling matrices
Memory: 997/1041 1050/1117
-------    Current Progress:  79 % - Matrix factorization
Memory: 963/1041 1054/1117
-------    Current Progress:  79 % - Assembling matrices
Memory: 998/1041 1051/1117
   8        0.63     3.4e+04   0.0745272        0.68   15    8   22
--------   Current Progress:  80 % - Assembling matrices
Memory: 997/1041 1050/1117
--------   Current Progress:  80 % - Matrix factorization
Memory: 929/1041 1024/1117
--------   Current Progress:  80 % - Solving linear system
Memory: 997/1041 1054/1117
   9        0.58     3.2e+04   0.0745272        0.63   17    9   25
--------   Current Progress:  81 % - Assembling matrices
Memory: 997/1041 1050/1117
--------   Current Progress:  81 % - Matrix factorization
Memory: 960/1041 1054/1117
--------   Current Progress:  81 % - Assembling matrices
Memory: 998/1041 1051/1117
  10        0.54       3e+04   0.0745272        0.58   19   10   28
--------   Current Progress:  82 % - Assembling matrices
Memory: 997/1041 1050/1117
--------   Current Progress:  82 % - Matrix factorization
Memory: 940/1041 1054/1117
--------   Current Progress:  82 % - Solving linear system
Memory: 997/1041 1050/1117
  11        0.51     2.8e+04   0.0745272        0.55   21   11   31
--------   Current Progress:  83 % - Solving linear system
--------   Current Progress:  83 % - Assembling matrices
--------   Current Progress:  83 % - Matrix factorization
Memory: 991/1041 1044/1117
--------   Current Progress:  83 % - Assembling matrices
Memory: 998/1041 1051/1117
--------   Current Progress:  83 % - Solving linear system
  12        0.48     2.6e+04   0.0745272        0.52   23   12   34
--------   Current Progress:  83 % - Assembling matrices
Memory: 997/1041 1050/1117
--------   Current Progress:  83 % - Matrix factorization
Memory: 966/1041 1054/1117
--------   Current Progress:  83 % - Assembling matrices
Memory: 998/1041 1051/1117
  13        0.46     2.4e+04   0.0942055        0.51   25   13   37
--------   Current Progress:  84 % - Assembling matrices
Memory: 997/1041 1050/1117
--------   Current Progress:  84 % - Matrix factorization
Memory: 937/1041 1054/1117
--------   Current Progress:  84 % - Solving linear system
Memory: 997/1041 1050/1117
  14        0.44     2.2e+04   0.0942055        0.49   27   14   40
--------   Current Progress:  85 % - Solving linear system
Memory: 991/1041 1044/1117
--------   Current Progress:  85 % - Assembling matrices
Memory: 997/1041 1050/1117
--------   Current Progress:  85 % - Matrix factorization
Memory: 974/1041 1054/1117
--------   Current Progress:  85 % - Assembling matrices
Memory: 998/1041 1051/1117
  15        0.42     1.9e+04   0.1402007        0.49   29   15   43
--------   Current Progress:  85 % - Matrix factorization
Memory: 929/1041 1024/1117
--------   Current Progress:  85 % - Solving linear system
Memory: 998/1041 1051/1117
  16        0.39     1.5e+04   0.2412017        0.52   31   16   46
--------   Current Progress:  87 % - Assembling matrices
Memory: 997/1041 1050/1117
--------   Current Progress:  87 % - Matrix factorization
Memory: 975/1041 1054/1117
--------   Current Progress:  87 % - Assembling matrices
Memory: 998/1041 1051/1117
  17         1.5     1.7e+04   1.0000000         2.4   32   17   48
--------   Current Progress:  87 % - Matrix factorization
Memory: 942/1041 1054/1117
--------   Current Progress:  87 % - Solving linear system
Memory: 997/1041 1050/1117
  18        0.14     1.1e+04   0.3380635        0.27   34   18   51
---------  Current Progress:  96 % - Assembling matrices
---------  Current Progress:  96 % - Matrix factorization
Memory: 969/1041 1054/1117
---------  Current Progress:  96 % - Assembling matrices
Memory: 998/1041 1051/1117
  19        0.11     6.1e+03   0.4879360        0.14   35   19   53
---------  Current Progress:  96 % - Matrix factorization
Memory: 922/1041 953/1117
---------  Current Progress:  96 % - Solving linear system
Memory: 994/1041 1047/1117
  20        0.17       4e+03   0.3651796        0.25   36   20   55
---------  Current Progress:  96 % - Assembling matrices
Memory: 997/1041 1050/1117
---------  Current Progress:  96 % - Matrix factorization
Memory: 949/1041 1054/1117
---------  Current Progress:  96 % - Solving linear system
Memory: 997/1041 1050/1117
  21       0.016     1.9e+03   1.0000000        0.21   37   21   57
---------  Current Progress:  97 % - Assembling matrices
---------  Current Progress:  97 % - Matrix factorization
Memory: 976/1041 1054/1117
---------  Current Progress:  97 % - Assembling matrices
Memory: 998/1041 1051/1117
  22      0.0012          72   1.0000000       0.015   38   22   59
---------  Current Progress:  98 % - Assembling matrices
Memory: 997/1041 1050/1117
---------  Current Progress:  98 % - Matrix factorization
Memory: 939/1041 1054/1117
---------  Current Progress:  98 % - Solving linear system
Memory: 997/1041 1050/1117
  23       2e-06       0.039   1.0000000      0.0012   39   23   61
---------- Current Progress: 100 % - Assembling matrices
---------- Current Progress: 100 % - Matrix factorization
Memory: 980/1041 1054/1117
---------- Current Progress: 100 % - Assembling matrices
Memory: 998/1041 1051/1117
  24     1.3e-12     1.9e-07   1.0000000     3.4e-06   41   24   63
---------- Current Progress: 100 % - Constraint handling
Memory: 852/1041 882/1117
Solution time: 35 s.
Physical memory: 1.02 GB
Virtual memory: 1.08 GB
Ended at Oct 3, 2026, 11:33:56 AM.
----- Stationary Solver 2 in Study 1/Solution 1 (sol1) ------------------------>
<---- Compile Equations: Semiconductor Equilibrium in Study 1/Solution 1 (sol1) -
Started at Oct 3, 2026, 11:33:58 AM.
Geometry shape function: Linear Lagrange
Running on 11th Gen Intel(R) Core(TM) i7-1165G7 at 2.80 GHz.
Using 1 socket with 4 cores in total on WIN-FNSSP1NOF49.
Available memory: 7.97 GB.
           Current Progress:   3 % - Compile Equations: Semiconductor Equilibrium
Memory: 875/1041 906/1117
           Current Progress:   3 % - Creating visualization mesh
Memory: 876/1041 907/1117
Time: 1 s.
Physical memory: 878 MB
Virtual memory: 909 MB
Ended at Oct 3, 2026, 11:33:59 AM.
----- Compile Equations: Semiconductor Equilibrium in Study 1/Solution 1 (sol1) >
<---- Dependent Variables 1 in Study 1/Solution 1 (sol1) -----------------------
Started at Oct 3, 2026, 11:33:59 AM.
           Current Progress:   3 % - Dependent Variables 1
Memory: 880/1041 911/1117
Solution time: 0 s.
Physical memory: 880 MB
Virtual memory: 911 MB
Ended at Oct 3, 2026, 11:33:59 AM.
----- Dependent Variables 1 in Study 1/Solution 1 (sol1) ---------------------->
<---- Stationary Solver 1 in Study 1/Solution 1 (sol1) -------------------------
Started at Oct 3, 2026, 11:33:59 AM.
Nonlinear solver
Number of degrees of freedom solved for: 138873.
           Current Progress:   5 % - Assembling sparsity pattern
Memory: 895/1041 927/1117
Nonsymmetric matrix found.
Scales for dependent variables:
Electron solution variable (comp1.Ne): 2.5e+24
Hole solution variable (comp1.Ph): 2.4e+28
Electric potential (comp1.V): 8e+22
Orthonormal null-space function used.
           Current Progress:   5 % - Matrix factorization
Memory: 935/1041 978/1117
Iter      SolEst      ResEst     Damping    Stepsize #Res #Jac #Sol
           Current Progress:   5 % - Assembling matrices
Memory: 972/1041 1021/1117
   1         2.2     1.2e+16   0.1000000         2.5    2    1    2
           Current Progress:   9 % - Assembling sparsity pattern
Memory: 965/1041 1014/1117
           Current Progress:   9 % - Matrix factorization
Memory: 946/1041 1027/1117
           Current Progress:   9 % - Solving linear system
Memory: 972/1041 1026/1117
   2        0.42     6.7e+04   0.3853759         2.5    3    2    4
-          Current Progress:  14 % - Assembling sparsity pattern
Memory: 969/1041 1018/1117
-          Current Progress:  14 % - Matrix factorization
Memory: 917/1041 988/1117
-          Current Progress:  14 % - Solving linear system
Memory: 938/1041 986/1117
   3       0.072     1.9e+04   1.0000000         1.1    4    3    6
---        Current Progress:  32 % - Matrix factorization
Memory: 913/1041 988/1117
---        Current Progress:  32 % - Solving linear system
Memory: 938/1041 986/1117
   4     0.00066     4.7e+02   1.0000000        0.11    5    4    8
----       Current Progress:  43 % - Matrix factorization
Memory: 912/1041 987/1117
----       Current Progress:  43 % - Solving linear system
Memory: 938/1041 985/1117
   5     6.2e-07      0.0034   1.0000000     0.00058    7    5   10
-----      Current Progress:  50 % - Constraint handling
Memory: 768/1041 797/1117
Solution time: 6 s.
Physical memory: 975 MB
Virtual memory: 1027 MB
Ended at Oct 3, 2026, 11:34:04 AM.
----- Stationary Solver 1 in Study 1/Solution 1 (sol1) ------------------------>
<---- Compile Equations: Stationary in Study 1/Solution 1 (sol1) ---------------
Started at Oct 3, 2026, 11:34:04 AM.
Geometry shape function: Linear Lagrange
-----      Current Progress:  52 % - Compile Equations: Stationary
Memory: 884/1041 918/1117
-----      Current Progress:  52 % - Creating visualization mesh
Memory: 862/1041 895/1117
Time: 1 s.
Physical memory: 884 MB
Virtual memory: 918 MB
Ended at Oct 3, 2026, 11:34:06 AM.
----- Compile Equations: Stationary in Study 1/Solution 1 (sol1) -------------->
<---- Dependent Variables 2 in Study 1/Solution 1 (sol1) -----------------------
Started at Oct 3, 2026, 11:34:06 AM.
Initial values of variables solved for: Solution 1 (sol1), Solution Store 1 (sol2).
Values of variables not solved for: Solution 1 (sol1).
-----      Current Progress:  52 % - Dependent Variables 2
Memory: 869/1041 902/1117
Solution time: 0 s.
Physical memory: 869 MB
Virtual memory: 902 MB
Ended at Oct 3, 2026, 11:34:06 AM.
----- Dependent Variables 2 in Study 1/Solution 1 (sol1) ---------------------->
<---- Stationary Solver 2 in Study 1/Solution 1 (sol1) -------------------------
Started at Oct 3, 2026, 11:34:06 AM.
Nonlinear solver
Number of degrees of freedom solved for: 138873.
-----      Current Progress:  55 % - Assembling matrices
Memory: 885/1041 917/1117
-----      Current Progress:  55 % - Assembling sparsity pattern
Memory: 884/1041 916/1117
-----      Current Progress:  55 % - Assembling matrices
Memory: 919/1041 951/1117
Nonsymmetric matrix found.
Scales for dependent variables:
Electron solution variable (comp1.Ne): 6.2e+25
Hole solution variable (comp1.Ph): 1.3e+30
Electric potential (comp1.V): 1.3e+20
Orthonormal null-space function used.
-----      Current Progress:  55 % - Matrix factorization
Memory: 971/1041 1017/1117
Iter      SolEst      ResEst     Damping    Stepsize #Res #Jac #Sol
-----      Current Progress:  55 % - Assembling matrices
Memory: 1034/1041 1089/1117
   1         3.9     5.8e+04   0.1000000         4.8    2    1    2
-----      Current Progress:  59 % - Assembling sparsity pattern
Memory: 1017/1041 1072/1117
-----      Current Progress:  59 % - Assembling matrices
Memory: 1035/1056 1090/1118
-----      Current Progress:  59 % - Matrix factorization
Memory: 994/1056 1069/1118
-----      Current Progress:  59 % - Assembling matrices
Memory: 1012/1056 1066/1118
   2        0.74     4.3e+04   0.0599354        0.78    4    2    5
------     Current Progress:  64 % - Assembling sparsity pattern
Memory: 992/1056 1046/1118
------     Current Progress:  64 % - Assembling matrices
Memory: 1011/1056 1064/1118
------     Current Progress:  64 % - Matrix factorization
Memory: 973/1056 1068/1118
------     Current Progress:  64 % - Assembling matrices
Memory: 1012/1056 1066/1118
   3         1.1     3.7e+04   0.1241949         1.3    5    3    7
------     Current Progress:  64 % - Matrix factorization
Memory: 943/1056 1039/1118
------     Current Progress:  64 % - Solving linear system
Memory: 1012/1056 1065/1118
   4        0.94     3.5e+04   0.0764284           1    7    4   10
-------    Current Progress:  74 % - Assembling matrices
Memory: 1011/1056 1064/1118
-------    Current Progress:  74 % - Matrix factorization
Memory: 985/1056 1068/1118
-------    Current Progress:  74 % - Assembling matrices
Memory: 1012/1056 1066/1118
   5         0.9     3.3e+04   0.0764284        0.99    9    5   13
-------    Current Progress:  74 % - Matrix factorization
Memory: 967/1056 1068/1118
-------    Current Progress:  74 % - Assembling matrices
Memory: 1012/1056 1066/1118
   6        0.83     3.1e+04   0.0705363        0.89   11    6   16
-------    Current Progress:  77 % - Assembling matrices
Memory: 1011/1056 1064/1118
-------    Current Progress:  77 % - Matrix factorization
Memory: 949/1056 1068/1118
-------    Current Progress:  77 % - Solving linear system
Memory: 1011/1056 1064/1118
   7        0.76     2.9e+04   0.0705363        0.82   13    7   19
-------    Current Progress:  78 % - Solving linear system
Memory: 1005/1056 1058/1118
-------    Current Progress:  78 % - Assembling matrices
Memory: 1011/1056 1064/1118
-------    Current Progress:  78 % - Matrix factorization
Memory: 1007/1056 1060/1118
-------    Current Progress:  78 % - Assembling matrices
Memory: 1012/1056 1066/1118
   8         0.7     2.7e+04   0.0705363        0.76   15    8   22
--------   Current Progress:  80 % - Assembling matrices
Memory: 1011/1056 1064/1118
--------   Current Progress:  80 % - Matrix factorization
Memory: 974/1056 1068/1118
--------   Current Progress:  80 % - Assembling matrices
Memory: 1012/1056 1066/1118
   9        0.64     2.6e+04   0.0705363         0.7   17    9   25
--------   Current Progress:  81 % - Assembling matrices
Memory: 1011/1056 1064/1118
--------   Current Progress:  81 % - Matrix factorization
Memory: 948/1056 1068/1118
--------   Current Progress:  81 % - Solving linear system
Memory: 1012/1056 1065/1118
  10         0.6     2.4e+04   0.0705363        0.64   19   10   28
--------   Current Progress:  82 % - Assembling matrices
Memory: 1011/1056 1064/1118
--------   Current Progress:  82 % - Matrix factorization
Memory: 989/1056 1068/1118
--------   Current Progress:  82 % - Assembling matrices
Memory: 1012/1056 1066/1118
  11        0.56     2.3e+04   0.0705363         0.6   21   11   31
--------   Current Progress:  83 % - Assembling matrices
Memory: 1011/1056 1064/1118
--------   Current Progress:  83 % - Matrix factorization
Memory: 971/1056 1068/1118
--------   Current Progress:  83 % - Solving linear system
Memory: 1005/1056 1058/1118
--------   Current Progress:  83 % - Assembling matrices
Memory: 1012/1056 1066/1118
  12        0.53     2.1e+04   0.0705363        0.57   23   12   34
--------   Current Progress:  84 % - Assembling matrices
Memory: 1011/1056 1064/1118
--------   Current Progress:  84 % - Matrix factorization
Memory: 936/1056 967/1118
--------   Current Progress:  84 % - Assembling matrices
Memory: 1012/1056 1066/1118
  13         0.5       2e+04   0.0853876        0.55   25   13   37
--------   Current Progress:  84 % - Matrix factorization
Memory: 968/1056 1068/1118
--------   Current Progress:  84 % - Assembling matrices
Memory: 1009/1056 1062/1118
  14        0.47     1.8e+04   0.0855850        0.52   27   14   40
--------   Current Progress:  85 % - Assembling matrices
Memory: 1011/1056 1064/1118
--------   Current Progress:  85 % - Matrix factorization
Memory: 943/1056 1039/1118
--------   Current Progress:  85 % - Assembling matrices
Memory: 1012/1056 1066/1118
  15        0.45     1.6e+04   0.1213407        0.51   29   15   43
--------   Current Progress:  86 % - Assembling matrices
Memory: 1011/1056 1064/1118
--------   Current Progress:  86 % - Matrix factorization
Memory: 971/1056 1068/1118
--------   Current Progress:  86 % - Assembling matrices
Memory: 1012/1056 1066/1118
  16        0.42     1.4e+04   0.1567079         0.5   31   16   46
--------   Current Progress:  87 % - Assembling matrices
Memory: 1011/1056 1064/1118
--------   Current Progress:  87 % - Matrix factorization
Memory: 935/1056 967/1118
--------   Current Progress:  87 % - Assembling matrices
Memory: 1012/1056 1066/1118
--------   Current Progress:  87 % - Solving linear system
Memory: 1012/1056 1065/1118
  17        0.37     1.1e+04   0.3157015        0.56   33   17   49
--------   Current Progress:  89 % - Assembling matrices
Memory: 1011/1056 1064/1118
--------   Current Progress:  89 % - Matrix factorization
Memory: 978/1056 1068/1118
--------   Current Progress:  89 % - Assembling matrices
Memory: 1012/1056 1066/1118
  18        0.39       9e+03   1.0000000         1.7   34   18   51
--------   Current Progress:  89 % - Matrix factorization
Memory: 936/1056 967/1118
--------   Current Progress:  89 % - Assembling matrices
Memory: 1012/1056 1066/1118
--------   Current Progress:  89 % - Solving linear system
Memory: 1012/1056 1065/1118
  19       0.069     7.5e+03   0.1730297       0.085   36   19   54
---------  Current Progress:  96 % - Assembling matrices
Memory: 1011/1056 1064/1118
---------  Current Progress:  96 % - Matrix factorization
Memory: 978/1056 1068/1118
---------  Current Progress:  96 % - Assembling matrices
Memory: 1012/1056 1066/1118
  20       0.083     6.4e+03   0.1576413       0.095   37   20   56
---------  Current Progress:  96 % - Matrix factorization
Memory: 944/1056 1068/1118
---------  Current Progress:  96 % - Solving linear system
Memory: 1012/1056 1065/1118
  21        0.11       5e+03   0.2260623        0.13   38   21   58
---------  Current Progress:  96 % - Assembling matrices
Memory: 1011/1056 1064/1118
---------  Current Progress:  96 % - Matrix factorization
Memory: 984/1056 1068/1118
---------  Current Progress:  96 % - Assembling matrices
Memory: 1012/1056 1066/1118
  22        0.11       3e+03   0.4630824        0.17   39   22   60
---------  Current Progress:  96 % - Matrix factorization
Memory: 943/1056 1039/1118
---------  Current Progress:  96 % - Solving linear system
Memory: 1012/1056 1065/1118
  23       0.024     1.5e+03   1.0000000        0.16   40   23   62
---------  Current Progress:  96 % - Assembling matrices
Memory: 1011/1056 1064/1118
---------  Current Progress:  96 % - Matrix factorization
Memory: 974/1056 1068/1118
---------  Current Progress:  96 % - Assembling matrices
Memory: 1012/1056 1066/1118
  24      0.0014     1.1e+02   1.0000000       0.025   41   24   64
---------  Current Progress:  98 % - Assembling matrices
Memory: 1011/1056 1064/1118
---------  Current Progress:  98 % - Matrix factorization
Memory: 945/1056 1068/1118
---------  Current Progress:  98 % - Solving linear system
Memory: 1009/1056 1067/1118
  25       3e-06        0.13   1.0000000      0.0014   42   25   66
---------- Current Progress: 100 % - Assembling matrices
Memory: 1011/1056 1064/1118
---------- Current Progress: 100 % - Matrix factorization
Memory: 987/1056 1068/1118
---------- Current Progress: 100 % - Assembling matrices
Memory: 1012/1056 1066/1118
  26     3.7e-12     1.7e-07   1.0000000     4.7e-06   44   26   68
---------- Current Progress: 100 % - Constraint handling
Memory: 867/1056 898/1118
Solution time: 37 s.
Physical memory: 1.03 GB
Virtual memory: 1.09 GB
Ended at Oct 3, 2026, 11:34:42 AM.
----- Stationary Solver 2 in Study 1/Solution 1 (sol1) ------------------------>
<---- Compile Equations: Semiconductor Equilibrium in Study 1/Solution 1 (sol1) -
Started at Oct 3, 2026, 11:34:44 AM.
Geometry shape function: Linear Lagrange
Running on 11th Gen Intel(R) Core(TM) i7-1165G7 at 2.80 GHz.
Using 1 socket with 4 cores in total on WIN-FNSSP1NOF49.
Available memory: 7.97 GB.
           Current Progress:   2 % - Compile Equations: Semiconductor Equilibrium
Memory: 903/1056 940/1118
           Current Progress:   3 % - Compile Equations: Semiconductor Equilibrium
Memory: 892/1056 924/1118
           Current Progress:   3 % - Creating visualization mesh
Memory: 889/1056 921/1118
Time: 1 s.
Physical memory: 902 MB
Virtual memory: 933 MB
Ended at Oct 3, 2026, 11:34:45 AM.
----- Compile Equations: Semiconductor Equilibrium in Study 1/Solution 1 (sol1) >
<---- Dependent Variables 1 in Study 1/Solution 1 (sol1) -----------------------
Started at Oct 3, 2026, 11:34:45 AM.
           Current Progress:   3 % - Dependent Variables 1
Memory: 894/1056 925/1118
Solution time: 0 s.
Physical memory: 894 MB
Virtual memory: 925 MB
Ended at Oct 3, 2026, 11:34:45 AM.
----- Dependent Variables 1 in Study 1/Solution 1 (sol1) ---------------------->
<---- Stationary Solver 1 in Study 1/Solution 1 (sol1) -------------------------
Started at Oct 3, 2026, 11:34:45 AM.
Nonlinear solver
Number of degrees of freedom solved for: 138873.
           Current Progress:   5 % - Assembling sparsity pattern
Memory: 913/1056 945/1118
           Current Progress:   5 % - Assembling matrices
Memory: 916/1056 947/1118
Nonsymmetric matrix found.
Scales for dependent variables:
Electron solution variable (comp1.Ne): 2.5e+24
Hole solution variable (comp1.Ph): 2.4e+28
Electric potential (comp1.V): 8e+22
Orthonormal null-space function used.
           Current Progress:   5 % - Matrix factorization
Memory: 940/1056 984/1118
Iter      SolEst      ResEst     Damping    Stepsize #Res #Jac #Sol
           Current Progress:   5 % - Solving linear system
Memory: 979/1056 1030/1118
   1        0.97       5e+15   0.1000000         1.1    2    1    2
           Current Progress:   9 % - Assembling sparsity pattern
Memory: 977/1056 1026/1118
           Current Progress:   9 % - 
Memory: 983/1056 1032/1118
           Current Progress:   9 % - Matrix factorization
Memory: 986/1056 1042/1118
           Current Progress:   9 % - Solving linear system
Memory: 985/1056 1034/1118
   2        0.53     7.9e+04   0.3955543         1.6    3    2    4
-          Current Progress:  14 % - Assembling sparsity pattern
Memory: 978/1056 1027/1118
-          Current Progress:  14 % - Matrix factorization
Memory: 963/1056 1038/1118
-          Current Progress:  14 % - Solving linear system
Memory: 950/1056 997/1118
   3        0.48       1e+05   1.0000000         1.1    4    3    6
--         Current Progress:  20 % - Solving linear system
Memory: 942/1056 990/1118
--         Current Progress:  20 % - Matrix factorization
Memory: 928/1056 1000/1118
--         Current Progress:  20 % - Solving linear system
Memory: 950/1056 997/1118
   4      0.0028     5.6e+03   1.0000000        0.15    5    4    8
----       Current Progress:  42 % - Matrix factorization
Memory: 924/1056 999/1118
----       Current Progress:  42 % - Solving linear system
Memory: 950/1056 997/1118
   5     1.3e-05          21   1.0000000      0.0031    6    5   10
----       Current Progress:  48 % - Matrix factorization
Memory: 915/1056 956/1118
----       Current Progress:  48 % - Solving linear system
Memory: 951/1056 998/1118
   6     2.1e-10     1.1e-08   1.0000000     1.3e-05    8    6   12
-----      Current Progress:  50 % - Constraint handling
Memory: 780/1056 811/1118
Solution time: 6 s.
Physical memory: 986 MB
Virtual memory: 1042 MB
Ended at Oct 3, 2026, 11:34:51 AM.
----- Stationary Solver 1 in Study 1/Solution 1 (sol1) ------------------------>
<---- Compile Equations: Stationary in Study 1/Solution 1 (sol1) ---------------
Started at Oct 3, 2026, 11:34:51 AM.
Geometry shape function: Linear Lagrange
-----      Current Progress:  52 % - Compile Equations: Stationary
Memory: 842/1056 889/1118
-----      Current Progress:  52 % - Creating visualization mesh
Memory: 857/1056 892/1118
Time: 1 s.
Physical memory: 859 MB
Virtual memory: 894 MB
Ended at Oct 3, 2026, 11:34:52 AM.
----- Compile Equations: Stationary in Study 1/Solution 1 (sol1) -------------->
<---- Dependent Variables 2 in Study 1/Solution 1 (sol1) -----------------------
Started at Oct 3, 2026, 11:34:53 AM.
Initial values of variables solved for: Solution 1 (sol1), Solution Store 1 (sol2).
Values of variables not solved for: Solution 1 (sol1).
-----      Current Progress:  52 % - Dependent Variables 2
Memory: 863/1056 898/1118
Solution time: 0 s.
Physical memory: 863 MB
Virtual memory: 898 MB
Ended at Oct 3, 2026, 11:34:53 AM.
----- Dependent Variables 2 in Study 1/Solution 1 (sol1) ---------------------->
<---- Stationary Solver 2 in Study 1/Solution 1 (sol1) -------------------------
Started at Oct 3, 2026, 11:34:53 AM.
Nonlinear solver
Number of degrees of freedom solved for: 138873.
-----      Current Progress:  55 % - Assembling matrices
Memory: 880/1056 913/1118
-----      Current Progress:  55 % - Assembling sparsity pattern
Memory: 889/1056 924/1118
-----      Current Progress:  55 % - Assembling matrices
Memory: 922/1056 957/1118
Nonsymmetric matrix found.
Scales for dependent variables:
Electron solution variable (comp1.Ne): 3.9e+25
Hole solution variable (comp1.Ph): 7.9e+29
Electric potential (comp1.V): 8e+19
Orthonormal null-space function used.
-----      Current Progress:  55 % - Constraint handling
Memory: 921/1056 971/1118
-----      Current Progress:  55 % - Matrix factorization
Memory: 970/1056 1018/1118
Iter      SolEst      ResEst     Damping    Stepsize #Res #Jac #Sol
-----      Current Progress:  55 % - Assembling matrices
Memory: 1038/1056 1094/1118
   1         3.9     7.1e+04   0.1000000         4.8    2    1    2
-----      Current Progress:  59 % - Assembling sparsity pattern
Memory: 1022/1056 1078/1118
-----      Current Progress:  59 % - Assembling matrices
Memory: 1041/1056 1096/1118
-----      Current Progress:  59 % - Matrix factorization
Memory: 884/1056 1003/1118
-----      Current Progress:  59 % - Solving linear system
Memory: 947/1056 1001/1118
   2        0.68     3.3e+04   0.0669097        0.72    4    2    5
------     Current Progress:  64 % - Solving linear system
Memory: 942/1056 996/1118
------     Current Progress:  64 % - Assembling sparsity pattern
Memory: 937/1056 991/1118
------     Current Progress:  64 % - Assembling matrices
Memory: 961/1056 1016/1118
------     Current Progress:  64 % - Matrix factorization
Memory: 903/1056 1020/1118
------     Current Progress:  64 % - Solving linear system
Memory: 961/1056 1016/1118
   3         1.1       3e+04   0.0974491         1.2    5    3    7
------     Current Progress:  64 % - Assembling matrices
------     Current Progress:  64 % - Matrix factorization
Memory: 938/1056 1020/1118
------     Current Progress:  64 % - Assembling matrices
Memory: 962/1056 1017/1118
   4         1.1     2.8e+04   0.0780106         1.2    7    4   10
------     Current Progress:  64 % - Matrix factorization
Memory: 917/1056 1020/1118
------     Current Progress:  64 % - Solving linear system
Memory: 961/1056 1016/1118
------     Current Progress:  64 % - Assembling matrices
Memory: 962/1056 1017/1118
   5         1.1     2.6e+04   0.0743502         1.2    9    5   13
-------    Current Progress:  72 % - Assembling matrices
Memory: 961/1056 1016/1118
-------    Current Progress:  72 % - Matrix factorization
Memory: 894/1056 990/1118
-------    Current Progress:  72 % - Solving linear system
Memory: 962/1056 1017/1118
   6           1     2.5e+04   0.0684442         1.1   11    6   16
-------    Current Progress:  76 % - Assembling matrices
Memory: 961/1056 1016/1118
-------    Current Progress:  76 % - Matrix factorization
Memory: 942/1056 1020/1118
-------    Current Progress:  76 % - Assembling matrices
Memory: 962/1056 1017/1118
   7        0.95     2.4e+04   0.0678112           1   13    7   19
-------    Current Progress:  78 % - Assembling matrices
Memory: 961/1056 1016/1118
-------    Current Progress:  78 % - Matrix factorization
Memory: 918/1056 1020/1118
-------    Current Progress:  78 % - Assembling matrices
Memory: 962/1056 1017/1118
   8        0.89     2.2e+04   0.0678112        0.96   15    8   22
--------   Current Progress:  80 % - Assembling matrices
Memory: 961/1056 1016/1118
--------   Current Progress:  80 % - Matrix factorization
Memory: 901/1056 1020/1118
--------   Current Progress:  80 % - Solving linear system
Memory: 961/1056 1016/1118
   9        0.82     2.1e+04   0.0678112        0.89   17    9   25
--------   Current Progress:  81 % - Solving linear system
Memory: 955/1056 1010/1118
--------   Current Progress:  81 % - Assembling matrices
Memory: 961/1056 1016/1118
--------   Current Progress:  81 % - Matrix factorization
Memory: 947/1056 1020/1118
--------   Current Progress:  81 % - Assembling matrices
Memory: 962/1056 1017/1118
  10        0.76       2e+04   0.0678112        0.82   19   10   28
--------   Current Progress:  82 % - Assembling matrices
--------   Current Progress:  82 % - Matrix factorization
Memory: 926/1056 1021/1118
--------   Current Progress:  82 % - Assembling matrices
Memory: 963/1056 1018/1118
  11         0.7     1.9e+04   0.0678112        0.76   21   11   31
--------   Current Progress:  83 % - Assembling matrices
Memory: 962/1056 1017/1118
--------   Current Progress:  83 % - Matrix factorization
Memory: 908/1056 1021/1118
--------   Current Progress:  83 % - Solving linear system
Memory: 962/1056 1017/1118
--------   Current Progress:  83 % - Assembling matrices
Memory: 963/1056 1018/1118
  12        0.65     1.8e+04   0.0678112         0.7   23   12   34
--------   Current Progress:  84 % - Assembling matrices
Memory: 962/1056 1017/1118
--------   Current Progress:  84 % - Matrix factorization
Memory: 887/1056 921/1118
--------   Current Progress:  84 % - Solving linear system
Memory: 963/1056 1019/1118
  13        0.61     1.7e+04   0.0716653        0.66   25   13   37
--------   Current Progress:  85 % - Assembling matrices
Memory: 962/1056 1017/1118
--------   Current Progress:  85 % - Matrix factorization
Memory: 938/1056 1021/1118
--------   Current Progress:  85 % - Assembling matrices
Memory: 963/1056 1019/1118
  14        0.57     1.6e+04   0.0829928        0.62   27   14   40
--------   Current Progress:  86 % - Assembling matrices
Memory: 962/1056 1018/1118
--------   Current Progress:  86 % - Matrix factorization
Memory: 921/1056 1022/1118
--------   Current Progress:  86 % - Assembling matrices
Memory: 964/1056 1019/1118
  15        0.52     1.4e+04   0.0863581        0.57   29   15   43
--------   Current Progress:  87 % - Assembling matrices
Memory: 963/1056 1018/1118
--------   Current Progress:  87 % - Matrix factorization
Memory: 897/1056 1022/1118
--------   Current Progress:  87 % - Solving linear system
Memory: 960/1056 1017/1118
  16        0.48     1.3e+04   0.1097977        0.54   31   16   46
--------   Current Progress:  87 % - Assembling matrices
Memory: 963/1056 1018/1118
--------   Current Progress:  87 % - Constraint handling
Memory: 957/1056 1013/1118
--------   Current Progress:  87 % - Matrix factorization
Memory: 953/1056 1022/1118
--------   Current Progress:  87 % - Assembling matrices
Memory: 964/1056 1020/1118
--------   Current Progress:  87 % - Solving linear system
  17        0.43     1.2e+04   0.1294583         0.5   33   17   49
--------   Current Progress:  88 % - Assembling matrices
Memory: 963/1056 1018/1118
--------   Current Progress:  88 % - Matrix factorization
Memory: 937/1056 1022/1118
--------   Current Progress:  88 % - Assembling matrices
Memory: 964/1056 1020/1118
  18        0.38       1e+04   0.2104588         0.5   35   18   52
--------   Current Progress:  89 % - Assembling matrices
Memory: 963/1056 1018/1118
--------   Current Progress:  89 % - Matrix factorization
Memory: 918/1056 1022/1118
--------   Current Progress:  89 % - Solving linear system
Memory: 963/1056 1018/1118
  19         1.5     2.5e+04   1.0000000         1.5   36   19   54
--------   Current Progress:  89 % - Assembling matrices
--------   Current Progress:  89 % - Matrix factorization
Memory: 933/1056 1022/1118
--------   Current Progress:  89 % - Assembling matrices
Memory: 964/1056 1020/1118
  20        0.13     1.7e+04   0.3834460        0.31   38   20   57
---------  Current Progress:  96 % - Assembling matrices
Memory: 963/1056 1018/1118
---------  Current Progress:  96 % - Matrix factorization
Memory: 906/1056 1022/1118
---------  Current Progress:  96 % - Solving linear system
Memory: 963/1056 1018/1118
  21        0.12     8.1e+03   0.6862509        0.12   39   21   59
---------  Current Progress:  96 % - Assembling matrices
---------  Current Progress:  96 % - Constraint handling
Memory: 962/1056 1030/1118
---------  Current Progress:  96 % - Matrix factorization
Memory: 949/1056 1022/1118
---------  Current Progress:  96 % - Assembling matrices
Memory: 965/1056 1020/1118
  22         0.1     4.2e+03   0.6080429        0.25   40   22   61
---------  Current Progress:  96 % - Matrix factorization
Memory: 919/1056 1022/1118
---------  Current Progress:  96 % - Assembling matrices
Memory: 965/1056 1020/1118
  23      0.0011     9.7e+02   1.0000000        0.11   41   23   63
---------  Current Progress:  98 % - Assembling matrices
Memory: 963/1056 1018/1118
---------  Current Progress:  98 % - Matrix factorization
Memory: 896/1056 993/1118
---------  Current Progress:  98 % - Solving linear system
Memory: 965/1056 1020/1118
  24     1.2e-05          13   1.0000000      0.0014   42   24   65
---------  Current Progress:  99 % - Assembling matrices
Memory: 964/1056 1019/1118
---------  Current Progress:  99 % - Matrix factorization
Memory: 929/1056 1023/1118
---------  Current Progress:  99 % - Assembling matrices
Memory: 965/1056 1020/1118
  25     4.8e-09     2.7e-08   1.0000000     1.6e-05   44   25   67
---------- Current Progress: 100 % - Constraint handling
Memory: 820/1056 852/1118
Solution time: 35 s.
Physical memory: 1.04 GB
Virtual memory: 1.1 GB
Ended at Oct 3, 2026, 11:35:28 AM.
----- Stationary Solver 2 in Study 1/Solution 1 (sol1) ------------------------>
CHECKPOINT: VG native continuation sweep sozlandi (41 nuqta)
<---- Compile Equations: Semiconductor Equilibrium in Study 1/Solution 1 (sol1) -
Started at Oct 3, 2026, 11:35:29 AM.
Geometry shape function: Linear Lagrange
Running on 11th Gen Intel(R) Core(TM) i7-1165G7 at 2.80 GHz.
Using 1 socket with 4 cores in total on WIN-FNSSP1NOF49.
Available memory: 7.97 GB.
           Current Progress:   1 % - Compile Equations: Semiconductor Equilibrium
Memory: 919/1056 950/1118
           Current Progress:   1 % - Creating visualization mesh
Memory: 892/1056 923/1118
Time: 1 s.
Physical memory: 919 MB
Virtual memory: 950 MB
Ended at Oct 3, 2026, 11:35:31 AM.
----- Compile Equations: Semiconductor Equilibrium in Study 1/Solution 1 (sol1) >
<---- Dependent Variables 1 in Study 1/Solution 1 (sol1) -----------------------
Started at Oct 3, 2026, 11:35:31 AM.
           Current Progress:   1 % - Dependent Variables 1
Memory: 901/1056 932/1118
Solution time: 0 s.
Physical memory: 901 MB
Virtual memory: 932 MB
Ended at Oct 3, 2026, 11:35:31 AM.
----- Dependent Variables 1 in Study 1/Solution 1 (sol1) ---------------------->
<---- Stationary Solver 1 in Study 1/Solution 1 (sol1) -------------------------
Started at Oct 3, 2026, 11:35:31 AM.
Nonlinear solver
Number of degrees of freedom solved for: 138873.
           Current Progress:   2 % - Assembling sparsity pattern
Memory: 912/1056 943/1118
Nonsymmetric matrix found.
Scales for dependent variables:
Electron solution variable (comp1.Ne): 2.5e+24
Hole solution variable (comp1.Ph): 2.4e+28
Electric potential (comp1.V): 8e+22
Orthonormal null-space function used.
           Current Progress:   2 % - Matrix factorization
Memory: 951/1056 994/1118
Iter      SolEst      ResEst     Damping    Stepsize #Res #Jac #Sol
           Current Progress:   2 % - Assembling matrices
Memory: 989/1056 1038/1118
   1        0.97       5e+15   0.1000000         1.1    2    1    2
           Current Progress:   3 % - Assembling sparsity pattern
Memory: 986/1056 1034/1118
           Current Progress:   3 % - Matrix factorization
Memory: 968/1056 1047/1118
           Current Progress:   3 % - Solving linear system
Memory: 995/1056 1044/1118
   2        0.53     7.9e+04   0.3955543         1.6    3    2    4
           Current Progress:   5 % - Assembling sparsity pattern
Memory: 981/1056 1030/1118
           Current Progress:   5 % - Matrix factorization
Memory: 933/1056 1010/1118
           Current Progress:   5 % - Solving linear system
Memory: 890/1056 952/1118
   3        0.48       1e+05   1.0000000         1.1    4    3    6
           Current Progress:   7 % - Matrix factorization
Memory: 848/1056 929/1118
           Current Progress:   7 % - Solving linear system
Memory: 882/1056 929/1118
   4      0.0028     5.6e+03   1.0000000        0.15    5    4    8
-          Current Progress:  15 % - Matrix factorization
Memory: 842/1056 873/1118
-          Current Progress:  15 % - Solving linear system
Memory: 882/1056 929/1118
   5     1.3e-05          21   1.0000000      0.0031    6    5   10
-          Current Progress:  17 % - Assembling matrices
Memory: 878/1056 925/1118
-          Current Progress:  17 % - Matrix factorization
Memory: 872/1056 930/1118
-          Current Progress:  17 % - Assembling matrices
Memory: 881/1056 928/1118
   6     2.1e-10     1.1e-08   1.0000000     1.3e-05    8    6   12
-          Current Progress:  18 % - Constraint handling
Memory: 876/1056 922/1118
Solution time: 6 s.
Physical memory: 996 MB
Virtual memory: 1047 MB
Ended at Oct 3, 2026, 11:35:37 AM.
----- Stationary Solver 1 in Study 1/Solution 1 (sol1) ------------------------>
<---- Compile Equations: Stationary in Study 1/Solution 1 (sol1) ---------------
Started at Oct 3, 2026, 11:35:37 AM.
Geometry shape function: Linear Lagrange
-          Current Progress:  19 % - Compile Equations: Stationary
Memory: 857/1056 891/1118
-          Current Progress:  19 % - Creating visualization mesh
Memory: 865/1056 899/1118
Time: 1 s.
Physical memory: 873 MB
Virtual memory: 906 MB
Ended at Oct 3, 2026, 11:35:38 AM.
----- Compile Equations: Stationary in Study 1/Solution 1 (sol1) -------------->
<---- Dependent Variables 2 in Study 1/Solution 1 (sol1) -----------------------
Started at Oct 3, 2026, 11:35:38 AM.
Initial values of variables solved for: Solution 1 (sol1), Solution Store 1 (sol2).
Values of variables not solved for: Solution 1 (sol1).
-          Current Progress:  19 % - Dependent Variables 2
Memory: 875/1056 908/1118
Solution time: 0 s.
Physical memory: 875 MB
Virtual memory: 908 MB
Ended at Oct 3, 2026, 11:35:38 AM.
----- Dependent Variables 2 in Study 1/Solution 1 (sol1) ---------------------->
<---- Stationary Solver 2 in Study 1/Solution 1 (sol1) -------------------------
Started at Oct 3, 2026, 11:35:38 AM.
Continuation solver
Nonlinear solver
Number of degrees of freedom solved for: 138873.
    
Continuation parameter VG = 80.
--         Current Progress:  20 % - Assembling matrices
Memory: 892/1056 924/1118
--         Current Progress:  20 % - Assembling sparsity pattern
Memory: 894/1056 927/1118
--         Current Progress:  20 % - Assembling matrices
Memory: 929/1056 963/1118
Nonsymmetric matrix found.
Scales for dependent variables:
Electron solution variable (comp1.Ne): 3.9e+25
Hole solution variable (comp1.Ph): 7.9e+29
Electric potential (comp1.V): 8e+19
Orthonormal null-space function used.
--         Current Progress:  20 % - Matrix factorization
Memory: 945/1056 1007/1118
Iter      SolEst      ResEst     Damping    Stepsize #Res #Jac #Sol
--         Current Progress:  20 % - Assembling matrices
Memory: 1046/1056 1102/1118
   1         3.9     7.1e+04   0.1000000         4.8    2    1    2
--         Current Progress:  20 % - Assembling sparsity pattern
Memory: 1029/1056 1084/1118
--         Current Progress:  20 % - Assembling matrices
Memory: 1047/1064 1103/1120
--         Current Progress:  20 % - Matrix factorization
Memory: 976/1064 1077/1128
--         Current Progress:  20 % - Assembling matrices
Memory: 1017/1064 1071/1128
   2        0.68     3.3e+04   0.0669097        0.72    4    2    5
--         Current Progress:  20 % - Assembling sparsity pattern
Memory: 1000/1064 1053/1128
--         Current Progress:  20 % - Assembling matrices
Memory: 1018/1064 1072/1128
--         Current Progress:  20 % - Matrix factorization
Memory: 976/1064 1075/1128
--         Current Progress:  20 % - Assembling matrices
Memory: 1019/1064 1072/1128
   3         1.1       3e+04   0.0974491         1.2    5    3    7
--         Current Progress:  20 % - Matrix factorization
Memory: 951/1064 1075/1128
--         Current Progress:  20 % - Solving linear system
Memory: 1017/1064 1071/1128
   4         1.1     2.8e+04   0.0780106         1.2    7    4   10
--         Current Progress:  20 % - Assembling matrices
--         Current Progress:  20 % - Matrix factorization
Memory: 942/1064 974/1128
--         Current Progress:  20 % - Assembling matrices
Memory: 1019/1064 1072/1128
--         Current Progress:  20 % - Solving linear system
   5         1.1     2.6e+04   0.0743502         1.2    9    5   13
--         Current Progress:  20 % - Assembling matrices
Memory: 1017/1064 1071/1128
--         Current Progress:  20 % - Matrix factorization
Memory: 995/1064 1075/1128
--         Current Progress:  20 % - Assembling matrices
Memory: 1019/1064 1072/1128
   6           1     2.5e+04   0.0684442         1.1   11    6   16
--         Current Progress:  21 % - Assembling matrices
Memory: 1017/1064 1071/1128
--         Current Progress:  21 % - Constraint handling
Memory: 1021/1064 1081/1128
--         Current Progress:  21 % - Matrix factorization
Memory: 996/1064 1075/1128
--         Current Progress:  21 % - Assembling matrices
Memory: 1019/1064 1072/1128
   7        0.95     2.4e+04   0.0678112           1   13    7   19
--         Current Progress:  21 % - Matrix factorization
Memory: 950/1064 1045/1128
--         Current Progress:  21 % - Solving linear system
Memory: 1019/1064 1072/1128
   8        0.89     2.2e+04   0.0678112        0.96   15    8   22
--         Current Progress:  21 % - Assembling matrices
Memory: 1017/1064 1071/1128
--         Current Progress:  21 % - Constraint handling
Memory: 1020/1064 1073/1128
--         Current Progress:  21 % - Matrix factorization
Memory: 1005/1064 1075/1128
--         Current Progress:  21 % - Assembling matrices
Memory: 1019/1064 1072/1128
--         Current Progress:  21 % - Solving linear system
Memory: 1016/1064 1071/1128
   9        0.82     2.1e+04   0.0678112        0.89   17    9   25
--         Current Progress:  21 % - Assembling matrices
Memory: 1017/1064 1071/1128
--         Current Progress:  21 % - Matrix factorization
Memory: 990/1064 1075/1128
--         Current Progress:  21 % - Assembling matrices
Memory: 1019/1064 1072/1128
  10        0.76       2e+04   0.0678112        0.82   19   10   28
--         Current Progress:  21 % - Matrix factorization
Memory: 974/1064 1075/1128
--         Current Progress:  21 % - Assembling matrices
Memory: 1017/1064 1071/1128
  11         0.7     1.9e+04   0.0678112        0.76   21   11   31
--         Current Progress:  21 % - Matrix factorization
Memory: 955/1064 1075/1128
--         Current Progress:  21 % - Solving linear system
Memory: 1017/1064 1071/1128
  12        0.65     1.8e+04   0.0678112         0.7   23   12   34
--         Current Progress:  21 % - Assembling matrices
--         Current Progress:  21 % - Matrix factorization
Memory: 1013/1064 1067/1128
--         Current Progress:  21 % - Assembling matrices
Memory: 1019/1064 1072/1128
--         Current Progress:  21 % - Solving linear system
  13        0.61     1.7e+04   0.0716653        0.66   25   13   37
--         Current Progress:  21 % - Assembling matrices
Memory: 1017/1064 1071/1128
--         Current Progress:  21 % - Matrix factorization
Memory: 990/1064 1075/1128
--         Current Progress:  21 % - Assembling matrices
Memory: 1019/1064 1072/1128
  14        0.57     1.6e+04   0.0829928        0.62   27   14   40
--         Current Progress:  21 % - Matrix factorization
Memory: 975/1064 1075/1128
--         Current Progress:  21 % - Assembling matrices
Memory: 1019/1064 1072/1128
  15        0.52     1.4e+04   0.0863581        0.57   29   15   43
--         Current Progress:  21 % - Matrix factorization
Memory: 962/1064 1075/1128
--         Current Progress:  21 % - Solving linear system
Memory: 1017/1064 1071/1128
  16        0.48     1.3e+04   0.1097977        0.54   31   16   46
--         Current Progress:  21 % - Assembling matrices
--         Current Progress:  21 % - Matrix factorization
Memory: 950/1064 1045/1128
--         Current Progress:  21 % - Solving linear system
Memory: 1018/1064 1072/1128
  17        0.43     1.2e+04   0.1294583         0.5   33   17   49
--         Current Progress:  21 % - Assembling matrices
Memory: 1017/1064 1071/1128
--         Current Progress:  21 % - Matrix factorization
Memory: 1003/1064 1075/1128
--         Current Progress:  21 % - Assembling matrices
Memory: 1019/1064 1072/1128
  18        0.38       1e+04   0.2104588         0.5   35   18   52
--         Current Progress:  21 % - Matrix factorization
Memory: 992/1064 1075/1128
--         Current Progress:  21 % - Assembling matrices
Memory: 1019/1064 1072/1128
  19         1.5     2.5e+04   1.0000000         1.5   36   19   54
--         Current Progress:  21 % - Matrix factorization
Memory: 971/1064 1075/1128
--         Current Progress:  21 % - Solving linear system
Memory: 1012/1064 1066/1128
--         Current Progress:  21 % - Assembling matrices
Memory: 1019/1064 1072/1128
  20        0.13     1.7e+04   0.3834460        0.31   38   20   57
--         Current Progress:  21 % - Matrix factorization
Memory: 960/1064 1075/1128
--         Current Progress:  21 % - Solving linear system
Memory: 1018/1064 1071/1128
  21        0.12     8.1e+03   0.6862509        0.12   39   21   59
--         Current Progress:  21 % - Assembling matrices
Memory: 1017/1064 1071/1128
--         Current Progress:  21 % - Matrix factorization
Memory: 973/1064 1065/1128
--         Current Progress:  21 % - Assembling matrices
Memory: 1019/1064 1072/1128
  22         0.1     4.2e+03   0.6080429        0.25   40   22   61
--         Current Progress:  21 % - Matrix factorization
Memory: 988/1064 1075/1128
--         Current Progress:  21 % - Assembling matrices
Memory: 1019/1064 1072/1128
  23      0.0011     9.7e+02   1.0000000        0.11   41   23   63
--         Current Progress:  22 % - Assembling matrices
Memory: 1017/1064 1071/1128
--         Current Progress:  22 % - Matrix factorization
Memory: 969/1064 1075/1128
--         Current Progress:  22 % - Solving linear system
Memory: 1018/1064 1071/1128
  24     1.2e-05          13   1.0000000      0.0014   42   24   65
--         Current Progress:  22 % - Assembling matrices
Memory: 1017/1064 1071/1128
--         Current Progress:  22 % - Matrix factorization
Memory: 950/1064 1045/1128
--         Current Progress:  22 % - Solving linear system
Memory: 1019/1064 1072/1128
  25     4.8e-09     2.7e-08   1.0000000     1.6e-05   44   25   67
    
Continuation parameter VG = 76.
--         Current Progress:  22 % - Assembling matrices
Memory: 1018/1064 1071/1128
--         Current Progress:  22 % - Matrix factorization
Memory: 982/1064 1075/1128
Iter      SolEst      ResEst     Damping    Stepsize #Res #Jac #Sol
--         Current Progress:  22 % - Assembling matrices
Memory: 1020/1064 1073/1128
   1      0.0019     1.6e+14   1.0000000       0.026   46   26   69
--         Current Progress:  22 % - Matrix factorization
Memory: 961/1064 1078/1128
--         Current Progress:  22 % - Solving linear system
Memory: 1020/1064 1073/1128
   2     2.9e-06         8.5   1.0000000       0.002   47   27   71
--         Current Progress:  22 % - Assembling matrices
Memory: 1019/1064 1073/1128
--         Current Progress:  22 % - Matrix factorization
Memory: 1015/1064 1069/1128
--         Current Progress:  22 % - Assembling matrices
Memory: 1021/1064 1074/1128
   3     6.9e-12     9.9e-08   1.0000000       3e-06   49   28   73
    
Continuation parameter VG = 72.
--         Current Progress:  24 % - Assembling matrices
Memory: 1018/1064 1071/1128
--         Current Progress:  24 % - Matrix factorization
Memory: 980/1064 1075/1128
Iter      SolEst      ResEst     Damping    Stepsize #Res #Jac #Sol
--         Current Progress:  24 % - Assembling matrices
Memory: 1020/1064 1073/1128
   1      0.0021     1.9e+14   1.0000000       0.028   51   29   75
--         Current Progress:  24 % - Matrix factorization
Memory: 963/1064 1078/1128
--         Current Progress:  24 % - Solving linear system
Memory: 1020/1064 1073/1128
   2     3.4e-06           8   1.0000000      0.0022   52   30   77
--         Current Progress:  24 % - Assembling matrices
Memory: 1019/1064 1073/1128
--         Current Progress:  24 % - Matrix factorization
Memory: 981/1064 1067/1128
--         Current Progress:  24 % - Assembling matrices
Memory: 1017/1064 1070/1128
   3     1.1e-11     6.1e-08   1.0000000     3.4e-06   54   31   79
    
Continuation parameter VG = 68.
--         Current Progress:  26 % - Assembling matrices
Memory: 1019/1064 1072/1128
--         Current Progress:  26 % - Matrix factorization
Memory: 980/1064 1076/1128
Iter      SolEst      ResEst     Damping    Stepsize #Res #Jac #Sol
--         Current Progress:  26 % - Assembling matrices
Memory: 1021/1064 1074/1128
   1      0.0024       2e+14   1.0000000        0.03   56   32   81
--         Current Progress:  26 % - Matrix factorization
Memory: 957/1064 1079/1128
--         Current Progress:  26 % - Solving linear system
Memory: 1022/1064 1075/1128
   2     4.1e-06         7.5   1.0000000      0.0025   57   33   83
--         Current Progress:  26 % - Assembling matrices
Memory: 1020/1064 1074/1128
--         Current Progress:  26 % - Matrix factorization
Memory: 997/1064 1078/1128
--         Current Progress:  26 % - Assembling matrices
Memory: 1022/1064 1075/1128
   3     1.5e-11     4.9e-08   1.0000000     4.1e-06   59   34   85
    
Continuation parameter VG = 64.
--         Current Progress:  28 % - Assembling matrices
Memory: 1019/1064 1073/1128
--         Current Progress:  28 % - Matrix factorization
Memory: 990/1064 1077/1128
Iter      SolEst      ResEst     Damping    Stepsize #Res #Jac #Sol
--         Current Progress:  28 % - Assembling matrices
Memory: 1022/1064 1075/1128
   1      0.0028     2.2e+14   1.0000000       0.033   61   35   87
--         Current Progress:  28 % - Matrix factorization
Memory: 1004/1064 1080/1128
--         Current Progress:  28 % - Assembling matrices
Memory: 1019/1064 1072/1128
   2     5.2e-06         7.2   1.0000000      0.0029   62   36   89
--         Current Progress:  28 % - Matrix factorization
Memory: 1017/1064 1079/1128
--         Current Progress:  28 % - Solving linear system
Memory: 1023/1064 1076/1128
   3       2e-11     3.9e-08   1.0000000     5.2e-06   64   37   91
    
Continuation parameter VG = 60.
--         Current Progress:  29 % - Assembling matrices
Memory: 1021/1064 1074/1128
--         Current Progress:  29 % - Matrix factorization
Memory: 996/1064 1078/1128
Iter      SolEst      ResEst     Damping    Stepsize #Res #Jac #Sol
--         Current Progress:  29 % - Assembling matrices
Memory: 1023/1064 1076/1128
   1      0.0032     2.4e+14   1.0000000       0.036   66   38   93
---        Current Progress:  30 % - Assembling matrices
Memory: 1024/1064 1077/1128
---        Current Progress:  30 % - Matrix factorization
Memory: 980/1064 1081/1128
---        Current Progress:  30 % - Solving linear system
Memory: 1019/1064 1072/1128
   2     6.9e-06         7.1   1.0000000      0.0033   67   39   95
---        Current Progress:  30 % - Assembling matrices
Memory: 1022/1064 1076/1128
---        Current Progress:  30 % - Matrix factorization
Memory: 955/1064 1050/1128
---        Current Progress:  30 % - Solving linear system
Memory: 1024/1064 1077/1128
   3     2.5e-11     3.2e-08   1.0000000     6.9e-06   69   40   97
    
Continuation parameter VG = 56.
---        Current Progress:  31 % - Assembling matrices
Memory: 1022/1064 1075/1128
---        Current Progress:  31 % - Matrix factorization
Memory: 989/1064 1079/1128
Iter      SolEst      ResEst     Damping    Stepsize #Res #Jac #Sol
---        Current Progress:  31 % - Assembling matrices
Memory: 1024/1064 1077/1128
   1      0.0036     2.7e+14   1.0000000       0.039   71   41   99
---        Current Progress:  32 % - Assembling matrices
Memory: 1025/1064 1078/1128
---        Current Progress:  32 % - Matrix factorization
Memory: 973/1064 1082/1128
---        Current Progress:  32 % - Solving linear system
Memory: 1024/1064 1077/1128
   2     8.9e-06         7.4   1.0000000      0.0038   72   42  101
---        Current Progress:  32 % - Assembling matrices
---        Current Progress:  32 % - Matrix factorization
Memory: 947/1064 1048/1128
---        Current Progress:  32 % - Solving linear system
Memory: 1025/1064 1078/1128
   3       3e-11     2.7e-08   1.0000000     8.9e-06   74   43  103
    
Continuation parameter VG = 52.
---        Current Progress:  33 % - Assembling matrices
Memory: 1023/1064 1076/1128
---        Current Progress:  33 % - Matrix factorization
Memory: 990/1064 1080/1128
Iter      SolEst      ResEst     Damping    Stepsize #Res #Jac #Sol
---        Current Progress:  33 % - Assembling matrices
Memory: 1025/1064 1078/1128
   1      0.0042     3.1e+14   1.0000000       0.042   76   44  105
---        Current Progress:  34 % - Assembling matrices
Memory: 1026/1064 1079/1128
---        Current Progress:  34 % - Matrix factorization
Memory: 969/1064 1083/1128
---        Current Progress:  34 % - Solving linear system
Memory: 1025/1064 1078/1128
   2     1.1e-05           8   1.0000000      0.0043   77   45  107
---        Current Progress:  34 % - Assembling matrices
---        Current Progress:  34 % - Constraint handling
Memory: 1035/1064 1088/1128
---        Current Progress:  34 % - Matrix factorization
Memory: 1013/1064 1082/1128
---        Current Progress:  34 % - Assembling matrices
Memory: 1026/1064 1080/1128
   3     3.5e-11     2.4e-08   1.0000000     1.1e-05   79   46  109
    
Continuation parameter VG = 48.
---        Current Progress:  35 % - Assembling matrices
Memory: 1024/1064 1077/1128
---        Current Progress:  35 % - Matrix factorization
Memory: 1001/1064 1081/1128
Iter      SolEst      ResEst     Damping    Stepsize #Res #Jac #Sol
---        Current Progress:  35 % - Assembling matrices
Memory: 1026/1064 1080/1128
   1      0.0047     3.6e+14   1.0000000       0.046   81   47  111
---        Current Progress:  36 % - Assembling matrices
Memory: 1027/1064 1080/1128
---        Current Progress:  36 % - Matrix factorization
Memory: 1017/1064 1084/1128
---        Current Progress:  36 % - Assembling matrices
Memory: 1027/1064 1081/1128
   2     1.4e-05         8.9   1.0000000      0.0049   82   48  113
---        Current Progress:  36 % - Matrix factorization
Memory: 964/1064 1083/1128
---        Current Progress:  36 % - Solving linear system
Memory: 1026/1064 1080/1128
   3     3.9e-11     1.9e-08   1.0000000     1.4e-05   84   49  115
    
Continuation parameter VG = 44.
---        Current Progress:  37 % - Assembling matrices
Memory: 1025/1064 1078/1128
---        Current Progress:  37 % - Matrix factorization
Memory: 963/1064 1082/1128
Iter      SolEst      ResEst     Damping    Stepsize #Res #Jac #Sol
---        Current Progress:  37 % - Solving linear system
Memory: 1026/1064 1080/1128
   1      0.0054     4.3e+14   1.0000000        0.05   86   50  117
---        Current Progress:  37 % - Assembling matrices
Memory: 1028/1064 1081/1128
---        Current Progress:  37 % - Matrix factorization
Memory: 982/1064 1085/1128
---        Current Progress:  37 % - Solving linear system
Memory: 1028/1064 1082/1128
   2     1.7e-05         9.7   1.0000000      0.0056   87   51  119
---        Current Progress:  38 % - Assembling sparsity pattern
Memory: 1009/1064 1062/1128
---        Current Progress:  38 % - Assembling matrices
Memory: 1027/1064 1080/1128
---        Current Progress:  38 % - Matrix factorization
Memory: 960/1064 1084/1128
---        Current Progress:  38 % - Solving linear system
Memory: 1025/1064 1080/1128
   3     4.3e-11     1.7e-08   1.0000000     1.7e-05   89   52  121
    
Continuation parameter VG = 40.
---        Current Progress:  39 % - Assembling matrices
Memory: 1018/1064 1071/1128
---        Current Progress:  39 % - Matrix factorization
Memory: 978/1064 1075/1128
Iter      SolEst      ResEst     Damping    Stepsize #Res #Jac #Sol
---        Current Progress:  39 % - Assembling matrices
Memory: 1020/1064 1073/1128
   1       0.006     5.1e+14   1.0000000       0.054   91   53  123
---        Current Progress:  39 % - Matrix factorization
Memory: 960/1064 1078/1128
---        Current Progress:  39 % - Solving linear system
Memory: 1020/1064 1073/1128
   2       2e-05          11   1.0000000      0.0062   92   54  125
----       Current Progress:  40 % - Assembling matrices
----       Current Progress:  40 % - Matrix factorization
Memory: 1006/1064 1077/1128
----       Current Progress:  40 % - Assembling matrices
Memory: 1021/1064 1074/1128
   3     4.6e-11     1.7e-08   1.0000000       2e-05   94   55  127
    
Continuation parameter VG = 36.
----       Current Progress:  41 % - Assembling matrices
Memory: 1016/1064 1069/1128
----       Current Progress:  41 % - Matrix factorization
Memory: 969/1064 1076/1128
Iter      SolEst      ResEst     Damping    Stepsize #Res #Jac #Sol
----       Current Progress:  41 % - Solving linear system
Memory: 1020/1064 1073/1128
   1      0.0066     6.2e+14   1.0000000       0.058   96   56  129
----       Current Progress:  41 % - Assembling matrices
Memory: 1022/1064 1075/1128
----       Current Progress:  41 % - Matrix factorization
Memory: 954/1064 1049/1128
----       Current Progress:  41 % - Solving linear system
Memory: 1022/1064 1075/1128
   2     2.4e-05          11   1.0000000      0.0069   97   57  131
----       Current Progress:  42 % - Assembling matrices
Memory: 1021/1064 1074/1128
----       Current Progress:  42 % - Matrix factorization
Memory: 991/1064 1078/1128
----       Current Progress:  42 % - Assembling matrices
Memory: 1022/1064 1075/1128
   3     4.8e-11     1.5e-08   1.0000000     2.4e-05   99   58  133
    
Continuation parameter VG = 32.
----       Current Progress:  43 % - Assembling matrices
Memory: 1020/1064 1073/1128
----       Current Progress:  43 % - Matrix factorization
Memory: 957/1064 1077/1128
Iter      SolEst      ResEst     Damping    Stepsize #Res #Jac #Sol
----       Current Progress:  43 % - Solving linear system
Memory: 1021/1064 1074/1128
   1      0.0072     7.6e+14   1.0000000       0.061  101   59  135
----       Current Progress:  43 % - Assembling matrices
Memory: 1023/1064 1076/1128
----       Current Progress:  43 % - Matrix factorization
Memory: 1009/1064 1080/1128
----       Current Progress:  43 % - Assembling matrices
Memory: 1023/1064 1076/1128
   2     2.6e-05          12   1.0000000      0.0075  102   60  137
----       Current Progress:  44 % - Assembling matrices
Memory: 1022/1064 1075/1128
----       Current Progress:  44 % - Matrix factorization
Memory: 987/1064 1079/1128
----       Current Progress:  44 % - Assembling matrices
Memory: 1023/1064 1076/1128
   3     4.8e-11     1.5e-08   1.0000000     2.6e-05  104   61  139
    
Continuation parameter VG = 28.
----       Current Progress:  45 % - Assembling matrices
Memory: 1021/1064 1074/1128
----       Current Progress:  45 % - Matrix factorization
Memory: 954/1064 1078/1128
Iter      SolEst      ResEst     Damping    Stepsize #Res #Jac #Sol
----       Current Progress:  45 % - Solving linear system
Memory: 1025/1064 1078/1128
   1      0.0078     9.3e+14   1.0000000       0.065  106   62  141
----       Current Progress:  45 % - Assembling matrices
Memory: 1024/1064 1077/1128
----       Current Progress:  45 % - Matrix factorization
Memory: 1008/1064 1081/1128
----       Current Progress:  45 % - Assembling matrices
Memory: 1024/1064 1077/1128
   2     2.9e-05          13   1.0000000      0.0081  107   63  143
----       Current Progress:  46 % - Assembling matrices
Memory: 1023/1064 1076/1128
----       Current Progress:  46 % - Matrix factorization
Memory: 988/1064 1080/1128
----       Current Progress:  46 % - Assembling matrices
Memory: 1024/1064 1077/1128
   3     4.8e-11     1.5e-08   1.0000000     2.9e-05  109   64  145
    
Continuation parameter VG = 24.
----       Current Progress:  47 % - Assembling matrices
Memory: 1022/1064 1075/1128
----       Current Progress:  47 % - Matrix factorization
Memory: 954/1064 1049/1128
Iter      SolEst      ResEst     Damping    Stepsize #Res #Jac #Sol
----       Current Progress:  47 % - Solving linear system
Memory: 1026/1064 1080/1128
   1      0.0083     1.1e+15   1.0000000       0.069  111   65  147
----       Current Progress:  47 % - Assembling matrices
Memory: 1025/1064 1078/1128
----       Current Progress:  47 % - Matrix factorization
Memory: 1003/1064 1082/1128
----       Current Progress:  47 % - Assembling matrices
Memory: 1025/1064 1079/1128
   2     3.1e-05          13   1.0000000      0.0087  112   66  149
----       Current Progress:  47 % - Matrix factorization
Memory: 976/1064 1081/1128
----       Current Progress:  47 % - Solving linear system
Memory: 1024/1064 1077/1128
----       Current Progress:  47 % - Assembling matrices
Memory: 1024/1064 1078/1128
   3     4.6e-11     1.4e-08   1.0000000     3.1e-05  114   67  151
    
Continuation parameter VG = 20.
----       Current Progress:  49 % - Assembling matrices
Memory: 1023/1064 1076/1128
----       Current Progress:  49 % - Matrix factorization
Memory: 1019/1064 1072/1128
Iter      SolEst      ResEst     Damping    Stepsize #Res #Jac #Sol
----       Current Progress:  49 % - Assembling matrices
Memory: 1025/1064 1079/1128
   1      0.0089     1.4e+15   1.0000000       0.073  116   68  153
----       Current Progress:  49 % - Matrix factorization
Memory: 992/1064 1083/1128
----       Current Progress:  49 % - Assembling matrices
Memory: 1026/1064 1080/1128
   2     3.3e-05          14   1.0000000      0.0093  117   69  155
----       Current Progress:  49 % - Matrix factorization
Memory: 968/1064 1082/1128
----       Current Progress:  49 % - Solving linear system
Memory: 1025/1064 1079/1128
----       Current Progress:  49 % - Assembling matrices
Memory: 1023/1064 1076/1128
   3     4.4e-11     1.5e-08   1.0000000     3.3e-05  119   70  157
    
Continuation parameter VG = 16.
-----      Current Progress:  51 % - Assembling matrices
Memory: 1024/1064 1078/1128
-----      Current Progress:  51 % - Matrix factorization
Memory: 1007/1064 1081/1128
Iter      SolEst      ResEst     Damping    Stepsize #Res #Jac #Sol
-----      Current Progress:  51 % - Assembling matrices
Memory: 1026/1064 1080/1128
   1      0.0093     1.6e+15   1.0000000       0.076  121   71  159
-----      Current Progress:  51 % - Matrix factorization
Memory: 982/1064 1084/1128
-----      Current Progress:  51 % - Solving linear system
Memory: 1023/1064 1076/1128
   2     3.4e-05          14   1.0000000      0.0098  122   72  161
-----      Current Progress:  51 % - Assembling matrices
Memory: 1026/1064 1079/1128
-----      Current Progress:  51 % - Matrix factorization
Memory: 959/1064 1083/1128
-----      Current Progress:  51 % - Solving linear system
Memory: 1023/1064 1079/1128
   3     4.1e-11     1.5e-08   1.0000000     3.4e-05  124   73  163
    
Continuation parameter VG = 12.
-----      Current Progress:  53 % - Assembling matrices
Memory: 1025/1064 1079/1128
-----      Current Progress:  53 % - Matrix factorization
Memory: 992/1064 1082/1128
Iter      SolEst      ResEst     Damping    Stepsize #Res #Jac #Sol
-----      Current Progress:  53 % - Assembling matrices
Memory: 1027/1064 1081/1128
   1      0.0098     1.9e+15   1.0000000       0.079  126   74  165
-----      Current Progress:  53 % - Matrix factorization
Memory: 971/1064 1085/1128
-----      Current Progress:  53 % - Solving linear system
Memory: 1027/1064 1081/1128
   2     3.5e-05          14   1.0000000        0.01  127   75  167
-----      Current Progress:  53 % - Assembling matrices
Memory: 1027/1064 1080/1128
-----      Current Progress:  53 % - Constraint handling
Memory: 1036/1064 1091/1128
-----      Current Progress:  53 % - Matrix factorization
Memory: 1017/1064 1084/1128
-----      Current Progress:  53 % - Assembling matrices
Memory: 1028/1064 1082/1128
   3     3.8e-11     1.6e-08   1.0000000     3.5e-05  129   76  169
-----      Current Progress:  55 % - Constraint handling
Memory: 1019/1064 1072/1128
    
Continuation parameter VG = 8.
-----      Current Progress:  55 % - Assembling matrices
Memory: 1017/1064 1071/1128
-----      Current Progress:  55 % - Matrix factorization
Memory: 960/1064 1075/1128
Iter      SolEst      ResEst     Damping    Stepsize #Res #Jac #Sol
-----      Current Progress:  55 % - Solving linear system
Memory: 1019/1064 1072/1128
   1        0.01     2.2e+15   1.0000000       0.081  131   77  171
-----      Current Progress:  55 % - Assembling matrices
Memory: 1021/1064 1074/1128
-----      Current Progress:  55 % - Matrix factorization
Memory: 1015/1064 1068/1128
-----      Current Progress:  55 % - Assembling matrices
Memory: 1021/1064 1074/1128
   2     3.5e-05          14   1.0000000       0.011  132   78  173
-----      Current Progress:  55 % - Matrix factorization
Memory: 975/1064 1077/1128
-----      Current Progress:  55 % - Solving linear system
Memory: 1020/1064 1073/1128
   3     3.4e-11     1.8e-08   1.0000000     3.5e-05  134   79  175
    
Continuation parameter VG = 4.
-----      Current Progress:  57 % - Assembling matrices
Memory: 1019/1064 1072/1128
-----      Current Progress:  57 % - 
Memory: 1012/1064 1066/1128
-----      Current Progress:  57 % - Matrix factorization
Memory: 987/1064 1076/1128
Iter      SolEst      ResEst     Damping    Stepsize #Res #Jac #Sol
-----      Current Progress:  57 % - Assembling matrices
Memory: 1019/1064 1072/1128
   1        0.01     2.5e+15   1.0000000       0.083  136   80  177
-----      Current Progress:  57 % - Matrix factorization
Memory: 957/1064 1079/1128
-----      Current Progress:  57 % - Assembling matrices
Memory: 1022/1064 1075/1128
   2     3.5e-05          14   1.0000000       0.011  137   81  179
-----      Current Progress:  57 % - Constraint handling
Memory: 1029/1064 1084/1128
-----      Current Progress:  57 % - Matrix factorization
Memory: 1002/1064 1078/1128
-----      Current Progress:  57 % - Assembling matrices
Memory: 1022/1064 1075/1128
   3     2.9e-11     2.8e-08   1.0000000     3.5e-05  139   82  181
    
Continuation parameter VG = 0.
-----      Current Progress:  59 % - Assembling matrices
Memory: 1004/1064 1059/1128
-----      Current Progress:  59 % - Matrix factorization
Memory: 972/1064 1077/1128
Iter      SolEst      ResEst     Damping    Stepsize #Res #Jac #Sol
-----      Current Progress:  59 % - Solving linear system
Memory: 1021/1064 1074/1128
   1       0.011     2.8e+15   1.0000000       0.085  141   83  183
-----      Current Progress:  59 % - Assembling matrices
Memory: 1023/1064 1076/1128
-----      Current Progress:  59 % - Matrix factorization
Memory: 955/1064 1051/1128
-----      Current Progress:  59 % - Assembling matrices
Memory: 1023/1064 1076/1128
   2     3.4e-05          14   1.0000000       0.011  142   84  185
-----      Current Progress:  59 % - Matrix factorization
Memory: 975/1064 1079/1128
-----      Current Progress:  59 % - Solving linear system
Memory: 1016/1064 1070/1128
-----      Current Progress:  59 % - Assembling matrices
Memory: 1022/1064 1075/1128
   3     2.5e-11       2e-08   1.0000000     3.4e-05  144   85  187
    
Continuation parameter VG = -4.
------     Current Progress:  61 % - Assembling matrices
Memory: 1021/1064 1074/1128
------     Current Progress:  61 % - Constraint handling
Memory: 1031/1064 1084/1128
------     Current Progress:  61 % - Matrix factorization
Memory: 1004/1064 1078/1128
Iter      SolEst      ResEst     Damping    Stepsize #Res #Jac #Sol
------     Current Progress:  61 % - Assembling matrices
Memory: 1023/1064 1076/1128
   1       0.011       3e+15   1.0000000       0.086  146   86  189
------     Current Progress:  61 % - Matrix factorization
Memory: 981/1064 1081/1128
------     Current Progress:  61 % - Assembling matrices
Memory: 1021/1064 1074/1128
   2     3.3e-05          14   1.0000000       0.011  147   87  191
------     Current Progress:  61 % - Matrix factorization
Memory: 956/1064 1080/1128
------     Current Progress:  61 % - Solving linear system
Memory: 1021/1064 1079/1128
   3     2.1e-11     2.3e-08   1.0000000     3.3e-05  149   88  193
    
Continuation parameter VG = -8.
------     Current Progress:  63 % - Assembling matrices
Memory: 1022/1064 1075/1128
------     Current Progress:  63 % - Matrix factorization
Memory: 993/1064 1079/1128
Iter      SolEst      ResEst     Damping    Stepsize #Res #Jac #Sol
------     Current Progress:  63 % - Assembling matrices
Memory: 1024/1064 1078/1128
   1       0.011     3.1e+15   1.0000000       0.087  151   89  195
------     Current Progress:  63 % - Matrix factorization
Memory: 972/1064 1082/1128
------     Current Progress:  63 % - Solving linear system
Memory: 1024/1064 1077/1128
   2     3.1e-05          14   1.0000000       0.011  152   90  197
------     Current Progress:  63 % - Assembling matrices
------     Current Progress:  63 % - Matrix factorization
Memory: 952/1064 1009/1128
------     Current Progress:  63 % - Assembling matrices
Memory: 1025/1064 1079/1128
   3     1.7e-11     2.5e-08   1.0000000     3.1e-05  154   91  199
    
Continuation parameter VG = -12.
------     Current Progress:  65 % - Assembling matrices
Memory: 1023/1064 1076/1128
------     Current Progress:  65 % - Matrix factorization
Memory: 984/1064 1080/1128
Iter      SolEst      ResEst     Damping    Stepsize #Res #Jac #Sol
------     Current Progress:  65 % - Assembling matrices
Memory: 1025/1064 1079/1128
   1       0.011       3e+15   1.0000000       0.087  156   92  201
------     Current Progress:  65 % - Matrix factorization
Memory: 964/1064 1083/1128
------     Current Progress:  65 % - Solving linear system
Memory: 1025/1064 1079/1128
   2       3e-05          14   1.0000000       0.011  157   93  203
------     Current Progress:  65 % - Assembling matrices
Memory: 1025/1064 1078/1128
------     Current Progress:  65 % - Matrix factorization
Memory: 1011/1064 1082/1128
------     Current Progress:  65 % - Assembling matrices
Memory: 1026/1064 1080/1128
------     Current Progress:  65 % - Constraint handling
Memory: 1022/1064 1075/1128
   3     1.3e-11     2.9e-08   1.0000000       3e-05  159   94  205
    
Continuation parameter VG = -16.
------     Current Progress:  67 % - Assembling matrices
Memory: 1024/1064 1077/1128
------     Current Progress:  67 % - Matrix factorization
Memory: 975/1064 1081/1128
Iter      SolEst      ResEst     Damping    Stepsize #Res #Jac #Sol
------     Current Progress:  67 % - Solving linear system
Memory: 1025/1064 1079/1128
   1       0.011     3.1e+15   1.0000000       0.087  161   95  207
------     Current Progress:  67 % - Assembling matrices
Memory: 1027/1064 1080/1128
------     Current Progress:  67 % - Matrix factorization
Memory: 959/1064 1084/1128
------     Current Progress:  67 % - Solving linear system
Memory: 1027/1064 1081/1128
   2     2.8e-05          14   1.0000000       0.011  162   96  209
------     Current Progress:  67 % - Assembling matrices
Memory: 1026/1064 1079/1128
------     Current Progress:  67 % - Matrix factorization
Memory: 1006/1064 1083/1128
------     Current Progress:  67 % - Assembling matrices
Memory: 1027/1064 1081/1128
   3       1e-11     3.6e-08   1.0000000     2.8e-05  164   97  211
    
Continuation parameter VG = -20.
------     Current Progress:  69 % - Assembling matrices
Memory: 1025/1064 1078/1128
------     Current Progress:  69 % - Matrix factorization
Memory: 970/1064 1082/1128
Iter      SolEst      ResEst     Damping    Stepsize #Res #Jac #Sol
------     Current Progress:  69 % - Solving linear system
Memory: 1026/1064 1080/1128
   1       0.011     3.1e+15   1.0000000       0.086  166   98  213
------     Current Progress:  69 % - Assembling matrices
Memory: 1028/1064 1081/1128
------     Current Progress:  69 % - Matrix factorization
Memory: 1024/1064 1078/1128
------     Current Progress:  69 % - Assembling matrices
Memory: 1028/1064 1082/1128
   2     2.7e-05          13   1.0000000       0.011  167   99  215
------     Current Progress:  69 % - Matrix factorization
Memory: 994/1064 1084/1128
------     Current Progress:  69 % - Assembling matrices
Memory: 1028/1064 1082/1128
   3     7.9e-12     4.1e-08   1.0000000     2.6e-05  169  100  217
    
Continuation parameter VG = -24.
-------    Current Progress:  71 % - Assembling matrices
Memory: 1018/1064 1071/1128
-------    Current Progress:  71 % - Constraint handling
Memory: 1012/1064 1066/1128
-------    Current Progress:  71 % - Matrix factorization
Memory: 1009/1064 1075/1128
Iter      SolEst      ResEst     Damping    Stepsize #Res #Jac #Sol
-------    Current Progress:  71 % - Assembling matrices
Memory: 1020/1064 1073/1128
   1       0.011     3.1e+15   1.0000000       0.085  171  101  219
-------    Current Progress:  71 % - Assembling sparsity pattern
Memory: 1001/1064 1055/1128
-------    Current Progress:  71 % - Assembling matrices
Memory: 1021/1064 1074/1128
-------    Current Progress:  71 % - Matrix factorization
Memory: 946/1064 977/1128
-------    Current Progress:  71 % - Assembling matrices
Memory: 1021/1064 1074/1128
   2     2.5e-05          13   1.0000000       0.011  172  102  221
-------    Current Progress:  71 % - Matrix factorization
Memory: 995/1064 1077/1128
-------    Current Progress:  71 % - Assembling matrices
Memory: 1021/1064 1074/1128
   3       6e-12     4.5e-08   1.0000000     2.4e-05  174  103  223
    
Continuation parameter VG = -28.
-------    Current Progress:  73 % - Assembling matrices
Memory: 1018/1064 1072/1128
-------    Current Progress:  73 % - Matrix factorization
Memory: 960/1064 1076/1128
Iter      SolEst      ResEst     Damping    Stepsize #Res #Jac #Sol
-------    Current Progress:  73 % - Solving linear system
Memory: 1020/1064 1073/1128
   1        0.01     3.1e+15   1.0000000       0.084  176  104  225
-------    Current Progress:  73 % - Assembling matrices
Memory: 1022/1064 1075/1128
-------    Current Progress:  73 % - Constraint handling
Memory: 1016/1064 1070/1128
-------    Current Progress:  73 % - Matrix factorization
Memory: 1009/1064 1079/1128
-------    Current Progress:  73 % - Assembling matrices
Memory: 1022/1064 1075/1128
   2     2.4e-05          13   1.0000000       0.011  177  105  227
-------    Current Progress:  73 % - Matrix factorization
Memory: 983/1064 1078/1128
-------    Current Progress:  73 % - Assembling matrices
Memory: 1022/1064 1075/1128
   3     4.5e-12     7.9e-08   1.0000000     2.3e-05  179  106  229
    
Continuation parameter VG = -32.
-------    Current Progress:  75 % - Assembling matrices
Memory: 1020/1064 1073/1128
-------    Current Progress:  75 % - Matrix factorization
Memory: 953/1064 1077/1128
Iter      SolEst      ResEst     Damping    Stepsize #Res #Jac #Sol
-------    Current Progress:  75 % - Solving linear system
Memory: 1024/1064 1077/1128
   1        0.01       3e+15   1.0000000       0.082  181  107  231
-------    Current Progress:  75 % - Assembling matrices
Memory: 1023/1064 1076/1128
-------    Current Progress:  75 % - Matrix factorization
Memory: 1003/1064 1080/1128
-------    Current Progress:  75 % - Assembling matrices
Memory: 1023/1064 1076/1128
   2     2.2e-05          12   1.0000000       0.011  182  108  233
-------    Current Progress:  75 % - Matrix factorization
Memory: 984/1064 1079/1128
-------    Current Progress:  75 % - Assembling matrices
Memory: 1023/1064 1076/1128
   3     3.5e-12       6e-08   1.0000000     2.2e-05  184  109  235
    
Continuation parameter VG = -36.
-------    Current Progress:  76 % - Assembling matrices
Memory: 1021/1064 1074/1128
-------    Current Progress:  76 % - Matrix factorization
Memory: 953/1064 1048/1128
Iter      SolEst      ResEst     Damping    Stepsize #Res #Jac #Sol
-------    Current Progress:  76 % - Solving linear system
Memory: 1025/1064 1079/1128
   1      0.0099       3e+15   1.0000000       0.081  186  110  237
-------    Current Progress:  77 % - Assembling matrices
Memory: 1024/1064 1077/1128
-------    Current Progress:  77 % - Matrix factorization
Memory: 1003/1064 1081/1128
-------    Current Progress:  77 % - Assembling matrices
Memory: 1024/1064 1078/1128
   2     2.1e-05          12   1.0000000        0.01  187  111  239
-------    Current Progress:  77 % - Matrix factorization
Memory: 983/1064 1080/1128
-------    Current Progress:  77 % - Assembling matrices
Memory: 1024/1064 1078/1128
   3       3e-12     6.8e-08   1.0000000       2e-05  189  112  241
    
Continuation parameter VG = -40.
-------    Current Progress:  78 % - Assembling matrices
Memory: 1022/1064 1075/1128
-------    Current Progress:  78 % - Matrix factorization
Memory: 954/1064 1049/1128
Iter      SolEst      ResEst     Damping    Stepsize #Res #Jac #Sol
-------    Current Progress:  78 % - Solving linear system
Memory: 1026/1064 1080/1128
   1      0.0096     2.9e+15   1.0000000       0.078  191  113  243
-------    Current Progress:  79 % - Assembling matrices
Memory: 1025/1064 1078/1128
-------    Current Progress:  79 % - Matrix factorization
Memory: 1003/1064 1082/1128
-------    Current Progress:  79 % - Assembling matrices
Memory: 1025/1064 1079/1128
   2       2e-05          11   1.0000000        0.01  192  114  245
-------    Current Progress:  79 % - Matrix factorization
Memory: 979/1064 1081/1128
-------    Current Progress:  79 % - Solving linear system
Memory: 1020/1064 1073/1128
-------    Current Progress:  79 % - Assembling matrices
Memory: 1024/1064 1078/1128
   3     2.8e-12     7.5e-08   1.0000000     1.9e-05  194  115  247
    
Continuation parameter VG = -44.
--------   Current Progress:  80 % - Assembling matrices
Memory: 1023/1064 1076/1128
--------   Current Progress:  80 % - Matrix factorization
Memory: 969/1064 1070/1128
Iter      SolEst      ResEst     Damping    Stepsize #Res #Jac #Sol
--------   Current Progress:  80 % - Assembling matrices
Memory: 1025/1064 1079/1128
   1      0.0092     2.9e+15   1.0000000       0.075  196  116  249
--------   Current Progress:  81 % - Assembling matrices
Memory: 1026/1064 1079/1128
--------   Current Progress:  81 % - Matrix factorization
Memory: 994/1064 1083/1128
--------   Current Progress:  81 % - Assembling matrices
Memory: 1026/1064 1080/1128
   2     1.9e-05          10   1.0000000      0.0097  197  117  251
--------   Current Progress:  81 % - Matrix factorization
Memory: 971/1064 1082/1128
--------   Current Progress:  81 % - Solving linear system
Memory: 1025/1064 1079/1128
   3     2.6e-12     8.3e-08   1.0000000     1.8e-05  199  118  253
    
Continuation parameter VG = -48.
--------   Current Progress:  82 % - Assembling matrices
Memory: 1024/1064 1078/1128
--------   Current Progress:  82 % - 
Memory: 1018/1064 1071/1128
--------   Current Progress:  82 % - Matrix factorization
Memory: 1012/1064 1081/1128
Iter      SolEst      ResEst     Damping    Stepsize #Res #Jac #Sol
--------   Current Progress:  82 % - Assembling matrices
Memory: 1026/1064 1080/1128
   1      0.0089       3e+15   1.0000000       0.072  201  119  255
--------   Current Progress:  83 % - Assembling matrices
Memory: 1027/1064 1080/1128
--------   Current Progress:  83 % - Matrix factorization
Memory: 989/1064 1084/1128
--------   Current Progress:  83 % - Assembling matrices
Memory: 1027/1064 1081/1128
   2     1.8e-05         9.8   1.0000000      0.0094  202  120  257
--------   Current Progress:  83 % - Matrix factorization
Memory: 967/1064 1083/1128
--------   Current Progress:  83 % - Solving linear system
Memory: 1026/1064 1080/1128
   3     2.1e-12     9.7e-08   1.0000000     1.6e-05  204  121  259
    
Continuation parameter VG = -52.
--------   Current Progress:  84 % - Assembling matrices
Memory: 1025/1064 1079/1128
--------   Current Progress:  84 % - Matrix factorization
Memory: 1003/1064 1082/1128
Iter      SolEst      ResEst     Damping    Stepsize #Res #Jac #Sol
--------   Current Progress:  84 % - Assembling matrices
Memory: 1027/1064 1081/1128
   1      0.0086     2.8e+15   1.0000000        0.07  206  122  261
--------   Current Progress:  85 % - Assembling matrices
Memory: 1028/1064 1081/1128
--------   Current Progress:  85 % - Matrix factorization
Memory: 983/1064 1085/1128
--------   Current Progress:  85 % - Assembling matrices
Memory: 1026/1064 1080/1128
   2     1.6e-05         9.2   1.0000000      0.0092  207  123  263
--------   Current Progress:  85 % - Matrix factorization
Memory: 965/1064 1084/1128
--------   Current Progress:  85 % - Solving linear system
Memory: 1027/1064 1081/1128
   3     1.6e-12       1e-07   1.0000000     1.4e-05  209  124  265
    
Continuation parameter VG = -56.
--------   Current Progress:  86 % - Assembling matrices
Memory: 1018/1064 1071/1128
--------   Current Progress:  86 % - Matrix factorization
Memory: 987/1064 1075/1128
Iter      SolEst      ResEst     Damping    Stepsize #Res #Jac #Sol
--------   Current Progress:  86 % - Assembling matrices
Memory: 1020/1064 1073/1128
   1      0.0083     2.9e+15   1.0000000       0.067  211  125  267
--------   Current Progress:  86 % - Matrix factorization
Memory: 970/1064 1078/1128
--------   Current Progress:  86 % - Solving linear system
Memory: 1020/1064 1073/1128
   2     1.4e-05         8.7   1.0000000      0.0089  212  126  269
--------   Current Progress:  87 % - Solving linear system
--------   Current Progress:  87 % - Assembling matrices
--------   Current Progress:  87 % - Matrix factorization
Memory: 952/1064 1047/1128
--------   Current Progress:  87 % - Assembling matrices
Memory: 1017/1064 1070/1128
   3     1.2e-12     9.9e-08   1.0000000     1.2e-05  214  127  271
    
Continuation parameter VG = -60.
--------   Current Progress:  88 % - Assembling matrices
Memory: 1019/1064 1072/1128
--------   Current Progress:  88 % - Matrix factorization
Memory: 984/1064 1076/1128
Iter      SolEst      ResEst     Damping    Stepsize #Res #Jac #Sol
--------   Current Progress:  88 % - Assembling matrices
Memory: 1021/1064 1074/1128
   1      0.0081     2.8e+15   1.0000000       0.065  216  128  273
--------   Current Progress:  88 % - Matrix factorization
Memory: 962/1064 1079/1128
--------   Current Progress:  88 % - Solving linear system
Memory: 1021/1064 1074/1128
   2     1.2e-05         8.2   1.0000000      0.0086  217  129  275
--------   Current Progress:  89 % - Assembling matrices
--------   Current Progress:  89 % - Constraint handling
Memory: 1019/1064 1084/1128
--------   Current Progress:  89 % - Matrix factorization
Memory: 1014/1064 1078/1128
--------   Current Progress:  89 % - Assembling matrices
Memory: 1018/1064 1071/1128
   3     8.6e-13     1.1e-07   1.0000000     1.1e-05  219  130  277
    
Continuation parameter VG = -64.
---------  Current Progress:  90 % - Assembling matrices
Memory: 1020/1064 1073/1128
---------  Current Progress:  90 % - Matrix factorization
Memory: 980/1064 1077/1128
Iter      SolEst      ResEst     Damping    Stepsize #Res #Jac #Sol
---------  Current Progress:  90 % - Assembling matrices
Memory: 1022/1064 1075/1128
   1      0.0078     2.8e+15   1.0000000       0.064  221  131  279
---------  Current Progress:  90 % - Matrix factorization
Memory: 965/1064 1080/1128
---------  Current Progress:  90 % - Solving linear system
Memory: 1022/1064 1075/1128
   2     1.1e-05         7.7   1.0000000      0.0084  222  132  281
---------  Current Progress:  91 % - Assembling matrices
---------  Current Progress:  91 % - Matrix factorization
Memory: 1017/1064 1070/1128
---------  Current Progress:  91 % - Assembling matrices
Memory: 1023/1064 1076/1128
   3     6.2e-13     2.1e-07   1.0000000     9.5e-06  224  133  283
    
Continuation parameter VG = -68.
---------  Current Progress:  92 % - Assembling matrices
Memory: 1021/1064 1074/1128
---------  Current Progress:  92 % - Matrix factorization
Memory: 982/1064 1078/1128
Iter      SolEst      ResEst     Damping    Stepsize #Res #Jac #Sol
---------  Current Progress:  92 % - Assembling matrices
Memory: 1023/1064 1076/1128
   1      0.0076     2.7e+15   1.0000000       0.062  226  134  285
---------  Current Progress:  92 % - Matrix factorization
Memory: 963/1064 1081/1128
---------  Current Progress:  92 % - Solving linear system
Memory: 1023/1064 1076/1128
   2     9.1e-06         7.2   1.0000000      0.0081  227  135  287
---------  Current Progress:  93 % - Assembling matrices
---------  Current Progress:  93 % - Matrix factorization
Memory: 1010/1064 1080/1128
---------  Current Progress:  93 % - Assembling matrices
Memory: 1024/1064 1077/1128
   3     4.3e-13     1.2e-07   1.0000000     8.3e-06  229  136  289
    
Continuation parameter VG = -72.
---------  Current Progress:  94 % - Assembling matrices
Memory: 1022/1064 1075/1128
---------  Current Progress:  94 % - Matrix factorization
Memory: 975/1064 1079/1128
Iter      SolEst      ResEst     Damping    Stepsize #Res #Jac #Sol
---------  Current Progress:  94 % - Solving linear system
Memory: 1023/1064 1076/1128
   1      0.0074     2.6e+15   1.0000000       0.061  231  137  291
---------  Current Progress:  94 % - Assembling matrices
Memory: 1025/1064 1078/1128
---------  Current Progress:  94 % - Matrix factorization
Memory: 957/1064 1053/1128
---------  Current Progress:  94 % - Solving linear system
Memory: 1025/1064 1078/1128
   2     7.9e-06         6.8   1.0000000      0.0079  232  138  293
---------  Current Progress:  95 % - Assembling matrices
Memory: 1024/1064 1077/1128
---------  Current Progress:  95 % - Matrix factorization
Memory: 1004/1064 1081/1128
---------  Current Progress:  95 % - Assembling matrices
Memory: 1025/1064 1078/1128
   3     2.9e-13     1.2e-07   1.0000000     7.2e-06  234  139  295
    
Continuation parameter VG = -76.
---------  Current Progress:  96 % - Assembling matrices
Memory: 1023/1064 1076/1128
---------  Current Progress:  96 % - Matrix factorization
Memory: 973/1064 1080/1128
Iter      SolEst      ResEst     Damping    Stepsize #Res #Jac #Sol
---------  Current Progress:  96 % - Solving linear system
Memory: 1024/1064 1077/1128
   1      0.0071     2.6e+15   1.0000000        0.06  236  140  297
---------  Current Progress:  96 % - Assembling matrices
Memory: 1026/1064 1079/1128
---------  Current Progress:  96 % - Matrix factorization
Memory: 952/1064 1054/1128
---------  Current Progress:  96 % - Solving linear system
Memory: 1025/1064 1083/1128
   2     6.8e-06         6.3   1.0000000      0.0076  237  141  299
---------  Current Progress:  96 % - Assembling matrices
Memory: 1025/1064 1078/1128
---------  Current Progress:  96 % - Matrix factorization
Memory: 995/1064 1082/1128
---------  Current Progress:  96 % - Assembling matrices
Memory: 1026/1064 1080/1128
   3       2e-13     1.3e-07   1.0000000     6.1e-06  239  142  301
    
Continuation parameter VG = -80.
---------  Current Progress:  98 % - Assembling matrices
Memory: 1024/1064 1077/1128
---------  Current Progress:  98 % - Matrix factorization
Memory: 961/1064 1081/1128
Iter      SolEst      ResEst     Damping    Stepsize #Res #Jac #Sol
---------  Current Progress:  98 % - Solving linear system
Memory: 1023/1064 1081/1128
   1      0.0068     2.5e+15   1.0000000       0.059  241  143  303
---------  Current Progress:  98 % - Assembling matrices
Memory: 1027/1064 1080/1128
---------  Current Progress:  98 % - Matrix factorization
Memory: 1015/1064 1084/1128
---------  Current Progress:  98 % - Assembling matrices
Memory: 1027/1064 1081/1128
   2     5.7e-06         5.8   1.0000000      0.0072  242  144  305
---------  Current Progress:  98 % - Matrix factorization
Memory: 988/1064 1083/1128
---------  Current Progress:  98 % - Assembling matrices
Memory: 1027/1064 1081/1128
   3     1.5e-13     1.3e-07   1.0000000     5.1e-06  244  145  307
---------- Current Progress: 100 % - Constraint handling
Memory: 883/1064 914/1128
Solution time: 182 s. (3 minutes, 2 seconds)
Physical memory: 1.05 GB
Virtual memory: 1.11 GB
Ended at Oct 3, 2026, 11:38:40 AM.
----- Stationary Solver 2 in Study 1/Solution 1 (sol1) ------------------------>
VD=0.200000: 41 / 41 nuqta qaytdi (ok=true)
Tayyor: C:\comsol_tranzistor\ish\model\transfer.csv
MPH saqlandi: C:\comsol_tranzistor\ish\model\MoS2Fet_transfer.mph
Class run time: 420 s.
Saving model: C:\comsol_tranzistor\ish\model\MoS2Fet_Model.mph
Save time: 0 s.
Total time: 420 s.
---------- Current Progress: 100 % - Done
Memory: 920/1064 950/1128
