*******************************************
***COMSOL 6.0.0.318 progress output file***
*******************************************
Thu Oct 01 04:23:34 UZT 2026
COMSOL Multiphysics 6.0 (Build: 318) starting in batch mode
Running: C:\comsol_tranzistor\ish\model\MoS2Fet.class
params.txt o'qildi: C:\comsol_tranzistor\ish\model\params.txt
---------- Current Progress: 100 % - Updating selections
Memory: 395/401 418/425
           Current Progress:   0 % - Rectangle
Memory: 407/407 429/429
           Current Progress:   1 % - Rectangle 2
Memory: 408/408 430/430
           Current Progress:   3 % - Rectangle 2a
           Current Progress:   4 % - Polygon
           Current Progress:   5 % - Polygon 2
Memory: 409/409 430/430
           Current Progress:   6 % - Mirror
Memory: 410/410 430/430
-          Current Progress:  19 % - Mirror 2
Memory: 409/410 429/431
---        Current Progress:  31 % - Rectangle 3
Memory: 411/411 431/431
---        Current Progress:  33 % - Ellipse 1
---        Current Progress:  34 % - Ellipse 2
Memory: 410/411 430/432
---        Current Progress:  35 % - Union
----       Current Progress:  43 % - Resolving domains
Memory: 411/411 431/432
----       Current Progress:  48 % - Rectangle 4
Memory: 412/412 432/432
----       Current Progress:  49 % - Intersection
-----      Current Progress:  57 % - Resolving domains
Memory: 412/413 432/433
------     Current Progress:  61 % - Difference 4
-------    Current Progress:  73 % - Resolving domains
Memory: 413/414 433/435
-------    Current Progress:  74 % - Rectangle 5
-------    Current Progress:  75 % - Difference
--------   Current Progress:  86 % - Resolving domains
--------   Current Progress:  88 % - Form Union
---------  Current Progress:  99 % - Resolving domains
Memory: 414/415 434/435
---------- Current Progress: 100 % - Updating selections
Geometriya quruldi. Domenlar soni: 10 (kutilgan: 10)
CHECKPOINT: sel_insulators OK
CHECKPOINT: sel_semi_domains OK
---------- Current Progress: 100 % - Creating visualization mesh
Memory: 426/426 444/444
CHECKPOINT: chegara selectionlari OK
CHECKPOINT: semi yaratildi
CHECKPOINT: semi.selection() -> faqat MoS2
CHECKPOINT: adm1 OK
CHECKPOINT: gc1 OK
CHECKPOINT: sfit (D_it, SurfaceChargeDensity, to'yinuvchi) OK
CHECKPOINT: mc1/mc2 OK
CHECKPOINT: ion holati OK
CHECKPOINT: mesh size features OK
Number of vertex elements: 37
           Current Progress:   6 % - Adjusting boundary mesh
Memory: 490/533 507/550
Number of boundary elements: 15129
-          Current Progress:  14 % - Inserting interior points
Memory: 495/533 522/550
--         Current Progress:  21 % - Inserting interior points
Memory: 497/533 523/550
--         Current Progress:  28 % - Inserting interior points
Memory: 498/533 524/550
---        Current Progress:  36 % - Improving element quality
Memory: 501/533 527/550
------     Current Progress:  67 % - Preparing for advancing front meshing
Memory: 502/533 528/550
-------    Current Progress:  71 % - Inserting interior points
Memory: 503/533 528/550
-------    Current Progress:  74 % - Inserting interior points
---------  Current Progress:  95 % - Preparing for advancing front meshing
Memory: 507/533 532/550
---------  Current Progress:  95 % - Inserting interior points
Memory: 520/533 541/550
---------  Current Progress:  95 % - Improving element quality
Memory: 481/533 500/550
Number of elements: 152778
---------  Current Progress:  99 % - Finalizing mesh
Memory: 506/533 528/550
---------- Current Progress: 100 % - Finalizing mesh
Memory: 470/533 495/550
Minimum element quality: 0.2344
MESH_DOMAINS_TOTAL=10
Model qurildi (mode=transfer).
CHECKPOINT: natijalar papka OK
CHECKPOINT: view1 (full) sozlandi
-----      Current Progress:  50 % - Generating image
Memory: 553/562 565/568
---------- Current Progress: 100 % - Creating visualization mesh
Memory: 564/564 574/574
Eksport: natijalar\geom_full.png
CHECKPOINT: view1 (src edge) sozlandi
-----      Current Progress:  50 % - Generating image
Memory: 716/729 627/629
Eksport: natijalar\geom_source_edge.png
<---- Compile Equations: Semiconductor Equilibrium in Study 1/Solution 1 (sol1) -
Started at Oct 1, 2026, 4:24:02 AM.
Geometry shape function: Linear Lagrange
Running on 11th Gen Intel(R) Core(TM) i7-1165G7 at 2.80 GHz.
Using 1 socket with 4 cores in total on WIN-FNSSP1NOF49.
Available memory: 7.97 GB.
           Current Progress:   2 % - Compile Equations: Semiconductor Equilibrium
Memory: 670/754 662/747
           Current Progress:   3 % - Compile Equations: Semiconductor Equilibrium
Memory: 657/754 648/747
           Current Progress:   3 % - Creating visualization mesh
Memory: 662/754 653/747
Time: 2 s.
Physical memory: 743 MB
Virtual memory: 735 MB
Ended at Oct 1, 2026, 4:24:04 AM.
----- Compile Equations: Semiconductor Equilibrium in Study 1/Solution 1 (sol1) >
<---- Dependent Variables 1 in Study 1/Solution 1 (sol1) -----------------------
Started at Oct 1, 2026, 4:24:04 AM.
           Current Progress:   3 % - Dependent Variables 1
Memory: 673/754 663/747
Solution time: 0 s.
Physical memory: 673 MB
Virtual memory: 664 MB
Ended at Oct 1, 2026, 4:24:04 AM.
----- Dependent Variables 1 in Study 1/Solution 1 (sol1) ---------------------->
<---- Stationary Solver 1 in Study 1/Solution 1 (sol1) -------------------------
Started at Oct 1, 2026, 4:24:04 AM.
Nonlinear solver
Number of degrees of freedom solved for: 138873.
           Current Progress:   5 % - Assembling sparsity pattern
Memory: 693/754 681/747
           Current Progress:   5 % - Assembling matrices
Memory: 651/754 640/747
Nonsymmetric matrix found.
Scales for dependent variables:
Electron solution variable (comp1.Ne): 1e+23
Hole solution variable (comp1.Ph): 2.7e+26
Electric potential (comp1.V): 1.7e+21
Orthonormal null-space function used.
           Current Progress:   5 % - Matrix factorization
Memory: 699/754 701/747
Iter      SolEst      ResEst     Damping    Stepsize #Res #Jac #Sol
           Current Progress:   5 % - Solving linear system
Memory: 745/754 755/758
   1          31     2.3e+16   0.0100000          31    3    1    3
           Current Progress:   9 % - Solving linear system
Memory: 745/754 755/766
           Current Progress:   9 % - Assembling matrices
Memory: 753/761 763/770
           Current Progress:   9 % - Matrix factorization
Memory: 749/763 776/777
           Current Progress:   9 % - Solving linear system
Memory: 773/776 782/785
   2          32       3e+04   0.0341265          34    4    2    5
-          Current Progress:  14 % - Solving linear system
Memory: 766/776 775/787
-          Current Progress:  14 % - Assembling matrices
Memory: 770/778 779/787
-          Current Progress:  14 % - Matrix factorization
Memory: 758/778 783/787
-          Current Progress:  14 % - Solving linear system
Memory: 772/778 781/787
   3         1.5     1.1e+06   0.1702708         4.2    5    3    7
---        Current Progress:  34 % - Assembling matrices
Memory: 769/778 778/787
---        Current Progress:  34 % - Matrix factorization
Memory: 752/778 783/787
---        Current Progress:  34 % - Solving linear system
Memory: 772/778 781/787
   4        0.48     5.2e+05   0.6396382         1.3    6    4    9
---        Current Progress:  34 % - Matrix factorization
Memory: 749/778 783/787
---        Current Progress:  34 % - Solving linear system
Memory: 772/778 781/787
   5       0.084     6.9e+04   1.0000000        0.46    7    5   11
---        Current Progress:  37 % - Matrix factorization
Memory: 708/778 747/787
---        Current Progress:  37 % - Solving linear system
Memory: 732/778 743/787
   6     0.00033     1.1e+02   1.0000000       0.068    8    6   13
----       Current Progress:  46 % - Matrix factorization
Memory: 731/778 739/787
----       Current Progress:  46 % - Solving linear system
Memory: 739/778 748/787
   7     3.5e-08     0.00012   1.0000000     0.00031   10    7   15
-----      Current Progress:  50 % - Constraint handling
Memory: 639/778 628/787
Solution time: 8 s.
Physical memory: 773 MB
Virtual memory: 783 MB
Ended at Oct 1, 2026, 4:24:12 AM.
----- Stationary Solver 1 in Study 1/Solution 1 (sol1) ------------------------>
<---- Compile Equations: Stationary in Study 1/Solution 1 (sol1) ---------------
Started at Oct 1, 2026, 4:24:12 AM.
Geometry shape function: Linear Lagrange
-----      Current Progress:  52 % - Compile Equations: Stationary
Memory: 746/778 739/787
-----      Current Progress:  52 % - Creating visualization mesh
Memory: 732/778 724/787
Time: 2 s.
Physical memory: 746 MB
Virtual memory: 739 MB
Ended at Oct 1, 2026, 4:24:14 AM.
----- Compile Equations: Stationary in Study 1/Solution 1 (sol1) -------------->
<---- Dependent Variables 2 in Study 1/Solution 1 (sol1) -----------------------
Started at Oct 1, 2026, 4:24:14 AM.
Initial values of variables solved for: Solution 1 (sol1), Solution Store 1 (sol2).
Values of variables not solved for: Solution 1 (sol1).
-----      Current Progress:  52 % - Dependent Variables 2
Memory: 745/778 736/787
Solution time: 0 s.
Physical memory: 745 MB
Virtual memory: 736 MB
Ended at Oct 1, 2026, 4:24:14 AM.
----- Dependent Variables 2 in Study 1/Solution 1 (sol1) ---------------------->
<---- Stationary Solver 2 in Study 1/Solution 1 (sol1) -------------------------
Started at Oct 1, 2026, 4:24:14 AM.
Nonlinear solver
Number of degrees of freedom solved for: 138873.
-----      Current Progress:  55 % - Assembling matrices
Memory: 760/778 751/787
-----      Current Progress:  55 % - Assembling sparsity pattern
Memory: 723/778 727/787
-----      Current Progress:  55 % - Assembling matrices
Memory: 777/791 779/796
Nonsymmetric matrix found.
Scales for dependent variables:
Electron solution variable (comp1.Ne): 3.7e+25
Hole solution variable (comp1.Ph): 2.5e+29
Electric potential (comp1.V): 3.5e+19
Orthonormal null-space function used.
-----      Current Progress:  55 % - Matrix factorization
Memory: 804/810 817/825
Iter      SolEst      ResEst     Damping    Stepsize #Res #Jac #Sol
-----      Current Progress:  55 % - Solving linear system
Memory: 876/879 940/940
   1         3.6       1e+05   0.1000000         4.3    2    1    2
-----      Current Progress:  59 % - Assembling sparsity pattern
Memory: 868/884 927/946
-----      Current Progress:  59 % - Assembling matrices
Memory: 896/909 954/967
-----      Current Progress:  59 % - Matrix factorization
Memory: 807/909 924/967
-----      Current Progress:  59 % - Solving linear system
Memory: 861/909 925/967
-----      Current Progress:  59 % - Assembling matrices
Memory: 868/909 927/967
   2        0.24     9.3e+04   0.1000000        0.28    4    2    5
------     Current Progress:  64 % - Assembling sparsity pattern
Memory: 856/909 914/967
------     Current Progress:  64 % - Assembling matrices
Memory: 893/909 951/967
------     Current Progress:  64 % - Matrix factorization
Memory: 864/909 955/967
------     Current Progress:  64 % - Assembling matrices
Memory: 895/909 953/967
   3        0.33       1e+05   0.0613198        0.36    5    3    7
------     Current Progress:  64 % - Matrix factorization
Memory: 830/909 956/967
------     Current Progress:  64 % - Assembling matrices
Memory: 896/909 953/967
   4        0.37       1e+05   0.0283612        0.38    7    4   10
------     Current Progress:  64 % - 
Memory: 888/909 946/967
------     Current Progress:  64 % - Matrix factorization
Memory: 877/909 956/967
------     Current Progress:  64 % - Assembling matrices
Memory: 896/909 953/967
   5        0.39       1e+05   0.0283612         0.4    9    5   13
------     Current Progress:  64 % - Matrix factorization
Memory: 855/909 956/967
------     Current Progress:  64 % - Assembling matrices
Memory: 893/909 950/967
   6         5.2       4e+05   0.2836121          21   10    6   15
------     Current Progress:  64 % - Matrix factorization
Memory: 889/909 946/967
------     Current Progress:  64 % - Assembling matrices
Memory: 896/909 953/967
   7         9.2     3.8e+05   0.0538787         9.8   12    7   18
------     Current Progress:  64 % - Matrix factorization
Memory: 851/909 956/967
------     Current Progress:  64 % - Solving linear system
Memory: 895/909 952/967
   8        0.37     3.8e+05   0.2549821         0.7   13    8   20
---------  Current Progress:  93 % - Solving linear system
Memory: 889/909 946/967
---------  Current Progress:  93 % - Assembling matrices
Memory: 895/909 952/967
---------  Current Progress:  93 % - Matrix factorization
Memory: 871/909 956/967
---------  Current Progress:  93 % - Assembling matrices
Memory: 896/909 953/967
   9        0.14     3.5e+05   0.0935988        0.15   15    9   23
---------  Current Progress:  93 % - Matrix factorization
Memory: 833/909 956/967
---------  Current Progress:  93 % - Solving linear system
Memory: 895/909 952/967
  10        0.14     3.3e+05   0.0844001        0.15   17   10   26
---------  Current Progress:  93 % - Assembling matrices
---------  Current Progress:  93 % - Matrix factorization
Memory: 866/909 956/967
---------  Current Progress:  93 % - Assembling matrices
Memory: 896/909 953/967
  11         1.4     3.3e+05   0.6928637         2.1   18   11   28
---------  Current Progress:  93 % - Matrix factorization
Memory: 820/909 855/967
---------  Current Progress:  93 % - Assembling matrices
Memory: 896/909 953/967
  12        0.16       2e+05   0.4203918        0.25   20   12   31
---------  Current Progress:  94 % - Assembling matrices
Memory: 895/909 952/967
---------  Current Progress:  94 % - Constraint handling
Memory: 889/909 946/967
---------  Current Progress:  94 % - Matrix factorization
Memory: 880/909 956/967
---------  Current Progress:  94 % - Assembling matrices
Memory: 896/909 953/967
  13        0.16     7.7e+04   0.6479437        0.33   21   13   33
---------  Current Progress:  94 % - Matrix factorization
Memory: 833/909 956/967
---------  Current Progress:  94 % - Solving linear system
Memory: 896/909 953/967
  14       0.026       5e+03   1.0000000        0.36   22   14   35
---------  Current Progress:  95 % - Assembling matrices
Memory: 895/909 952/967
---------  Current Progress:  95 % - Matrix factorization
Memory: 863/909 956/967
---------  Current Progress:  95 % - Assembling matrices
Memory: 896/909 953/967
  15     6.4e-05          12   1.0000000       0.029   23   15   37
---------  Current Progress:  99 % - Assembling matrices
Memory: 899/909 955/967
---------  Current Progress:  99 % - Matrix factorization
Memory: 825/911 859/967
---------  Current Progress:  99 % - Assembling matrices
Memory: 901/911 957/967
  16     4.9e-10     1.9e-05   1.0000000     7.2e-05   25   16   39
---------- Current Progress: 100 % - Constraint handling
Memory: 896/911 952/967
Solution time: 24 s.
Physical memory: 901 MB
Virtual memory: 960 MB
Ended at Oct 1, 2026, 4:24:38 AM.
----- Stationary Solver 2 in Study 1/Solution 1 (sol1) ------------------------>
<---- Compile Equations: Semiconductor Equilibrium in Study 1/Solution 1 (sol1) -
Started at Oct 1, 2026, 4:24:39 AM.
Geometry shape function: Linear Lagrange
Running on 11th Gen Intel(R) Core(TM) i7-1165G7 at 2.80 GHz.
Using 1 socket with 4 cores in total on WIN-FNSSP1NOF49.
Available memory: 7.97 GB.
           Current Progress:   2 % - Compile Equations: Semiconductor Equilibrium
Memory: 847/911 880/967
           Current Progress:   3 % - Compile Equations: Semiconductor Equilibrium
Memory: 815/911 848/967
           Current Progress:   3 % - Creating visualization mesh
Memory: 820/911 853/967
Time: 1 s.
Physical memory: 847 MB
Virtual memory: 880 MB
Ended at Oct 1, 2026, 4:24:40 AM.
----- Compile Equations: Semiconductor Equilibrium in Study 1/Solution 1 (sol1) >
<---- Dependent Variables 1 in Study 1/Solution 1 (sol1) -----------------------
Started at Oct 1, 2026, 4:24:40 AM.
           Current Progress:   3 % - Dependent Variables 1
Memory: 825/911 859/967
Solution time: 0 s.
Physical memory: 825 MB
Virtual memory: 859 MB
Ended at Oct 1, 2026, 4:24:40 AM.
----- Dependent Variables 1 in Study 1/Solution 1 (sol1) ---------------------->
<---- Stationary Solver 1 in Study 1/Solution 1 (sol1) -------------------------
Started at Oct 1, 2026, 4:24:40 AM.
Nonlinear solver
Number of degrees of freedom solved for: 138873.
           Current Progress:   5 % - Assembling sparsity pattern
Memory: 835/911 868/967
Nonsymmetric matrix found.
Scales for dependent variables:
Electron solution variable (comp1.Ne): 1e+23
Hole solution variable (comp1.Ph): 9e+23
Electric potential (comp1.V): 7.5e+20
           Current Progress:   5 % - Constraint handling
Memory: 846/911 879/967
Orthonormal null-space function used.
           Current Progress:   5 % - Matrix factorization
Memory: 869/911 913/967
Iter      SolEst      ResEst     Damping    Stepsize #Res #Jac #Sol
           Current Progress:   5 % - Assembling matrices
Memory: 911/916 962/969
           Current Progress:   9 % - Assembling matrices
Memory: 918/919 968/972
   1          45     8.6e+19   0.0001000          46    4    1    4
           Current Progress:   9 % - Assembling sparsity pattern
Memory: 908/919 959/972
           Current Progress:   9 % - Matrix factorization
Memory: 890/924 971/975
           Current Progress:   9 % - Assembling matrices
Memory: 918/924 968/975
           Current Progress:   9 % - Solving linear system
Memory: 919/924 969/975
           Current Progress:   9 % - Assembling matrices
Memory: 918/924 968/975
   2          46     1.2e+09   0.0010000          45    7    2    8
-          Current Progress:  14 % - Assembling sparsity pattern
Memory: 908/924 960/975
-          Current Progress:  14 % - Constraint handling
Memory: 920/924 970/975
-          Current Progress:  14 % - Matrix factorization
Memory: 913/924 971/975
-          Current Progress:  14 % - Assembling matrices
Memory: 919/924 969/975
   3          46     8.8e+10   0.0009795          47    8    3   10
-          Current Progress:  14 % - Matrix factorization
Memory: 792/924 881/984
-          Current Progress:  14 % - Solving linear system
Memory: 813/924 879/984
-          Current Progress:  14 % - Assembling matrices
Memory: 814/924 880/984
   4          49     8.9e+10   0.0010000          48   11    4   14
-          Current Progress:  14 % - Matrix factorization
Memory: 800/924 883/984
-          Current Progress:  14 % - Solving linear system
Memory: 814/924 881/984
   5          48       2e+11   0.0010149          49   12    5   16
--         Current Progress:  21 % - Assembling matrices
Memory: 812/924 878/984
--         Current Progress:  21 % - Matrix factorization
Memory: 795/924 885/984
--         Current Progress:  21 % - Solving linear system
Memory: 816/924 883/984
   6          48     2.8e+11   0.0010137          49   13    6   18
--         Current Progress:  21 % - Matrix factorization
Memory: 789/924 885/984
--         Current Progress:  21 % - Solving linear system
Memory: 816/924 883/984
   7          46     2.8e+11   0.0001000          46   16    7   22
--         Current Progress:  26 % - Solving linear system
Memory: 808/924 875/984
--         Current Progress:  26 % - Matrix factorization
Memory: 791/924 885/984
--         Current Progress:  26 % - Solving linear system
Memory: 816/924 883/984
   8          49     2.8e+11   0.0010000          48   19    8   26
--         Current Progress:  26 % - Assembling matrices
Memory: 813/924 881/984
--         Current Progress:  26 % - Matrix factorization
Memory: 793/924 885/984
--         Current Progress:  26 % - Solving linear system
Memory: 816/924 883/984
   9          53     4.5e+11   0.0010000          52   22    9   30
--         Current Progress:  26 % - Assembling matrices
Memory: 813/924 881/984
--         Current Progress:  26 % - Matrix factorization
Memory: 799/924 885/984
--         Current Progress:  26 % - Solving linear system
Memory: 816/924 883/984
  10          46     3.5e+12   0.0005837          46   23   10   32
---        Current Progress:  33 % - Matrix factorization
Memory: 790/924 885/984
---        Current Progress:  33 % - Solving linear system
Memory: 817/924 884/984
  11          48     3.1e+13   0.0002498          48   24   11   34
---        Current Progress:  33 % - Assembling matrices
Memory: 814/924 882/984
---        Current Progress:  33 % - Matrix factorization
Memory: 801/924 885/984
---        Current Progress:  33 % - Solving linear system
Memory: 816/924 883/984
  12     6.4e+23     1.8e+16   0.0010000     5.2e+02   26   12   37
---        Current Progress:  33 % - Assembling matrices
Memory: 813/924 881/984
---        Current Progress:  33 % - Matrix factorization
Memory: 794/924 885/984
---        Current Progress:  33 % - Solving linear system
Memory: 816/924 883/984
-----      Current Progress:  50 % - 
Memory: 712/924 744/984
Solution time: 15 s.
Physical memory: 920 MB
Virtual memory: 971 MB
Ended at Oct 1, 2026, 4:24:55 AM.
----- Stationary Solver 1 in Study 1/Solution 1 (sol1) ------------------------>
Dit_scale=0.0200000: birinchi urinish muvaffaqiyatsiz (The_following_feature_has_encountered_a_problem), tozalab qayta urinamiz.
<---- Compile Equations: Semiconductor Equilibrium in Study 1/Solution 1 (sol1) -
Started at Oct 1, 2026, 4:24:56 AM.
Geometry shape function: Linear Lagrange
Running on 11th Gen Intel(R) Core(TM) i7-1165G7 at 2.80 GHz.
Using 1 socket with 4 cores in total on WIN-FNSSP1NOF49.
Available memory: 7.97 GB.
           Current Progress:   2 % - Compile Equations: Semiconductor Equilibrium
Memory: 743/924 771/984
           Current Progress:   3 % - Compile Equations: Semiconductor Equilibrium
Memory: 732/924 761/984
           Current Progress:   3 % - Creating visualization mesh
Time: 2 s.
Physical memory: 743 MB
Virtual memory: 771 MB
Ended at Oct 1, 2026, 4:24:57 AM.
----- Compile Equations: Semiconductor Equilibrium in Study 1/Solution 1 (sol1) >
<---- Dependent Variables 1 in Study 1/Solution 1 (sol1) -----------------------
Started at Oct 1, 2026, 4:24:57 AM.
           Current Progress:   3 % - Dependent Variables 1
Memory: 741/924 768/984
Solution time: 0 s.
Physical memory: 741 MB
Virtual memory: 768 MB
Ended at Oct 1, 2026, 4:24:58 AM.
----- Dependent Variables 1 in Study 1/Solution 1 (sol1) ---------------------->
<---- Stationary Solver 1 in Study 1/Solution 1 (sol1) -------------------------
Started at Oct 1, 2026, 4:24:58 AM.
Nonlinear solver
Number of degrees of freedom solved for: 138873.
           Current Progress:   5 % - Assembling sparsity pattern
Memory: 755/924 782/984
Nonsymmetric matrix found.
Scales for dependent variables:
Electron solution variable (comp1.Ne): 1e+23
Hole solution variable (comp1.Ph): 9e+23
Electric potential (comp1.V): 7.5e+20
Orthonormal null-space function used.
           Current Progress:   5 % - Matrix factorization
Memory: 783/924 824/984
Iter      SolEst      ResEst     Damping    Stepsize #Res #Jac #Sol
           Current Progress:   5 % - Assembling matrices
Memory: 833/924 879/984
           Current Progress:   9 % - Assembling matrices
Memory: 836/924 881/984
           Current Progress:   9 % - Solving linear system
Memory: 837/924 882/984
   1          47     8.5e+19   0.0010000          46    5    1    5
           Current Progress:   9 % - Assembling matrices
Memory: 834/924 878/984
           Current Progress:   9 % - Matrix factorization
Memory: 819/924 883/984
           Current Progress:   9 % - Solving linear system
Memory: 833/924 877/984
   2          47     7.8e+08   0.0010000          47    8    2    9
-          Current Progress:  14 % - Assembling sparsity pattern
Memory: 817/924 861/984
-          Current Progress:  14 % - Assembling matrices
Memory: 830/924 874/984
-          Current Progress:  14 % - Matrix factorization
Memory: 825/924 879/984
-          Current Progress:  14 % - Assembling matrices
Memory: 833/924 877/984
   3          46     1.6e+09   0.0009064          47    9    3   11
-          Current Progress:  17 % - Assembling matrices
Memory: 830/924 874/984
-          Current Progress:  17 % - Matrix factorization
Memory: 815/924 879/984
-          Current Progress:  17 % - Solving linear system
Memory: 833/924 877/984
-          Current Progress:  17 % - Assembling matrices
-          Current Progress:  17 % - Solving linear system
Memory: 834/924 878/984
   4          47     1.6e+09   0.0010000          46   12    4   15
-          Current Progress:  17 % - Assembling matrices
Memory: 827/924 872/984
-          Current Progress:  17 % - Matrix factorization
Memory: 824/924 879/984
-          Current Progress:  17 % - Solving linear system
Memory: 833/924 877/984
   5          48     2.1e+09   0.0001000          48   14    5   18
-          Current Progress:  17 % - Matrix factorization
Memory: 807/924 879/984
-          Current Progress:  17 % - Solving linear system
Memory: 833/924 877/984
   6          48     2.1e+09   0.0010000          48   17    6   22
-          Current Progress:  17 % - Assembling matrices
Memory: 830/924 874/984
-          Current Progress:  17 % - Matrix factorization
Memory: 811/924 879/984
-          Current Progress:  17 % - Solving linear system
Memory: 833/924 877/984
   7          48     3.7e+09   0.0009709          48   18    7   24
--         Current Progress:  25 % - Matrix factorization
Memory: 806/924 879/984
--         Current Progress:  25 % - Solving linear system
Memory: 830/924 876/984
   8          51     3.7e+09   0.0010000          51   21    8   28
--         Current Progress:  25 % - Assembling matrices
Memory: 830/924 874/984
--         Current Progress:  25 % - Matrix factorization
Memory: 810/924 879/984
--         Current Progress:  25 % - Solving linear system
Memory: 833/924 877/984
--         Current Progress:  25 % - Assembling matrices
Memory: 830/924 875/984
   9          59     6.9e+09   0.0010000          57   24    9   32
--         Current Progress:  25 % - Matrix factorization
Memory: 812/924 879/984
--         Current Progress:  25 % - Solving linear system
Memory: 833/924 877/984
  10       5e+02     6.4e+10   0.0010000     3.8e+02   26   10   35
--         Current Progress:  25 % - Matrix factorization
Memory: 809/924 879/984
--         Current Progress:  25 % - Solving linear system
Memory: 833/924 877/984
-----      Current Progress:  50 % - 
Memory: 657/924 685/984
Solution time: 14 s.
Physical memory: 837 MB
Virtual memory: 883 MB
Ended at Oct 1, 2026, 4:25:11 AM.
----- Stationary Solver 1 in Study 1/Solution 1 (sol1) ------------------------>
Dit_scale=0.0200000: OGOHLANTIRISH - hali ham yaqinlashmadi: The_following_feature_has_encountered_a_problem
<---- Compile Equations: Semiconductor Equilibrium in Study 1/Solution 1 (sol1) -
Started at Oct 1, 2026, 4:25:11 AM.
Geometry shape function: Linear Lagrange
Running on 11th Gen Intel(R) Core(TM) i7-1165G7 at 2.80 GHz.
Using 1 socket with 4 cores in total on WIN-FNSSP1NOF49.
Available memory: 7.97 GB.
           Current Progress:   2 % - Compile Equations: Semiconductor Equilibrium
Memory: 769/924 799/984
           Current Progress:   3 % - Compile Equations: Semiconductor Equilibrium
Memory: 760/924 791/984
           Current Progress:   3 % - Creating visualization mesh
Time: 1 s.
Physical memory: 769 MB
Virtual memory: 799 MB
Ended at Oct 1, 2026, 4:25:13 AM.
----- Compile Equations: Semiconductor Equilibrium in Study 1/Solution 1 (sol1) >
<---- Dependent Variables 1 in Study 1/Solution 1 (sol1) -----------------------
Started at Oct 1, 2026, 4:25:13 AM.
           Current Progress:   3 % - Dependent Variables 1
Memory: 765/924 795/984
Solution time: 0 s.
Physical memory: 765 MB
Virtual memory: 795 MB
Ended at Oct 1, 2026, 4:25:13 AM.
----- Dependent Variables 1 in Study 1/Solution 1 (sol1) ---------------------->
<---- Stationary Solver 1 in Study 1/Solution 1 (sol1) -------------------------
Started at Oct 1, 2026, 4:25:13 AM.
Nonlinear solver
Number of degrees of freedom solved for: 138873.
           Current Progress:   5 % - Assembling sparsity pattern
Memory: 776/924 806/984
Nonsymmetric matrix found.
Scales for dependent variables:
Electron solution variable (comp1.Ne): 1e+23
Hole solution variable (comp1.Ph): 1e+24
Electric potential (comp1.V): 7.6e+20
Orthonormal null-space function used.
           Current Progress:   5 % - Matrix factorization
Memory: 784/924 814/984
Iter      SolEst      ResEst     Damping    Stepsize #Res #Jac #Sol
           Current Progress:   5 % - Solving linear system
Memory: 854/924 901/984
           Current Progress:   9 % - Assembling matrices
Memory: 856/924 903/984
           Current Progress:   9 % - Solving linear system
Memory: 857/924 904/984
   1          85     1.9e+20   0.0010000          81    5    1    5
           Current Progress:   9 % - Assembling sparsity pattern
Memory: 842/924 889/984
           Current Progress:   9 % - Assembling matrices
Memory: 857/924 903/984
           Current Progress:   9 % - Matrix factorization
Memory: 845/924 908/984
           Current Progress:   9 % - Assembling matrices
Memory: 858/924 905/984
   2          92     1.9e+09   0.0003592          95    6    2    7
-          Current Progress:  14 % - Assembling sparsity pattern
Memory: 845/924 891/984
-          Current Progress:  14 % - Constraint handling
Memory: 858/924 907/984
-          Current Progress:  14 % - Matrix factorization
Memory: 852/924 907/984
-          Current Progress:  14 % - Assembling matrices
Memory: 858/924 905/984
   3          81     2.2e+09   0.0003041          87    7    3    9
--         Current Progress:  20 % - Assembling matrices
Memory: 856/924 902/984
--         Current Progress:  20 % - Matrix factorization
Memory: 843/924 907/984
--         Current Progress:  20 % - Assembling matrices
Memory: 854/924 902/984
--         Current Progress:  20 % - Solving linear system
Memory: 857/924 909/984
   4          89     2.7e+09   0.0010000          90   10    4   13
--         Current Progress:  20 % - Assembling matrices
Memory: 856/924 902/984
--         Current Progress:  20 % - Matrix factorization
Memory: 848/924 907/984
--         Current Progress:  20 % - Assembling matrices
Memory: 858/924 905/984
   5         inf     6.6e+27   0.0010000     1.8e+05   12    5   16
--         Current Progress:  20 % - Matrix factorization
Memory: 847/924 907/984
--         Current Progress:  20 % - Solving linear system
Memory: 853/924 899/984
--         Current Progress:  20 % - Assembling matrices
Memory: 859/924 905/984
   6          58      2e+173   0.0010000          61   14    6   19
----       Current Progress:  49 % - Assembling matrices
Memory: 856/924 902/984
----       Current Progress:  49 % - Matrix factorization
Memory: 845/924 907/984
----       Current Progress:  49 % - Solving linear system
Memory: 859/924 905/984
-----      Current Progress:  50 % - 
Memory: 772/924 800/984
Solution time: 9 s.
Physical memory: 859 MB
Virtual memory: 909 MB
Ended at Oct 1, 2026, 4:25:22 AM.
----- Stationary Solver 1 in Study 1/Solution 1 (sol1) ------------------------>
Dit_scale=0.0500000: birinchi urinish muvaffaqiyatsiz (The_following_feature_has_encountered_a_problem), tozalab qayta urinamiz.
<---- Compile Equations: Semiconductor Equilibrium in Study 1/Solution 1 (sol1) -
Started at Oct 1, 2026, 4:25:22 AM.
Geometry shape function: Linear Lagrange
Running on 11th Gen Intel(R) Core(TM) i7-1165G7 at 2.80 GHz.
Using 1 socket with 4 cores in total on WIN-FNSSP1NOF49.
Available memory: 7.97 GB.
           Current Progress:   2 % - Compile Equations: Semiconductor Equilibrium
Memory: 735/924 764/984
           Current Progress:   3 % - Compile Equations: Semiconductor Equilibrium
Memory: 726/924 755/984
           Current Progress:   3 % - Creating visualization mesh
Memory: 730/924 758/984
Time: 2 s.
Physical memory: 735 MB
Virtual memory: 764 MB
Ended at Oct 1, 2026, 4:25:23 AM.
----- Compile Equations: Semiconductor Equilibrium in Study 1/Solution 1 (sol1) >
<---- Dependent Variables 1 in Study 1/Solution 1 (sol1) -----------------------
Started at Oct 1, 2026, 4:25:23 AM.
           Current Progress:   3 % - Dependent Variables 1
Memory: 735/924 763/984
Solution time: 0 s.
Physical memory: 735 MB
Virtual memory: 763 MB
Ended at Oct 1, 2026, 4:25:23 AM.
----- Dependent Variables 1 in Study 1/Solution 1 (sol1) ---------------------->
<---- Stationary Solver 1 in Study 1/Solution 1 (sol1) -------------------------
Started at Oct 1, 2026, 4:25:23 AM.
Nonlinear solver
Number of degrees of freedom solved for: 138873.
           Current Progress:   5 % - Assembling sparsity pattern
Memory: 755/924 782/984
Nonsymmetric matrix found.
Scales for dependent variables:
Electron solution variable (comp1.Ne): 1e+23
Hole solution variable (comp1.Ph): 1e+24
Electric potential (comp1.V): 7.6e+20
Orthonormal null-space function used.
           Current Progress:   5 % - Constraint handling
Memory: 765/924 796/984
           Current Progress:   5 % - Matrix factorization
Memory: 784/924 823/984
Iter      SolEst      ResEst     Damping    Stepsize #Res #Jac #Sol
           Current Progress:   5 % - Solving linear system
Memory: 830/924 875/984
           Current Progress:   9 % - Assembling matrices
Memory: 828/924 874/984
           Current Progress:   9 % - Solving linear system
Memory: 833/924 878/984
   1          84     1.9e+20   0.0010000          81    5    1    5
           Current Progress:   9 % - Assembling matrices
Memory: 766/924 814/984
           Current Progress:   9 % - Matrix factorization
Memory: 752/924 820/984
           Current Progress:   9 % - Solving linear system
Memory: 769/924 820/984
   2       2e+02     1.6e+09   0.0010000          98    8    2    9
-          Current Progress:  14 % - Assembling sparsity pattern
Memory: 754/924 806/984
-          Current Progress:  14 % - Assembling matrices
Memory: 770/924 821/984
-          Current Progress:  14 % - Matrix factorization
Memory: 758/924 826/984
-          Current Progress:  14 % - Assembling matrices
Memory: 771/924 821/984
   3          94     3.7e+09   0.0004662          98    9    3   11
--         Current Progress:  25 % - Assembling matrices
Memory: 770/924 821/984
--         Current Progress:  25 % - Matrix factorization
Memory: 754/924 826/984
--         Current Progress:  25 % - Solving linear system
Memory: 773/924 824/984
   4          89     7.3e+09   0.0003628          90   10    4   13
--         Current Progress:  25 % - Matrix factorization
Memory: 749/924 826/984
--         Current Progress:  25 % - Solving linear system
Memory: 773/924 824/984
   5          90     1.7e+10   0.0001000          90   12    5   16
--         Current Progress:  25 % - Matrix factorization
Memory: 746/924 826/984
--         Current Progress:  25 % - Solving linear system
Memory: 773/924 824/984
   6          84     4.4e+11   0.0001000          87   13    6   18
--         Current Progress:  25 % - Matrix factorization
Memory: 738/924 784/984
--         Current Progress:  25 % - Solving linear system
Memory: 774/924 826/984
   7         inf     6.3e+31   0.0010000     6.3e+03   15    7   21
--         Current Progress:  25 % - 
Memory: 767/924 819/984
--         Current Progress:  25 % - Matrix factorization
Memory: 767/924 827/984
--         Current Progress:  25 % - Assembling matrices
Memory: 773/924 825/984
-----      Current Progress:  50 % - 
Memory: 661/924 689/984
Solution time: 11 s.
Physical memory: 833 MB
Virtual memory: 878 MB
Ended at Oct 1, 2026, 4:25:34 AM.
----- Stationary Solver 1 in Study 1/Solution 1 (sol1) ------------------------>
Dit_scale=0.0500000: OGOHLANTIRISH - hali ham yaqinlashmadi: The_following_feature_has_encountered_a_problem
<---- Compile Equations: Semiconductor Equilibrium in Study 1/Solution 1 (sol1) -
Started at Oct 1, 2026, 4:25:34 AM.
Geometry shape function: Linear Lagrange
Running on 11th Gen Intel(R) Core(TM) i7-1165G7 at 2.80 GHz.
Using 1 socket with 4 cores in total on WIN-FNSSP1NOF49.
Available memory: 7.97 GB.
           Current Progress:   2 % - Compile Equations: Semiconductor Equilibrium
Memory: 743/924 772/984
           Current Progress:   3 % - Compile Equations: Semiconductor Equilibrium
Memory: 752/924 781/984
           Current Progress:   3 % - Creating visualization mesh
Time: 1 s.
Physical memory: 753 MB
Virtual memory: 783 MB
Ended at Oct 1, 2026, 4:25:35 AM.
----- Compile Equations: Semiconductor Equilibrium in Study 1/Solution 1 (sol1) >
<---- Dependent Variables 1 in Study 1/Solution 1 (sol1) -----------------------
Started at Oct 1, 2026, 4:25:35 AM.
           Current Progress:   3 % - Dependent Variables 1
Memory: 760/924 789/984
Solution time: 0 s.
Physical memory: 762 MB
Virtual memory: 791 MB
Ended at Oct 1, 2026, 4:25:35 AM.
----- Dependent Variables 1 in Study 1/Solution 1 (sol1) ---------------------->
<---- Stationary Solver 1 in Study 1/Solution 1 (sol1) -------------------------
Started at Oct 1, 2026, 4:25:36 AM.
Nonlinear solver
Number of degrees of freedom solved for: 138873.
           Current Progress:   5 % - Assembling sparsity pattern
Memory: 773/924 801/984
           Current Progress:   5 % - Assembling matrices
Memory: 777/924 806/984
Nonsymmetric matrix found.
Scales for dependent variables:
Electron solution variable (comp1.Ne): 1e+23
Hole solution variable (comp1.Ph): 1.1e+24
Electric potential (comp1.V): 7.8e+20
Orthonormal null-space function used.
           Current Progress:   5 % - Matrix factorization
Memory: 806/924 846/984
Iter      SolEst      ResEst     Damping    Stepsize #Res #Jac #Sol
           Current Progress:   5 % - Solving linear system
Memory: 852/924 898/984
           Current Progress:   9 % - Solving linear system
Memory: 855/924 901/984
   1     1.8e+02     2.3e+22   0.0010000     1.9e+02    3    1    3
           Current Progress:   9 % - Assembling matrices
Memory: 852/924 899/984
           Current Progress:   9 % - Matrix factorization
Memory: 841/924 904/984
           Current Progress:   9 % - Assembling matrices
Memory: 852/924 899/984
   2     1.4e+02     1.9e+10   0.0006707     1.4e+02    4    2    5
-          Current Progress:  14 % - Assembling sparsity pattern
Memory: 838/924 885/984
-          Current Progress:  14 % - Assembling matrices
Memory: 851/924 898/984
-          Current Progress:  14 % - Matrix factorization
Memory: 844/924 902/984
-          Current Progress:  14 % - Assembling matrices
Memory: 853/924 900/984
   3     8.6e+08     7.5e+10   0.0010000     4.1e+02    6    3    8
-          Current Progress:  14 % - Matrix factorization
Memory: 843/924 902/984
-          Current Progress:  14 % - Assembling matrices
Memory: 853/924 900/984
-----      Current Progress:  50 % - 
Memory: 768/924 797/984
Solution time: 5 s.
Physical memory: 855 MB
Virtual memory: 904 MB
Ended at Oct 1, 2026, 4:25:41 AM.
----- Stationary Solver 1 in Study 1/Solution 1 (sol1) ------------------------>
Dit_scale=0.100000: birinchi urinish muvaffaqiyatsiz (The_following_feature_has_encountered_a_problem), tozalab qayta urinamiz.
<---- Compile Equations: Semiconductor Equilibrium in Study 1/Solution 1 (sol1) -
Started at Oct 1, 2026, 4:25:41 AM.
Geometry shape function: Linear Lagrange
Running on 11th Gen Intel(R) Core(TM) i7-1165G7 at 2.80 GHz.
Using 1 socket with 4 cores in total on WIN-FNSSP1NOF49.
Available memory: 7.97 GB.
           Current Progress:   3 % - Compile Equations: Semiconductor Equilibrium
Memory: 731/924 760/984
           Current Progress:   3 % - Creating visualization mesh
Time: 1 s.
Physical memory: 735 MB
Virtual memory: 764 MB
Ended at Oct 1, 2026, 4:25:42 AM.
----- Compile Equations: Semiconductor Equilibrium in Study 1/Solution 1 (sol1) >
<---- Dependent Variables 1 in Study 1/Solution 1 (sol1) -----------------------
Started at Oct 1, 2026, 4:25:42 AM.
           Current Progress:   3 % - Dependent Variables 1
Memory: 739/924 768/984
Solution time: 0 s.
Physical memory: 739 MB
Virtual memory: 768 MB
Ended at Oct 1, 2026, 4:25:42 AM.
----- Dependent Variables 1 in Study 1/Solution 1 (sol1) ---------------------->
<---- Stationary Solver 1 in Study 1/Solution 1 (sol1) -------------------------
Started at Oct 1, 2026, 4:25:42 AM.
Nonlinear solver
Number of degrees of freedom solved for: 138873.
           Current Progress:   5 % - Assembling sparsity pattern
Memory: 753/924 781/984
Nonsymmetric matrix found.
Scales for dependent variables:
Electron solution variable (comp1.Ne): 1e+23
Hole solution variable (comp1.Ph): 1.1e+24
Electric potential (comp1.V): 7.8e+20
Orthonormal null-space function used.
           Current Progress:   5 % - Matrix factorization
Memory: 782/924 824/984
Iter      SolEst      ResEst     Damping    Stepsize #Res #Jac #Sol
           Current Progress:   5 % - Assembling matrices
Memory: 833/924 877/984
           Current Progress:   9 % - Solving linear system
Memory: 836/924 881/984
   1     1.5e+02     3.9e+20   0.0010000     1.5e+02    5    1    5
           Current Progress:   9 % - Assembling matrices
Memory: 834/924 878/984
           Current Progress:   9 % - Matrix factorization
Memory: 819/924 883/984
           Current Progress:   9 % - Solving linear system
Memory: 835/924 880/984
           Current Progress:   9 % - Assembling matrices
   2     5.8e+02     2.9e+09   0.0010000     4.6e+02    8    2    9
-          Current Progress:  14 % - Assembling sparsity pattern
Memory: 822/924 866/984
-          Current Progress:  14 % - Assembling matrices
Memory: 833/924 877/984
-          Current Progress:  14 % - Matrix factorization
Memory: 818/924 882/984
-          Current Progress:  14 % - Solving linear system
Memory: 836/924 880/984
   3       5e+19     1.2e+12   0.0010000     8.8e+04   10    3   12
-          Current Progress:  14 % - Assembling matrices
Memory: 833/924 877/984
-          Current Progress:  14 % - Matrix factorization
Memory: 814/924 882/984
-          Current Progress:  14 % - Solving linear system
Memory: 836/924 880/984
-----      Current Progress:  50 % - 
Memory: 663/924 689/984
Solution time: 6 s.
Physical memory: 837 MB
Virtual memory: 883 MB
Ended at Oct 1, 2026, 4:25:48 AM.
----- Stationary Solver 1 in Study 1/Solution 1 (sol1) ------------------------>
Dit_scale=0.100000: OGOHLANTIRISH - hali ham yaqinlashmadi: The_following_feature_has_encountered_a_problem
<---- Compile Equations: Semiconductor Equilibrium in Study 1/Solution 1 (sol1) -
Started at Oct 1, 2026, 4:25:48 AM.
Geometry shape function: Linear Lagrange
Running on 11th Gen Intel(R) Core(TM) i7-1165G7 at 2.80 GHz.
Using 1 socket with 4 cores in total on WIN-FNSSP1NOF49.
Available memory: 7.97 GB.
           Current Progress:   2 % - Compile Equations: Semiconductor Equilibrium
Memory: 758/924 796/984
           Current Progress:   3 % - Compile Equations: Semiconductor Equilibrium
Memory: 769/924 798/984
           Current Progress:   3 % - Creating visualization mesh
Time: 1 s.
Physical memory: 769 MB
Virtual memory: 798 MB
Ended at Oct 1, 2026, 4:25:50 AM.
----- Compile Equations: Semiconductor Equilibrium in Study 1/Solution 1 (sol1) >
<---- Dependent Variables 1 in Study 1/Solution 1 (sol1) -----------------------
Started at Oct 1, 2026, 4:25:50 AM.
           Current Progress:   3 % - Dependent Variables 1
Memory: 770/924 799/984
Solution time: 0 s.
Physical memory: 770 MB
Virtual memory: 799 MB
Ended at Oct 1, 2026, 4:25:50 AM.
----- Dependent Variables 1 in Study 1/Solution 1 (sol1) ---------------------->
<---- Stationary Solver 1 in Study 1/Solution 1 (sol1) -------------------------
Started at Oct 1, 2026, 4:25:50 AM.
Nonlinear solver
Number of degrees of freedom solved for: 138873.
           Current Progress:   5 % - Assembling matrices
Memory: 790/924 819/984
Nonsymmetric matrix found.
Scales for dependent variables:
Electron solution variable (comp1.Ne): 1e+23
Hole solution variable (comp1.Ph): 1.2e+24
Electric potential (comp1.V): 7.8e+20
Orthonormal null-space function used.
           Current Progress:   5 % - Matrix factorization
Memory: 819/924 861/984
Iter      SolEst      ResEst     Damping    Stepsize #Res #Jac #Sol
           Current Progress:   5 % - Solving linear system
Memory: 862/924 908/984
   1     2.2e+02     4.3e+22   0.0010000     2.2e+02    3    1    3
           Current Progress:   9 % - Assembling sparsity pattern
Memory: 850/924 895/984
           Current Progress:   9 % - Assembling matrices
Memory: 863/924 909/984
           Current Progress:   9 % - Matrix factorization
Memory: 853/924 913/984
           Current Progress:   9 % - Assembling matrices
Memory: 864/924 910/984
   2       2e+02       6e+09   0.0001000     1.9e+02    4    2    5
-          Current Progress:  14 % - Assembling sparsity pattern
Memory: 850/924 896/984
-          Current Progress:  14 % - Assembling matrices
Memory: 860/924 905/984
-          Current Progress:  14 % - Matrix factorization
Memory: 851/924 912/984
-          Current Progress:  14 % - Assembling matrices
Memory: 864/924 910/984
   3     5.4e+24     3.5e+12   0.0010000     7.4e+02    6    3    8
-          Current Progress:  14 % - Matrix factorization
Memory: 851/924 912/984
-          Current Progress:  14 % - Assembling matrices
Memory: 864/924 910/984
-----      Current Progress:  50 % - 
Memory: 679/924 707/984
Solution time: 5 s.
Physical memory: 865 MB
Virtual memory: 913 MB
Ended at Oct 1, 2026, 4:25:55 AM.
----- Stationary Solver 1 in Study 1/Solution 1 (sol1) ------------------------>
Dit_scale=0.150000: birinchi urinish muvaffaqiyatsiz (The_following_feature_has_encountered_a_problem), tozalab qayta urinamiz.
<---- Compile Equations: Semiconductor Equilibrium in Study 1/Solution 1 (sol1) -
Started at Oct 1, 2026, 4:25:55 AM.
Geometry shape function: Linear Lagrange
Running on 11th Gen Intel(R) Core(TM) i7-1165G7 at 2.80 GHz.
Using 1 socket with 4 cores in total on WIN-FNSSP1NOF49.
Available memory: 7.97 GB.
           Current Progress:   2 % - Compile Equations: Semiconductor Equilibrium
Memory: 759/924 788/984
           Current Progress:   3 % - Compile Equations: Semiconductor Equilibrium
Memory: 738/924 767/984
           Current Progress:   3 % - Creating visualization mesh
Time: 1 s.
Physical memory: 759 MB
Virtual memory: 788 MB
Ended at Oct 1, 2026, 4:25:57 AM.
----- Compile Equations: Semiconductor Equilibrium in Study 1/Solution 1 (sol1) >
<---- Dependent Variables 1 in Study 1/Solution 1 (sol1) -----------------------
Started at Oct 1, 2026, 4:25:57 AM.
           Current Progress:   3 % - Dependent Variables 1
Memory: 743/924 772/984
Solution time: 0 s.
Physical memory: 743 MB
Virtual memory: 772 MB
Ended at Oct 1, 2026, 4:25:57 AM.
----- Dependent Variables 1 in Study 1/Solution 1 (sol1) ---------------------->
<---- Stationary Solver 1 in Study 1/Solution 1 (sol1) -------------------------
Started at Oct 1, 2026, 4:25:57 AM.
Nonlinear solver
Number of degrees of freedom solved for: 138873.
           Current Progress:   5 % - Assembling sparsity pattern
Memory: 760/924 788/984
Nonsymmetric matrix found.
Scales for dependent variables:
Electron solution variable (comp1.Ne): 1e+23
Hole solution variable (comp1.Ph): 1.2e+24
Electric potential (comp1.V): 7.8e+20
Orthonormal null-space function used.
           Current Progress:   5 % - Matrix factorization
Memory: 779/924 825/984
Iter      SolEst      ResEst     Damping    Stepsize #Res #Jac #Sol
           Current Progress:   5 % - Solving linear system
Memory: 842/924 887/984
   1     2.2e+02     4.3e+22   0.0010000     2.2e+02    3    1    3
           Current Progress:   9 % - Solving linear system
Memory: 838/924 883/984
           Current Progress:   9 % - Assembling matrices
Memory: 843/924 888/984
           Current Progress:   9 % - Matrix factorization
Memory: 836/924 892/984
           Current Progress:   9 % - Assembling matrices
Memory: 844/924 889/984
   2     2.2e+02     6.1e+09   0.0001000     1.9e+02    4    2    5
-          Current Progress:  14 % - Assembling sparsity pattern
Memory: 834/924 879/984
-          Current Progress:  14 % - Matrix factorization
Memory: 811/924 850/984
-          Current Progress:  14 % - Assembling matrices
Memory: 841/924 886/984
-          Current Progress:  14 % - Solving linear system
Memory: 842/924 887/984
   3     3.4e+24     3.4e+12   0.0010000     7.7e+02    6    3    8
-          Current Progress:  14 % - Assembling matrices
Memory: 836/924 880/984
-          Current Progress:  14 % - Matrix factorization
Memory: 833/924 889/984
-          Current Progress:  14 % - Assembling matrices
Memory: 841/924 887/984
-----      Current Progress:  50 % - 
Memory: 754/924 781/984
Solution time: 5 s.
Physical memory: 846 MB
Virtual memory: 892 MB
Ended at Oct 1, 2026, 4:26:02 AM.
----- Stationary Solver 1 in Study 1/Solution 1 (sol1) ------------------------>
Dit_scale=0.150000: OGOHLANTIRISH - hali ham yaqinlashmadi: The_following_feature_has_encountered_a_problem
<---- Compile Equations: Semiconductor Equilibrium in Study 1/Solution 1 (sol1) -
Started at Oct 1, 2026, 4:26:02 AM.
Geometry shape function: Linear Lagrange
Running on 11th Gen Intel(R) Core(TM) i7-1165G7 at 2.80 GHz.
Using 1 socket with 4 cores in total on WIN-FNSSP1NOF49.
Available memory: 7.97 GB.
           Current Progress:   2 % - Compile Equations: Semiconductor Equilibrium
Memory: 791/924 821/984
           Current Progress:   3 % - Compile Equations: Semiconductor Equilibrium
Memory: 776/924 806/984
           Current Progress:   3 % - Creating visualization mesh
Memory: 773/924 802/984
Time: 1 s.
Physical memory: 791 MB
Virtual memory: 821 MB
Ended at Oct 1, 2026, 4:26:03 AM.
----- Compile Equations: Semiconductor Equilibrium in Study 1/Solution 1 (sol1) >
<---- Dependent Variables 1 in Study 1/Solution 1 (sol1) -----------------------
Started at Oct 1, 2026, 4:26:03 AM.
           Current Progress:   3 % - Dependent Variables 1
Memory: 777/924 806/984
Solution time: 0 s.
Physical memory: 777 MB
Virtual memory: 806 MB
Ended at Oct 1, 2026, 4:26:03 AM.
----- Dependent Variables 1 in Study 1/Solution 1 (sol1) ---------------------->
<---- Stationary Solver 1 in Study 1/Solution 1 (sol1) -------------------------
Started at Oct 1, 2026, 4:26:03 AM.
Nonlinear solver
Number of degrees of freedom solved for: 138873.
           Current Progress:   5 % - Assembling sparsity pattern
Memory: 791/924 820/984
Nonsymmetric matrix found.
Scales for dependent variables:
Electron solution variable (comp1.Ne): 1e+23
Hole solution variable (comp1.Ph): 1.3e+24
Electric potential (comp1.V): 7.9e+20
Orthonormal null-space function used.
           Current Progress:   5 % - Matrix factorization
Memory: 820/924 863/984
Iter      SolEst      ResEst     Damping    Stepsize #Res #Jac #Sol
           Current Progress:   5 % - Assembling matrices
Memory: 863/924 909/984
           Current Progress:   9 % - Assembling matrices
Memory: 865/924 911/984
           Current Progress:   9 % - Solving linear system
Memory: 867/924 912/984
   1     4.2e+02       9e+20   0.0010000     3.4e+02    5    1    5
           Current Progress:   9 % - Assembling sparsity pattern
Memory: 869/924 914/984
           Current Progress:   9 % - Matrix factorization
Memory: 843/924 914/984
           Current Progress:   9 % - Solving linear system
Memory: 866/924 911/984
           Current Progress:   9 % - Assembling matrices
Memory: 865/924 911/984
   2         inf    4.9e+184   0.0001250     7.3e+08   10    2    8
-          Current Progress:  14 % - Assembling sparsity pattern
Memory: 855/924 900/984
-          Current Progress:  14 % - Matrix factorization
Memory: 823/924 854/984
-          Current Progress:  14 % - Solving linear system
Memory: 866/924 911/984
-          Current Progress:  14 % - 
Memory: 844/924 888/984
-          Current Progress:  14 % - Assembling matrices
Memory: 842/924 886/984
-----      Current Progress:  50 % - 
Memory: 757/924 786/984
Solution time: 6 s.
Physical memory: 869 MB
Virtual memory: 914 MB
Ended at Oct 1, 2026, 4:26:09 AM.
----- Stationary Solver 1 in Study 1/Solution 1 (sol1) ------------------------>
Dit_scale=0.220000: birinchi urinish muvaffaqiyatsiz (The_following_feature_has_encountered_a_problem), tozalab qayta urinamiz.
<---- Compile Equations: Semiconductor Equilibrium in Study 1/Solution 1 (sol1) -
Started at Oct 1, 2026, 4:26:09 AM.
Geometry shape function: Linear Lagrange
Running on 11th Gen Intel(R) Core(TM) i7-1165G7 at 2.80 GHz.
Using 1 socket with 4 cores in total on WIN-FNSSP1NOF49.
Available memory: 7.97 GB.
           Current Progress:   3 % - Compile Equations: Semiconductor Equilibrium
Memory: 716/924 745/984
           Current Progress:   3 % - Creating visualization mesh
Memory: 718/924 746/984
Time: 1 s.
Physical memory: 733 MB
Virtual memory: 761 MB
Ended at Oct 1, 2026, 4:26:10 AM.
----- Compile Equations: Semiconductor Equilibrium in Study 1/Solution 1 (sol1) >
<---- Dependent Variables 1 in Study 1/Solution 1 (sol1) -----------------------
Started at Oct 1, 2026, 4:26:10 AM.
           Current Progress:   3 % - Dependent Variables 1
Memory: 735/924 763/984
Solution time: 0 s.
Physical memory: 735 MB
Virtual memory: 763 MB
Ended at Oct 1, 2026, 4:26:10 AM.
----- Dependent Variables 1 in Study 1/Solution 1 (sol1) ---------------------->
<---- Stationary Solver 1 in Study 1/Solution 1 (sol1) -------------------------
Started at Oct 1, 2026, 4:26:10 AM.
Nonlinear solver
Number of degrees of freedom solved for: 138873.
           Current Progress:   5 % - Assembling sparsity pattern
Memory: 754/924 781/984
Nonsymmetric matrix found.
Scales for dependent variables:
Electron solution variable (comp1.Ne): 1e+23
Hole solution variable (comp1.Ph): 1.3e+24
Electric potential (comp1.V): 7.9e+20
Orthonormal null-space function used.
           Current Progress:   5 % - Matrix factorization
Memory: 773/924 820/984
Iter      SolEst      ResEst     Damping    Stepsize #Res #Jac #Sol
           Current Progress:   5 % - Assembling matrices
Memory: 839/924 885/984
           Current Progress:   9 % - Assembling matrices
Memory: 841/924 887/984
           Current Progress:   9 % - Solving linear system
Memory: 842/924 888/984
   1     4.2e+02       9e+20   0.0010000     3.5e+02    5    1    5
           Current Progress:   9 % - Assembling sparsity pattern
Memory: 844/924 890/984
           Current Progress:   9 % - Matrix factorization
Memory: 818/924 890/984
           Current Progress:   9 % - Solving linear system
Memory: 842/924 887/984
           Current Progress:   9 % - 
           Current Progress:   9 % - Solving linear system
Memory: 830/924 875/984
   2         inf    6.4e+184   0.0001250     7.3e+08   10    2    8
-          Current Progress:  14 % - Assembling matrices
Memory: 836/924 880/984
-          Current Progress:  14 % - Matrix factorization
Memory: 825/924 885/984
-          Current Progress:  14 % - Assembling matrices
Memory: 838/924 882/984
-          Current Progress:  14 % - 
Memory: 842/924 886/984
-----      Current Progress:  50 % - 
Memory: 753/924 779/984
Solution time: 6 s.
Physical memory: 844 MB
Virtual memory: 890 MB
Ended at Oct 1, 2026, 4:26:16 AM.
----- Stationary Solver 1 in Study 1/Solution 1 (sol1) ------------------------>
Dit_scale=0.220000: OGOHLANTIRISH - hali ham yaqinlashmadi: The_following_feature_has_encountered_a_problem
<---- Compile Equations: Semiconductor Equilibrium in Study 1/Solution 1 (sol1) -
Started at Oct 1, 2026, 4:26:16 AM.
Geometry shape function: Linear Lagrange
Running on 11th Gen Intel(R) Core(TM) i7-1165G7 at 2.80 GHz.
Using 1 socket with 4 cores in total on WIN-FNSSP1NOF49.
Available memory: 7.97 GB.
           Current Progress:   3 % - Compile Equations: Semiconductor Equilibrium
Memory: 772/924 799/984
           Current Progress:   3 % - Creating visualization mesh
Memory: 771/924 799/984
Time: 1 s.
Physical memory: 772 MB
Virtual memory: 799 MB
Ended at Oct 1, 2026, 4:26:17 AM.
----- Compile Equations: Semiconductor Equilibrium in Study 1/Solution 1 (sol1) >
<---- Dependent Variables 1 in Study 1/Solution 1 (sol1) -----------------------
Started at Oct 1, 2026, 4:26:17 AM.
           Current Progress:   3 % - Dependent Variables 1
Memory: 776/924 803/984
Solution time: 0 s.
Physical memory: 776 MB
Virtual memory: 803 MB
Ended at Oct 1, 2026, 4:26:17 AM.
----- Dependent Variables 1 in Study 1/Solution 1 (sol1) ---------------------->
<---- Stationary Solver 1 in Study 1/Solution 1 (sol1) -------------------------
Started at Oct 1, 2026, 4:26:17 AM.
Nonlinear solver
Number of degrees of freedom solved for: 138873.
           Current Progress:   5 % - Assembling sparsity pattern
Memory: 792/924 820/984
Nonsymmetric matrix found.
Scales for dependent variables:
Electron solution variable (comp1.Ne): 1e+23
Hole solution variable (comp1.Ph): 1.4e+24
Electric potential (comp1.V): 8e+20
Orthonormal null-space function used.
           Current Progress:   5 % - Matrix factorization
Memory: 810/924 857/984
Iter      SolEst      ResEst     Damping    Stepsize #Res #Jac #Sol
           Current Progress:   5 % - Assembling matrices
Memory: 861/924 906/984
           Current Progress:   5 % - Solving linear system
Memory: 868/924 914/984
           Current Progress:   9 % - Solving linear system
   1     3.1e+02     1.7e+21   0.0001000     3.1e+02    4    1    4
           Current Progress:   9 % - Assembling matrices
Memory: 866/924 911/984
           Current Progress:   9 % - Matrix factorization
Memory: 854/924 916/984
           Current Progress:   9 % - Solving linear system
Memory: 867/924 912/984
   2     1.7e+02     2.2e+09   0.0001000     1.7e+02    5    2    6
-          Current Progress:  14 % - Assembling sparsity pattern
Memory: 852/924 897/984
-          Current Progress:  14 % - Assembling matrices
Memory: 865/924 910/984
-          Current Progress:  14 % - Matrix factorization
Memory: 856/924 915/984
-          Current Progress:  14 % - Assembling matrices
Memory: 867/924 912/984
   3     2.2e+03     2.8e+09   0.0010000     1.7e+02    7    3    9
-          Current Progress:  14 % - Matrix factorization
Memory: 856/924 915/984
-          Current Progress:  14 % - Assembling matrices
Memory: 843/924 887/984
-----      Current Progress:  50 % - 
Memory: 679/924 707/984
Solution time: 5 s.
Physical memory: 868 MB
Virtual memory: 916 MB
Ended at Oct 1, 2026, 4:26:22 AM.
----- Stationary Solver 1 in Study 1/Solution 1 (sol1) ------------------------>
Dit_scale=0.320000: birinchi urinish muvaffaqiyatsiz (The_following_feature_has_encountered_a_problem), tozalab qayta urinamiz.
<---- Compile Equations: Semiconductor Equilibrium in Study 1/Solution 1 (sol1) -
Started at Oct 1, 2026, 4:26:22 AM.
Geometry shape function: Linear Lagrange
Running on 11th Gen Intel(R) Core(TM) i7-1165G7 at 2.80 GHz.
Using 1 socket with 4 cores in total on WIN-FNSSP1NOF49.
Available memory: 7.97 GB.
           Current Progress:   3 % - Compile Equations: Semiconductor Equilibrium
Memory: 722/924 751/984
           Current Progress:   3 % - Creating visualization mesh
Memory: 724/924 753/984
Time: 1 s.
Physical memory: 732 MB
Virtual memory: 760 MB
Ended at Oct 1, 2026, 4:26:24 AM.
----- Compile Equations: Semiconductor Equilibrium in Study 1/Solution 1 (sol1) >
<---- Dependent Variables 1 in Study 1/Solution 1 (sol1) -----------------------
Started at Oct 1, 2026, 4:26:24 AM.
           Current Progress:   3 % - Dependent Variables 1
Memory: 737/924 765/984
Solution time: 0 s.
Physical memory: 737 MB
Virtual memory: 765 MB
Ended at Oct 1, 2026, 4:26:24 AM.
----- Dependent Variables 1 in Study 1/Solution 1 (sol1) ---------------------->
<---- Stationary Solver 1 in Study 1/Solution 1 (sol1) -------------------------
Started at Oct 1, 2026, 4:26:24 AM.
Nonlinear solver
Number of degrees of freedom solved for: 138873.
           Current Progress:   5 % - Assembling sparsity pattern
Memory: 751/924 778/984
Nonsymmetric matrix found.
Scales for dependent variables:
Electron solution variable (comp1.Ne): 1e+23
Hole solution variable (comp1.Ph): 1.4e+24
Electric potential (comp1.V): 8e+20
Orthonormal null-space function used.
           Current Progress:   5 % - Matrix factorization
Memory: 793/924 833/984
Iter      SolEst      ResEst     Damping    Stepsize #Res #Jac #Sol
           Current Progress:   5 % - Assembling matrices
Memory: 838/924 885/984
           Current Progress:   9 % - Solving linear system
Memory: 842/924 888/984
   1     3.1e+02     1.6e+21   0.0001000     3.1e+02    4    1    4
           Current Progress:   9 % - Assembling matrices
Memory: 841/924 887/984
           Current Progress:   9 % - Matrix factorization
Memory: 822/924 891/984
           Current Progress:   9 % - Solving linear system
Memory: 842/924 888/984
   2     3.5e+05     2.1e+09   0.0010000     3.2e+02    6    2    7
-          Current Progress:  14 % - Assembling sparsity pattern
Memory: 827/924 873/984
-          Current Progress:  14 % - Assembling matrices
Memory: 840/924 886/984
-          Current Progress:  14 % - Matrix factorization
Memory: 825/924 885/984
-          Current Progress:  14 % - Assembling matrices
Memory: 837/924 883/984
-----      Current Progress:  50 % - 
Memory: 751/924 780/984
Solution time: 4 s.
Physical memory: 844 MB
Virtual memory: 891 MB
Ended at Oct 1, 2026, 4:26:28 AM.
----- Stationary Solver 1 in Study 1/Solution 1 (sol1) ------------------------>
Dit_scale=0.320000: OGOHLANTIRISH - hali ham yaqinlashmadi: The_following_feature_has_encountered_a_problem
<---- Compile Equations: Semiconductor Equilibrium in Study 1/Solution 1 (sol1) -
Started at Oct 1, 2026, 4:26:28 AM.
Geometry shape function: Linear Lagrange
Running on 11th Gen Intel(R) Core(TM) i7-1165G7 at 2.80 GHz.
Using 1 socket with 4 cores in total on WIN-FNSSP1NOF49.
Available memory: 7.97 GB.
           Current Progress:   2 % - Compile Equations: Semiconductor Equilibrium
Memory: 786/924 814/984
           Current Progress:   3 % - Compile Equations: Semiconductor Equilibrium
Memory: 779/924 807/984
           Current Progress:   3 % - Creating visualization mesh
Memory: 776/924 804/984
Time: 1 s.
Physical memory: 786 MB
Virtual memory: 814 MB
Ended at Oct 1, 2026, 4:26:29 AM.
----- Compile Equations: Semiconductor Equilibrium in Study 1/Solution 1 (sol1) >
<---- Dependent Variables 1 in Study 1/Solution 1 (sol1) -----------------------
Started at Oct 1, 2026, 4:26:29 AM.
           Current Progress:   3 % - Dependent Variables 1
Memory: 781/924 810/984
Solution time: 0 s.
Physical memory: 782 MB
Virtual memory: 810 MB
Ended at Oct 1, 2026, 4:26:29 AM.
----- Dependent Variables 1 in Study 1/Solution 1 (sol1) ---------------------->
<---- Stationary Solver 1 in Study 1/Solution 1 (sol1) -------------------------
Started at Oct 1, 2026, 4:26:29 AM.
Nonlinear solver
Number of degrees of freedom solved for: 138873.
           Current Progress:   5 % - Assembling sparsity pattern
Memory: 793/924 821/984
Nonsymmetric matrix found.
Scales for dependent variables:
Electron solution variable (comp1.Ne): 1e+23
Hole solution variable (comp1.Ph): 1.4e+24
Electric potential (comp1.V): 8e+20
Orthonormal null-space function used.
           Current Progress:   5 % - Constraint handling
Memory: 807/924 835/984
           Current Progress:   5 % - Matrix factorization
Memory: 829/924 868/984
Iter      SolEst      ResEst     Damping    Stepsize #Res #Jac #Sol
           Current Progress:   5 % - Solving linear system
Memory: 869/924 914/984
           Current Progress:   9 % - Assembling matrices
Memory: 871/924 916/984
           Current Progress:   9 % - Solving linear system
Memory: 872/924 917/984
   1     1.7e+10       4e+21   0.0010000     7.5e+02    5    1    5
           Current Progress:   9 % - Assembling sparsity pattern
           Current Progress:   9 % - Matrix factorization
Memory: 848/924 919/984
           Current Progress:   9 % - Solving linear system
Memory: 871/924 916/984
           Current Progress:   9 % - 
Memory: 873/924 918/984
-----      Current Progress:  50 % - 
Memory: 785/924 813/984
Solution time: 4 s.
Physical memory: 873 MB
Virtual memory: 919 MB
Ended at Oct 1, 2026, 4:26:33 AM.
----- Stationary Solver 1 in Study 1/Solution 1 (sol1) ------------------------>
Dit_scale=0.460000: birinchi urinish muvaffaqiyatsiz (The_following_feature_has_encountered_a_problem), tozalab qayta urinamiz.
<---- Compile Equations: Semiconductor Equilibrium in Study 1/Solution 1 (sol1) -
Started at Oct 1, 2026, 4:26:33 AM.
Geometry shape function: Linear Lagrange
Running on 11th Gen Intel(R) Core(TM) i7-1165G7 at 2.80 GHz.
Using 1 socket with 4 cores in total on WIN-FNSSP1NOF49.
Available memory: 7.97 GB.
           Current Progress:   3 % - Compile Equations: Semiconductor Equilibrium
Memory: 753/924 779/984
           Current Progress:   3 % - Creating visualization mesh
Time: 1 s.
Physical memory: 753 MB
Virtual memory: 779 MB
Ended at Oct 1, 2026, 4:26:34 AM.
----- Compile Equations: Semiconductor Equilibrium in Study 1/Solution 1 (sol1) >
<---- Dependent Variables 1 in Study 1/Solution 1 (sol1) -----------------------
Started at Oct 1, 2026, 4:26:34 AM.
           Current Progress:   3 % - Dependent Variables 1
Memory: 758/924 783/984
Solution time: 0 s.
Physical memory: 758 MB
Virtual memory: 783 MB
Ended at Oct 1, 2026, 4:26:34 AM.
----- Dependent Variables 1 in Study 1/Solution 1 (sol1) ---------------------->
<---- Stationary Solver 1 in Study 1/Solution 1 (sol1) -------------------------
Started at Oct 1, 2026, 4:26:34 AM.
Nonlinear solver
Number of degrees of freedom solved for: 138873.
           Current Progress:   5 % - Assembling sparsity pattern
Memory: 773/924 798/984
Nonsymmetric matrix found.
Scales for dependent variables:
Electron solution variable (comp1.Ne): 1e+23
Hole solution variable (comp1.Ph): 1.4e+24
Electric potential (comp1.V): 8e+20
Orthonormal null-space function used.
           Current Progress:   5 % - Matrix factorization
Memory: 808/924 848/984
Iter      SolEst      ResEst     Damping    Stepsize #Res #Jac #Sol
           Current Progress:   5 % - Assembling matrices
Memory: 845/924 888/984
           Current Progress:   9 % - Solving linear system
Memory: 848/924 891/984
   1     1.7e+10       4e+21   0.0010000     7.5e+02    5    1    5
           Current Progress:   9 % - Assembling matrices
Memory: 781/924 824/984
           Current Progress:   9 % - Matrix factorization
Memory: 770/924 829/984
           Current Progress:   9 % - Assembling matrices
Memory: 785/924 830/984
-----      Current Progress:  50 % - 
Memory: 677/924 702/984
Solution time: 3 s.
Physical memory: 848 MB
Virtual memory: 891 MB
Ended at Oct 1, 2026, 4:26:38 AM.
----- Stationary Solver 1 in Study 1/Solution 1 (sol1) ------------------------>
Dit_scale=0.460000: OGOHLANTIRISH - hali ham yaqinlashmadi: The_following_feature_has_encountered_a_problem
<---- Compile Equations: Semiconductor Equilibrium in Study 1/Solution 1 (sol1) -
Started at Oct 1, 2026, 4:26:38 AM.
Geometry shape function: Linear Lagrange
Running on 11th Gen Intel(R) Core(TM) i7-1165G7 at 2.80 GHz.
Using 1 socket with 4 cores in total on WIN-FNSSP1NOF49.
Available memory: 7.97 GB.
           Current Progress:   3 % - Compile Equations: Semiconductor Equilibrium
Memory: 762/924 792/984
           Current Progress:   3 % - Creating visualization mesh
Time: 1 s.
Physical memory: 762 MB
Virtual memory: 792 MB
Ended at Oct 1, 2026, 4:26:39 AM.
----- Compile Equations: Semiconductor Equilibrium in Study 1/Solution 1 (sol1) >
<---- Dependent Variables 1 in Study 1/Solution 1 (sol1) -----------------------
Started at Oct 1, 2026, 4:26:39 AM.
           Current Progress:   3 % - Dependent Variables 1
Memory: 767/924 796/984
Solution time: 0 s.
Physical memory: 767 MB
Virtual memory: 796 MB
Ended at Oct 1, 2026, 4:26:39 AM.
----- Dependent Variables 1 in Study 1/Solution 1 (sol1) ---------------------->
<---- Stationary Solver 1 in Study 1/Solution 1 (sol1) -------------------------
Started at Oct 1, 2026, 4:26:39 AM.
Nonlinear solver
Number of degrees of freedom solved for: 138873.
           Current Progress:   5 % - Assembling sparsity pattern
Memory: 782/924 811/984
Nonsymmetric matrix found.
Scales for dependent variables:
Electron solution variable (comp1.Ne): 1e+23
Hole solution variable (comp1.Ph): 1.5e+24
Electric potential (comp1.V): 8.1e+20
Orthonormal null-space function used.
           Current Progress:   5 % - Matrix factorization
Memory: 817/924 858/984
Iter      SolEst      ResEst     Damping    Stepsize #Res #Jac #Sol
           Current Progress:   5 % - Solving linear system
Memory: 861/924 908/984
           Current Progress:   9 % - Solving linear system
Memory: 858/924 904/984
           Current Progress:   9 % - Assembling matrices
Memory: 863/924 910/984
   1     9.1e+12     7.1e+21   0.0010000       1e+03    5    1    5
           Current Progress:   9 % - Assembling sparsity pattern
Memory: 858/924 904/984
           Current Progress:   9 % - Constraint handling
Memory: 860/924 908/984
           Current Progress:   9 % - Matrix factorization
Memory: 860/924 913/984
           Current Progress:   9 % - Assembling matrices
Memory: 864/924 910/984
-----      Current Progress:  50 % - 
Memory: 778/924 806/984
Solution time: 4 s.
Physical memory: 864 MB
Virtual memory: 913 MB
Ended at Oct 1, 2026, 4:26:42 AM.
----- Stationary Solver 1 in Study 1/Solution 1 (sol1) ------------------------>
Dit_scale=0.650000: birinchi urinish muvaffaqiyatsiz (The_following_feature_has_encountered_a_problem), tozalab qayta urinamiz.
<---- Compile Equations: Semiconductor Equilibrium in Study 1/Solution 1 (sol1) -
Started at Oct 1, 2026, 4:26:42 AM.
Geometry shape function: Linear Lagrange
Running on 11th Gen Intel(R) Core(TM) i7-1165G7 at 2.80 GHz.
Using 1 socket with 4 cores in total on WIN-FNSSP1NOF49.
Available memory: 7.97 GB.
           Current Progress:   3 % - Compile Equations: Semiconductor Equilibrium
Memory: 732/924 761/984
           Current Progress:   3 % - Creating visualization mesh
Memory: 733/924 761/984
Time: 1 s.
Physical memory: 733 MB
Virtual memory: 761 MB
Ended at Oct 1, 2026, 4:26:43 AM.
----- Compile Equations: Semiconductor Equilibrium in Study 1/Solution 1 (sol1) >
<---- Dependent Variables 1 in Study 1/Solution 1 (sol1) -----------------------
Started at Oct 1, 2026, 4:26:43 AM.
           Current Progress:   3 % - Dependent Variables 1
Memory: 738/924 766/984
Solution time: 0 s.
Physical memory: 738 MB
Virtual memory: 766 MB
Ended at Oct 1, 2026, 4:26:43 AM.
----- Dependent Variables 1 in Study 1/Solution 1 (sol1) ---------------------->
<---- Stationary Solver 1 in Study 1/Solution 1 (sol1) -------------------------
Started at Oct 1, 2026, 4:26:43 AM.
Nonlinear solver
Number of degrees of freedom solved for: 138873.
           Current Progress:   5 % - Assembling sparsity pattern
Memory: 755/924 783/984
Nonsymmetric matrix found.
Scales for dependent variables:
Electron solution variable (comp1.Ne): 1e+23
Hole solution variable (comp1.Ph): 1.5e+24
Electric potential (comp1.V): 8.1e+20
Orthonormal null-space function used.
           Current Progress:   5 % - Matrix factorization
Memory: 788/924 828/984
Iter      SolEst      ResEst     Damping    Stepsize #Res #Jac #Sol
           Current Progress:   5 % - Solving linear system
Memory: 843/924 889/984
           Current Progress:   9 % - Assembling matrices
Memory: 845/924 891/984
           Current Progress:   9 % - Solving linear system
Memory: 845/924 892/984
   1     9.1e+12     7.1e+21   0.0010000       1e+03    5    1    5
           Current Progress:   9 % - Assembling matrices
Memory: 844/924 889/984
           Current Progress:   9 % - Matrix factorization
Memory: 825/924 894/984
           Current Progress:   9 % - Solving linear system
Memory: 846/924 891/984
-----      Current Progress:  50 % - 
Memory: 680/924 706/984
Solution time: 3 s.
Physical memory: 847 MB
Virtual memory: 894 MB
Ended at Oct 1, 2026, 4:26:47 AM.
----- Stationary Solver 1 in Study 1/Solution 1 (sol1) ------------------------>
Dit_scale=0.650000: OGOHLANTIRISH - hali ham yaqinlashmadi: The_following_feature_has_encountered_a_problem
<---- Compile Equations: Semiconductor Equilibrium in Study 1/Solution 1 (sol1) -
Started at Oct 1, 2026, 4:26:47 AM.
Geometry shape function: Linear Lagrange
Running on 11th Gen Intel(R) Core(TM) i7-1165G7 at 2.80 GHz.
Using 1 socket with 4 cores in total on WIN-FNSSP1NOF49.
Available memory: 7.97 GB.
           Current Progress:   3 % - Compile Equations: Semiconductor Equilibrium
Memory: 747/924 776/984
           Current Progress:   3 % - Creating visualization mesh
Time: 1 s.
Physical memory: 747 MB
Virtual memory: 776 MB
Ended at Oct 1, 2026, 4:26:48 AM.
----- Compile Equations: Semiconductor Equilibrium in Study 1/Solution 1 (sol1) >
<---- Dependent Variables 1 in Study 1/Solution 1 (sol1) -----------------------
Started at Oct 1, 2026, 4:26:48 AM.
           Current Progress:   3 % - Dependent Variables 1
Memory: 752/924 780/984
Solution time: 0 s.
Physical memory: 752 MB
Virtual memory: 780 MB
Ended at Oct 1, 2026, 4:26:48 AM.
----- Dependent Variables 1 in Study 1/Solution 1 (sol1) ---------------------->
<---- Stationary Solver 1 in Study 1/Solution 1 (sol1) -------------------------
Started at Oct 1, 2026, 4:26:48 AM.
Nonlinear solver
Number of degrees of freedom solved for: 138873.
           Current Progress:   5 % - Assembling sparsity pattern
Memory: 770/924 799/984
Nonsymmetric matrix found.
Scales for dependent variables:
Electron solution variable (comp1.Ne): 1e+23
Hole solution variable (comp1.Ph): 1.6e+24
Electric potential (comp1.V): 8.1e+20
Orthonormal null-space function used.
           Current Progress:   5 % - Matrix factorization
Memory: 798/924 839/984
Iter      SolEst      ResEst     Damping    Stepsize #Res #Jac #Sol
           Current Progress:   5 % - Assembling matrices
Memory: 855/924 903/984
           Current Progress:   9 % - Solving linear system
Memory: 855/924 905/984
   1       3e+02     2.9e+22   0.0001000     3.2e+02    4    1    4
           Current Progress:   9 % - Assembling sparsity pattern
Memory: 845/924 893/984
           Current Progress:   9 % - Assembling matrices
Memory: 857/924 904/984
           Current Progress:   9 % - Matrix factorization
Memory: 846/924 908/984
           Current Progress:   9 % - Solving linear system
Memory: 859/924 905/984
   2     3.9e+02     1.1e+11   0.0001000     2.3e+02    5    2    6
-          Current Progress:  14 % - Assembling matrices
Memory: 856/924 903/984
-          Current Progress:  14 % - Matrix factorization
Memory: 847/924 908/984
-          Current Progress:  14 % - Assembling matrices
Memory: 859/924 905/984
   3         inf     4.9e+30   0.0010000     2.2e+04    7    3    9
-          Current Progress:  14 % - Matrix factorization
Memory: 846/924 908/984
-          Current Progress:  14 % - Solving linear system
Memory: 839/924 884/984
-          Current Progress:  14 % - Assembling matrices
-          Current Progress:  14 % - 
Memory: 841/924 886/984
-----      Current Progress:  50 % - 
Memory: 753/924 781/984
Solution time: 6 s.
Physical memory: 859 MB
Virtual memory: 908 MB
Ended at Oct 1, 2026, 4:26:54 AM.
----- Stationary Solver 1 in Study 1/Solution 1 (sol1) ------------------------>
Dit_scale=0.850000: birinchi urinish muvaffaqiyatsiz (The_following_feature_has_encountered_a_problem), tozalab qayta urinamiz.
<---- Compile Equations: Semiconductor Equilibrium in Study 1/Solution 1 (sol1) -
Started at Oct 1, 2026, 4:26:54 AM.
Geometry shape function: Linear Lagrange
Running on 11th Gen Intel(R) Core(TM) i7-1165G7 at 2.80 GHz.
Using 1 socket with 4 cores in total on WIN-FNSSP1NOF49.
Available memory: 7.97 GB.
           Current Progress:   2 % - Compile Equations: Semiconductor Equilibrium
Memory: 759/924 788/984
           Current Progress:   3 % - Compile Equations: Semiconductor Equilibrium
Memory: 738/924 766/984
           Current Progress:   3 % - Creating visualization mesh
Time: 1 s.
Physical memory: 759 MB
Virtual memory: 788 MB
Ended at Oct 1, 2026, 4:26:56 AM.
----- Compile Equations: Semiconductor Equilibrium in Study 1/Solution 1 (sol1) >
<---- Dependent Variables 1 in Study 1/Solution 1 (sol1) -----------------------
Started at Oct 1, 2026, 4:26:56 AM.
           Current Progress:   3 % - Dependent Variables 1
Memory: 743/924 771/984
Solution time: 0 s.
Physical memory: 743 MB
Virtual memory: 771 MB
Ended at Oct 1, 2026, 4:26:56 AM.
----- Dependent Variables 1 in Study 1/Solution 1 (sol1) ---------------------->
<---- Stationary Solver 1 in Study 1/Solution 1 (sol1) -------------------------
Started at Oct 1, 2026, 4:26:56 AM.
Nonlinear solver
Number of degrees of freedom solved for: 138873.
           Current Progress:   5 % - Assembling sparsity pattern
Memory: 764/924 791/984
Nonsymmetric matrix found.
Scales for dependent variables:
Electron solution variable (comp1.Ne): 1e+23
Hole solution variable (comp1.Ph): 1.6e+24
Electric potential (comp1.V): 8.1e+20
Orthonormal null-space function used.
           Current Progress:   5 % - Matrix factorization
Memory: 777/924 804/984
Iter      SolEst      ResEst     Damping    Stepsize #Res #Jac #Sol
           Current Progress:   5 % - Solving linear system
Memory: 849/924 894/984
           Current Progress:   9 % - Assembling matrices
Memory: 851/924 896/984
   1       3e+02       3e+22   0.0001000     3.2e+02    4    1    4
           Current Progress:   9 % - Assembling sparsity pattern
Memory: 842/924 886/984
           Current Progress:   9 % - Matrix factorization
Memory: 822/924 899/984
           Current Progress:   9 % - Solving linear system
Memory: 852/924 897/984
   2     9.6e+17     3.6e+10   0.0010000     1.5e+03    6    2    7
-          Current Progress:  14 % - Assembling matrices
Memory: 849/924 893/984
-          Current Progress:  14 % - Matrix factorization
Memory: 814/924 893/984
-          Current Progress:  14 % - 
Memory: 849/924 895/984
-----      Current Progress:  50 % - 
Memory: 760/924 787/984
Solution time: 5 s.
Physical memory: 852 MB
Virtual memory: 899 MB
Ended at Oct 1, 2026, 4:27:00 AM.
----- Stationary Solver 1 in Study 1/Solution 1 (sol1) ------------------------>
Dit_scale=0.850000: OGOHLANTIRISH - hali ham yaqinlashmadi: The_following_feature_has_encountered_a_problem
<---- Compile Equations: Semiconductor Equilibrium in Study 1/Solution 1 (sol1) -
Started at Oct 1, 2026, 4:27:00 AM.
Geometry shape function: Linear Lagrange
Running on 11th Gen Intel(R) Core(TM) i7-1165G7 at 2.80 GHz.
Using 1 socket with 4 cores in total on WIN-FNSSP1NOF49.
Available memory: 7.97 GB.
           Current Progress:   3 % - Compile Equations: Semiconductor Equilibrium
Memory: 779/924 808/984
           Current Progress:   3 % - Creating visualization mesh
Memory: 778/924 807/984
Time: 1 s.
Physical memory: 779 MB
Virtual memory: 808 MB
Ended at Oct 1, 2026, 4:27:01 AM.
----- Compile Equations: Semiconductor Equilibrium in Study 1/Solution 1 (sol1) >
<---- Dependent Variables 1 in Study 1/Solution 1 (sol1) -----------------------
Started at Oct 1, 2026, 4:27:01 AM.
           Current Progress:   3 % - Dependent Variables 1
Memory: 783/924 811/984
Solution time: 0 s.
Physical memory: 783 MB
Virtual memory: 811 MB
Ended at Oct 1, 2026, 4:27:01 AM.
----- Dependent Variables 1 in Study 1/Solution 1 (sol1) ---------------------->
<---- Stationary Solver 1 in Study 1/Solution 1 (sol1) -------------------------
Started at Oct 1, 2026, 4:27:01 AM.
Nonlinear solver
Number of degrees of freedom solved for: 138873.
           Current Progress:   5 % - Assembling sparsity pattern
Memory: 798/924 827/984
Nonsymmetric matrix found.
Scales for dependent variables:
Electron solution variable (comp1.Ne): 1e+23
Hole solution variable (comp1.Ph): 1.6e+24
Electric potential (comp1.V): 8.2e+20
Orthonormal null-space function used.
           Current Progress:   5 % - Matrix factorization
Memory: 764/924 811/984
Iter      SolEst      ResEst     Damping    Stepsize #Res #Jac #Sol
           Current Progress:   5 % - Solving linear system
Memory: 852/924 902/984
           Current Progress:   9 % - Assembling matrices
Memory: 854/924 904/984
           Current Progress:   9 % - Solving linear system
Memory: 855/924 905/984
   1     3.1e+02       3e+22   0.0001000     3.1e+02    4    1    4
           Current Progress:   9 % - Assembling sparsity pattern
Memory: 853/924 901/984
           Current Progress:   9 % - Matrix factorization
Memory: 831/924 908/984
           Current Progress:   9 % - Solving linear system
Memory: 857/924 906/984
   2     2.1e+16     1.1e+10   0.0010000     7.6e+02    6    2    7
-          Current Progress:  14 % - Assembling matrices
Memory: 855/924 903/984
-          Current Progress:  14 % - Matrix factorization
Memory: 842/924 908/984
-          Current Progress:  14 % - Solving linear system
Memory: 857/924 906/984
-----      Current Progress:  50 % - 
Memory: 773/924 804/984
Solution time: 4 s.
Physical memory: 858 MB
Virtual memory: 908 MB
Ended at Oct 1, 2026, 4:27:06 AM.
----- Stationary Solver 1 in Study 1/Solution 1 (sol1) ------------------------>
Dit_scale=1.00000: birinchi urinish muvaffaqiyatsiz (The_following_feature_has_encountered_a_problem), tozalab qayta urinamiz.
<---- Compile Equations: Semiconductor Equilibrium in Study 1/Solution 1 (sol1) -
Started at Oct 1, 2026, 4:27:06 AM.
Geometry shape function: Linear Lagrange
Running on 11th Gen Intel(R) Core(TM) i7-1165G7 at 2.80 GHz.
Using 1 socket with 4 cores in total on WIN-FNSSP1NOF49.
Available memory: 7.97 GB.
           Current Progress:   3 % - Compile Equations: Semiconductor Equilibrium
Memory: 720/924 749/984
           Current Progress:   3 % - Creating visualization mesh
Time: 1 s.
Physical memory: 724 MB
Virtual memory: 752 MB
Ended at Oct 1, 2026, 4:27:07 AM.
----- Compile Equations: Semiconductor Equilibrium in Study 1/Solution 1 (sol1) >
<---- Dependent Variables 1 in Study 1/Solution 1 (sol1) -----------------------
Started at Oct 1, 2026, 4:27:07 AM.
           Current Progress:   3 % - Dependent Variables 1
Memory: 729/924 757/984
Solution time: 0 s.
Physical memory: 729 MB
Virtual memory: 757 MB
Ended at Oct 1, 2026, 4:27:07 AM.
----- Dependent Variables 1 in Study 1/Solution 1 (sol1) ---------------------->
<---- Stationary Solver 1 in Study 1/Solution 1 (sol1) -------------------------
Started at Oct 1, 2026, 4:27:07 AM.
Nonlinear solver
Number of degrees of freedom solved for: 138873.
           Current Progress:   5 % - Assembling sparsity pattern
Memory: 756/924 784/984
Nonsymmetric matrix found.
Scales for dependent variables:
Electron solution variable (comp1.Ne): 1e+23
Hole solution variable (comp1.Ph): 1.6e+24
Electric potential (comp1.V): 8.2e+20
           Current Progress:   5 % - 
Memory: 764/924 793/984
Orthonormal null-space function used.
           Current Progress:   5 % - Matrix factorization
Memory: 796/924 834/984
Iter      SolEst      ResEst     Damping    Stepsize #Res #Jac #Sol
           Current Progress:   5 % - Assembling matrices
Memory: 842/924 888/984
           Current Progress:   9 % - Assembling matrices
Memory: 844/924 891/984
           Current Progress:   9 % - Solving linear system
Memory: 845/924 892/984
   1     3.1e+02     1.7e+22   0.0001000     3.1e+02    4    1    4
           Current Progress:   9 % - Assembling sparsity pattern
Memory: 846/924 892/984
           Current Progress:   9 % - Matrix factorization
Memory: 820/924 894/984
           Current Progress:   9 % - Solving linear system
Memory: 845/924 891/984
   2     1.1e+18     2.6e+10   0.0010000     9.3e+02    6    2    7
-          Current Progress:  14 % - Assembling matrices
Memory: 842/924 888/984
-          Current Progress:  14 % - Matrix factorization
Memory: 831/924 893/984
-          Current Progress:  14 % - Assembling matrices
Memory: 845/924 891/984
-----      Current Progress:  50 % - 
Memory: 759/924 788/984
Solution time: 4 s.
Physical memory: 846 MB
Virtual memory: 894 MB
Ended at Oct 1, 2026, 4:27:11 AM.
----- Stationary Solver 1 in Study 1/Solution 1 (sol1) ------------------------>
Dit_scale=1.00000: OGOHLANTIRISH - hali ham yaqinlashmadi: The_following_feature_has_encountered_a_problem
<---- Compile Equations: Semiconductor Equilibrium in Study 1/Solution 1 (sol1) -
Started at Oct 1, 2026, 4:27:11 AM.
Geometry shape function: Linear Lagrange
Running on 11th Gen Intel(R) Core(TM) i7-1165G7 at 2.80 GHz.
Using 1 socket with 4 cores in total on WIN-FNSSP1NOF49.
Available memory: 7.97 GB.
           Current Progress:   3 % - Compile Equations: Semiconductor Equilibrium
Memory: 774/924 804/984
           Current Progress:   3 % - Creating visualization mesh
Time: 1 s.
Physical memory: 774 MB
Virtual memory: 804 MB
Ended at Oct 1, 2026, 4:27:12 AM.
----- Compile Equations: Semiconductor Equilibrium in Study 1/Solution 1 (sol1) >
<---- Dependent Variables 1 in Study 1/Solution 1 (sol1) -----------------------
Started at Oct 1, 2026, 4:27:12 AM.
           Current Progress:   3 % - Dependent Variables 1
Memory: 779/924 808/984
Solution time: 0 s.
Physical memory: 779 MB
Virtual memory: 808 MB
Ended at Oct 1, 2026, 4:27:12 AM.
----- Dependent Variables 1 in Study 1/Solution 1 (sol1) ---------------------->
<---- Stationary Solver 1 in Study 1/Solution 1 (sol1) -------------------------
Started at Oct 1, 2026, 4:27:13 AM.
Nonlinear solver
Number of degrees of freedom solved for: 138873.
           Current Progress:   5 % - Assembling sparsity pattern
Memory: 792/924 821/984
Nonsymmetric matrix found.
Scales for dependent variables:
Electron solution variable (comp1.Ne): 1e+23
Hole solution variable (comp1.Ph): 1.6e+24
Electric potential (comp1.V): 8.2e+20
Orthonormal null-space function used.
           Current Progress:   5 % - Matrix factorization
Memory: 832/924 874/984
Iter      SolEst      ResEst     Damping    Stepsize #Res #Jac #Sol
           Current Progress:   5 % - Assembling matrices
Memory: 864/924 911/984
           Current Progress:   9 % - Solving linear system
Memory: 867/924 914/984
   1     3.2e+02     4.4e+22   0.0001000     3.2e+02    4    1    4
           Current Progress:   9 % - Assembling sparsity pattern
           Current Progress:   9 % - Matrix factorization
Memory: 843/924 916/984
           Current Progress:   9 % - Solving linear system
Memory: 866/924 913/984
   2     1.2e+23     3.3e+10   0.0010000     1.1e+03    6    2    7
-          Current Progress:  14 % - Assembling matrices
Memory: 865/924 911/984
-          Current Progress:  14 % - Matrix factorization
Memory: 849/924 916/984
-          Current Progress:  14 % - Solving linear system
Memory: 867/924 914/984
-----      Current Progress:  50 % - 
Memory: 781/924 811/984
Solution time: 4 s.
Physical memory: 867 MB
Virtual memory: 916 MB
Ended at Oct 1, 2026, 4:27:17 AM.
----- Stationary Solver 1 in Study 1/Solution 1 (sol1) ------------------------>
VD=0.20 VG=  80.00: birinchi urinish muvaffaqiyatsiz (The_following_feature_has_encountered_a_problem), tozalab qayta urinamiz.
<---- Compile Equations: Semiconductor Equilibrium in Study 1/Solution 1 (sol1) -
Started at Oct 1, 2026, 4:27:17 AM.
Geometry shape function: Linear Lagrange
Running on 11th Gen Intel(R) Core(TM) i7-1165G7 at 2.80 GHz.
Using 1 socket with 4 cores in total on WIN-FNSSP1NOF49.
Available memory: 7.97 GB.
           Current Progress:   3 % - Compile Equations: Semiconductor Equilibrium
Memory: 726/924 753/984
           Current Progress:   3 % - Creating visualization mesh
Memory: 727/924 754/984
Time: 1 s.
Physical memory: 727 MB
Virtual memory: 754 MB
Ended at Oct 1, 2026, 4:27:18 AM.
----- Compile Equations: Semiconductor Equilibrium in Study 1/Solution 1 (sol1) >
<---- Dependent Variables 1 in Study 1/Solution 1 (sol1) -----------------------
Started at Oct 1, 2026, 4:27:18 AM.
           Current Progress:   3 % - Dependent Variables 1
Memory: 731/924 758/984
Solution time: 0 s.
Physical memory: 731 MB
Virtual memory: 758 MB
Ended at Oct 1, 2026, 4:27:18 AM.
----- Dependent Variables 1 in Study 1/Solution 1 (sol1) ---------------------->
<---- Stationary Solver 1 in Study 1/Solution 1 (sol1) -------------------------
Started at Oct 1, 2026, 4:27:18 AM.
Nonlinear solver
Number of degrees of freedom solved for: 138873.
           Current Progress:   5 % - Assembling sparsity pattern
Memory: 751/924 778/984
Nonsymmetric matrix found.
Scales for dependent variables:
Electron solution variable (comp1.Ne): 1e+23
Hole solution variable (comp1.Ph): 1.6e+24
Electric potential (comp1.V): 8.2e+20
Orthonormal null-space function used.
           Current Progress:   5 % - Matrix factorization
Memory: 779/924 818/984
Iter      SolEst      ResEst     Damping    Stepsize #Res #Jac #Sol
           Current Progress:   5 % - Assembling matrices
Memory: 840/924 885/984
           Current Progress:   9 % - Assembling matrices
Memory: 842/924 887/984
           Current Progress:   9 % - Solving linear system
Memory: 843/924 888/984
   1     3.2e+02     4.5e+22   0.0001000     3.2e+02    4    1    4
           Current Progress:   9 % - Assembling sparsity pattern
Memory: 844/924 888/984
           Current Progress:   9 % - Matrix factorization
Memory: 818/924 890/984
           Current Progress:   9 % - Solving linear system
Memory: 843/924 887/984
   2     1.5e+19     1.7e+11   0.0010000     2.7e+03    6    2    7
-          Current Progress:  14 % - Assembling matrices
Memory: 841/924 884/984
-          Current Progress:  14 % - Matrix factorization
Memory: 817/924 885/984
-          Current Progress:  14 % - Solving linear system
Memory: 839/924 883/984
-          Current Progress:  14 % - Assembling matrices
Memory: 839/924 882/984
-----      Current Progress:  50 % - 
Memory: 753/924 779/984
Solution time: 5 s.
Physical memory: 844 MB
Virtual memory: 890 MB
Ended at Oct 1, 2026, 4:27:23 AM.
----- Stationary Solver 1 in Study 1/Solution 1 (sol1) ------------------------>
VD=0.20 VG=  80.00: OGOHLANTIRISH - hali ham yaqinlashmadi: The_following_feature_has_encountered_a_problem
<---- Compile Equations: Semiconductor Equilibrium in Study 1/Solution 1 (sol1) -
Started at Oct 1, 2026, 4:27:23 AM.
Geometry shape function: Linear Lagrange
Running on 11th Gen Intel(R) Core(TM) i7-1165G7 at 2.80 GHz.
Using 1 socket with 4 cores in total on WIN-FNSSP1NOF49.
Available memory: 7.97 GB.
           Current Progress:   3 % - Compile Equations: Semiconductor Equilibrium
Memory: 771/924 798/984
           Current Progress:   3 % - Creating visualization mesh
Time: 1 s.
Physical memory: 771 MB
Virtual memory: 798 MB
Ended at Oct 1, 2026, 4:27:24 AM.
----- Compile Equations: Semiconductor Equilibrium in Study 1/Solution 1 (sol1) >
<---- Dependent Variables 1 in Study 1/Solution 1 (sol1) -----------------------
Started at Oct 1, 2026, 4:27:24 AM.
           Current Progress:   3 % - Dependent Variables 1
Memory: 775/924 803/984
Solution time: 0 s.
Physical memory: 775 MB
Virtual memory: 803 MB
Ended at Oct 1, 2026, 4:27:24 AM.
----- Dependent Variables 1 in Study 1/Solution 1 (sol1) ---------------------->
<---- Stationary Solver 1 in Study 1/Solution 1 (sol1) -------------------------
Started at Oct 1, 2026, 4:27:24 AM.
Nonlinear solver
Number of degrees of freedom solved for: 138873.
           Current Progress:   5 % - Assembling sparsity pattern
Memory: 791/924 818/984
Nonsymmetric matrix found.
Scales for dependent variables:
Electron solution variable (comp1.Ne): 1e+23
Hole solution variable (comp1.Ph): 1.6e+24
Electric potential (comp1.V): 8.2e+20
Orthonormal null-space function used.
           Current Progress:   5 % - Matrix factorization
Memory: 824/924 863/984
Iter      SolEst      ResEst     Damping    Stepsize #Res #Jac #Sol
           Current Progress:   5 % - Assembling matrices
Memory: 863/924 908/984
           Current Progress:   9 % - Assembling matrices
Memory: 865/924 911/984
           Current Progress:   9 % - Solving linear system
Memory: 866/924 912/984
   1     5.5e+16     1.6e+22   0.0010000     1.6e+03    5    1    5
           Current Progress:   9 % - Assembling matrices
Memory: 863/924 909/984
           Current Progress:   9 % - Matrix factorization
Memory: 849/924 914/984
           Current Progress:   9 % - Solving linear system
Memory: 865/924 911/984
-----      Current Progress:  50 % - 
Memory: 779/924 807/984
Solution time: 3 s.
Physical memory: 866 MB
Virtual memory: 914 MB
Ended at Oct 1, 2026, 4:27:27 AM.
----- Stationary Solver 1 in Study 1/Solution 1 (sol1) ------------------------>
VD=0.20 VG=  79.00: birinchi urinish muvaffaqiyatsiz (The_following_feature_has_encountered_a_problem), tozalab qayta urinamiz.
<---- Compile Equations: Semiconductor Equilibrium in Study 1/Solution 1 (sol1) -
Started at Oct 1, 2026, 4:27:27 AM.
Geometry shape function: Linear Lagrange
Running on 11th Gen Intel(R) Core(TM) i7-1165G7 at 2.80 GHz.
Using 1 socket with 4 cores in total on WIN-FNSSP1NOF49.
Available memory: 7.97 GB.
           Current Progress:   3 % - Compile Equations: Semiconductor Equilibrium
Memory: 754/924 780/984
           Current Progress:   3 % - Creating visualization mesh
Time: 1 s.
Physical memory: 754 MB
Virtual memory: 780 MB
Ended at Oct 1, 2026, 4:27:28 AM.
----- Compile Equations: Semiconductor Equilibrium in Study 1/Solution 1 (sol1) >
<---- Dependent Variables 1 in Study 1/Solution 1 (sol1) -----------------------
Started at Oct 1, 2026, 4:27:28 AM.
           Current Progress:   3 % - Dependent Variables 1
Memory: 759/924 785/984
Solution time: 0 s.
Physical memory: 759 MB
Virtual memory: 785 MB
Ended at Oct 1, 2026, 4:27:28 AM.
----- Dependent Variables 1 in Study 1/Solution 1 (sol1) ---------------------->
<---- Stationary Solver 1 in Study 1/Solution 1 (sol1) -------------------------
Started at Oct 1, 2026, 4:27:28 AM.
Nonlinear solver
Number of degrees of freedom solved for: 138873.
           Current Progress:   5 % - Assembling sparsity pattern
Memory: 774/924 800/984
Nonsymmetric matrix found.
Scales for dependent variables:
Electron solution variable (comp1.Ne): 1e+23
Hole solution variable (comp1.Ph): 1.6e+24
Electric potential (comp1.V): 8.2e+20
Orthonormal null-space function used.
           Current Progress:   5 % - Matrix factorization
Memory: 803/924 843/984
Iter      SolEst      ResEst     Damping    Stepsize #Res #Jac #Sol
           Current Progress:   5 % - Assembling matrices
Memory: 846/924 890/984
           Current Progress:   9 % - Assembling matrices
Memory: 848/924 892/984
           Current Progress:   9 % - Solving linear system
Memory: 850/924 893/984
   1     3.1e+02     4.5e+22   0.0001000     3.2e+02    4    1    4
           Current Progress:   9 % - Assembling sparsity pattern
Memory: 848/924 893/984
           Current Progress:   9 % - Matrix factorization
Memory: 824/924 895/984
           Current Progress:   9 % - Solving linear system
Memory: 848/924 892/984
   2       3e+02     2.1e+10   0.0001000     2.3e+02    5    2    6
-          Current Progress:  14 % - Assembling matrices
Memory: 848/924 890/984
-          Current Progress:  14 % - Matrix factorization
Memory: 831/924 895/984
-          Current Progress:  14 % - Solving linear system
Memory: 783/924 826/984
   3     2.9e+22       9e+11   0.0010000       1e+03    7    3    9
-          Current Progress:  14 % - Matrix factorization
Memory: 743/924 771/984
-          Current Progress:  14 % - Assembling matrices
Memory: 785/924 828/984
-----      Current Progress:  50 % - 
Memory: 688/924 713/984
Solution time: 5 s.
Physical memory: 850 MB
Virtual memory: 895 MB
Ended at Oct 1, 2026, 4:27:34 AM.
----- Stationary Solver 1 in Study 1/Solution 1 (sol1) ------------------------>
VD=0.20 VG=  79.00: OGOHLANTIRISH - hali ham yaqinlashmadi: The_following_feature_has_encountered_a_problem
<---- Compile Equations: Semiconductor Equilibrium in Study 1/Solution 1 (sol1) -
Started at Oct 1, 2026, 4:27:34 AM.
Geometry shape function: Linear Lagrange
Running on 11th Gen Intel(R) Core(TM) i7-1165G7 at 2.80 GHz.
Using 1 socket with 4 cores in total on WIN-FNSSP1NOF49.
Available memory: 7.97 GB.
           Current Progress:   3 % - Compile Equations: Semiconductor Equilibrium
Memory: 754/924 784/984
           Current Progress:   3 % - Creating visualization mesh
Time: 1 s.
Physical memory: 755 MB
Virtual memory: 784 MB
Ended at Oct 1, 2026, 4:27:35 AM.
----- Compile Equations: Semiconductor Equilibrium in Study 1/Solution 1 (sol1) >
<---- Dependent Variables 1 in Study 1/Solution 1 (sol1) -----------------------
Started at Oct 1, 2026, 4:27:35 AM.
           Current Progress:   3 % - Dependent Variables 1
Memory: 759/924 788/984
Solution time: 0 s.
Physical memory: 759 MB
Virtual memory: 788 MB
Ended at Oct 1, 2026, 4:27:35 AM.
----- Dependent Variables 1 in Study 1/Solution 1 (sol1) ---------------------->
<---- Stationary Solver 1 in Study 1/Solution 1 (sol1) -------------------------
Started at Oct 1, 2026, 4:27:35 AM.
Nonlinear solver
Number of degrees of freedom solved for: 138873.
           Current Progress:   5 % - Assembling sparsity pattern
Memory: 775/924 804/984
Nonsymmetric matrix found.
Scales for dependent variables:
Electron solution variable (comp1.Ne): 1e+23
Hole solution variable (comp1.Ph): 1.6e+24
Electric potential (comp1.V): 8.2e+20
Orthonormal null-space function used.
           Current Progress:   5 % - Matrix factorization
Memory: 808/924 851/984
Iter      SolEst      ResEst     Damping    Stepsize #Res #Jac #Sol
           Current Progress:   5 % - Assembling matrices
Memory: 859/924 908/984
           Current Progress:   9 % - Assembling matrices
Memory: 861/924 910/984
           Current Progress:   9 % - Solving linear system
Memory: 863/924 911/984
   1     3.1e+02     4.3e+22   0.0001000     3.2e+02    4    1    4
           Current Progress:   9 % - Assembling sparsity pattern
Memory: 861/924 909/984
           Current Progress:   9 % - Matrix factorization
Memory: 836/924 914/984
           Current Progress:   9 % - Solving linear system
Memory: 861/924 914/984
   2     2.6e+02     3.5e+10   0.0001000     2.3e+02    5    2    6
-          Current Progress:  14 % - Assembling matrices
Memory: 863/924 908/984
-          Current Progress:  14 % - Matrix factorization
Memory: 843/924 913/984
-          Current Progress:  14 % - Solving linear system
Memory: 866/924 911/984
   3       2e+66     1.9e+17   0.0010000     3.5e+03    7    3    9
-          Current Progress:  14 % - Matrix factorization
Memory: 841/924 913/984
-          Current Progress:  14 % - Solving linear system
Memory: 866/924 911/984
-----      Current Progress:  50 % - 
Memory: 780/924 808/984
Solution time: 5 s.
Physical memory: 867 MB
Virtual memory: 914 MB
Ended at Oct 1, 2026, 4:27:40 AM.
----- Stationary Solver 1 in Study 1/Solution 1 (sol1) ------------------------>
VD=0.20 VG=  78.00: birinchi urinish muvaffaqiyatsiz (The_following_feature_has_encountered_a_problem), tozalab qayta urinamiz.
<---- Compile Equations: Semiconductor Equilibrium in Study 1/Solution 1 (sol1) -
Started at Oct 1, 2026, 4:27:40 AM.
Geometry shape function: Linear Lagrange
Running on 11th Gen Intel(R) Core(TM) i7-1165G7 at 2.80 GHz.
Using 1 socket with 4 cores in total on WIN-FNSSP1NOF49.
Available memory: 7.97 GB.
           Current Progress:   3 % - Compile Equations: Semiconductor Equilibrium
Memory: 730/924 760/984
           Current Progress:   3 % - Creating visualization mesh
Time: 1 s.
Physical memory: 731 MB
Virtual memory: 761 MB
Ended at Oct 1, 2026, 4:27:41 AM.
----- Compile Equations: Semiconductor Equilibrium in Study 1/Solution 1 (sol1) >
<---- Dependent Variables 1 in Study 1/Solution 1 (sol1) -----------------------
Started at Oct 1, 2026, 4:27:41 AM.
           Current Progress:   3 % - Dependent Variables 1
Memory: 735/924 765/984
Solution time: 0 s.
Physical memory: 735 MB
Virtual memory: 765 MB
Ended at Oct 1, 2026, 4:27:41 AM.
----- Dependent Variables 1 in Study 1/Solution 1 (sol1) ---------------------->
<---- Stationary Solver 1 in Study 1/Solution 1 (sol1) -------------------------
Started at Oct 1, 2026, 4:27:41 AM.
Nonlinear solver
Number of degrees of freedom solved for: 138873.
           Current Progress:   5 % - Assembling sparsity pattern
Memory: 754/924 782/984
Nonsymmetric matrix found.
Scales for dependent variables:
Electron solution variable (comp1.Ne): 1e+23
Hole solution variable (comp1.Ph): 1.6e+24
Electric potential (comp1.V): 8.2e+20
Orthonormal null-space function used.
           Current Progress:   5 % - Matrix factorization
Memory: 787/924 829/984
Iter      SolEst      ResEst     Damping    Stepsize #Res #Jac #Sol
           Current Progress:   5 % - Assembling matrices
Memory: 844/924 891/984
           Current Progress:   9 % - Solving linear system
Memory: 847/924 894/984
           Current Progress:   9 % - Assembling matrices
Memory: 846/924 893/984
   1     3.2e+02     4.2e+22   0.0001000     3.2e+02    4    1    4
           Current Progress:   9 % - Assembling sparsity pattern
Memory: 834/924 885/984
           Current Progress:   9 % - Assembling matrices
Memory: 846/924 892/984
           Current Progress:   9 % - Matrix factorization
Memory: 838/924 897/984
           Current Progress:   9 % - Assembling matrices
Memory: 848/924 893/984
   2     4.8e+16       1e+10   0.0010000     1.3e+03    6    2    7
-          Current Progress:  14 % - Assembling sparsity pattern
Memory: 837/924 883/984
-          Current Progress:  14 % - Constraint handling
Memory: 840/924 886/984
-          Current Progress:  14 % - Matrix factorization
Memory: 838/924 896/984
-          Current Progress:  14 % - Assembling matrices
Memory: 848/924 893/984
-----      Current Progress:  50 % - 
Memory: 762/924 790/984
Solution time: 5 s.
Physical memory: 848 MB
Virtual memory: 897 MB
Ended at Oct 1, 2026, 4:27:46 AM.
----- Stationary Solver 1 in Study 1/Solution 1 (sol1) ------------------------>
VD=0.20 VG=  78.00: OGOHLANTIRISH - hali ham yaqinlashmadi: The_following_feature_has_encountered_a_problem
<---- Compile Equations: Semiconductor Equilibrium in Study 1/Solution 1 (sol1) -
Started at Oct 1, 2026, 4:27:46 AM.
Geometry shape function: Linear Lagrange
Running on 11th Gen Intel(R) Core(TM) i7-1165G7 at 2.80 GHz.
Using 1 socket with 4 cores in total on WIN-FNSSP1NOF49.
Available memory: 7.97 GB.
           Current Progress:   2 % - Compile Equations: Semiconductor Equilibrium
Memory: 768/924 797/984
           Current Progress:   3 % - Compile Equations: Semiconductor Equilibrium
Memory: 781/924 810/984
           Current Progress:   3 % - Creating visualization mesh
Time: 1 s.
Physical memory: 781 MB
Virtual memory: 810 MB
Ended at Oct 1, 2026, 4:27:47 AM.
----- Compile Equations: Semiconductor Equilibrium in Study 1/Solution 1 (sol1) >
<---- Dependent Variables 1 in Study 1/Solution 1 (sol1) -----------------------
Started at Oct 1, 2026, 4:27:47 AM.
           Current Progress:   3 % - Dependent Variables 1
Memory: 785/924 814/984
Solution time: 0 s.
Physical memory: 785 MB
Virtual memory: 814 MB
Ended at Oct 1, 2026, 4:27:47 AM.
----- Dependent Variables 1 in Study 1/Solution 1 (sol1) ---------------------->
<---- Stationary Solver 1 in Study 1/Solution 1 (sol1) -------------------------
Started at Oct 1, 2026, 4:27:47 AM.
Nonlinear solver
Number of degrees of freedom solved for: 138873.
           Current Progress:   5 % - Assembling sparsity pattern
Memory: 802/924 831/984
Nonsymmetric matrix found.
           Current Progress:   5 % - 
Memory: 755/924 784/984
Scales for dependent variables:
Electron solution variable (comp1.Ne): 1e+23
Hole solution variable (comp1.Ph): 1.6e+24
Electric potential (comp1.V): 8.2e+20
Orthonormal null-space function used.
           Current Progress:   5 % - Matrix factorization
Memory: 804/924 846/984
Iter      SolEst      ResEst     Damping    Stepsize #Res #Jac #Sol
           Current Progress:   5 % - Solving linear system
Memory: 856/924 905/984
           Current Progress:   9 % - Assembling matrices
Memory: 858/924 907/984
           Current Progress:   9 % - Solving linear system
Memory: 859/924 908/984
   1     3.1e+02     4.5e+22   0.0001000     3.2e+02    4    1    4
           Current Progress:   9 % - Assembling sparsity pattern
Memory: 843/924 892/984
           Current Progress:   9 % - Assembling matrices
Memory: 858/924 906/984
           Current Progress:   9 % - Matrix factorization
Memory: 850/924 911/984
           Current Progress:   9 % - Assembling matrices
Memory: 859/924 908/984
   2     3.5e+23     4.1e+10   0.0010000     1.7e+03    6    2    7
-          Current Progress:  14 % - Assembling sparsity pattern
Memory: 849/924 897/984
-          Current Progress:  14 % - Matrix factorization
Memory: 822/924 867/984
-          Current Progress:  14 % - 
Memory: 861/924 909/984
-----      Current Progress:  50 % - 
Memory: 774/924 805/984
Solution time: 5 s.
Physical memory: 861 MB
Virtual memory: 911 MB
Ended at Oct 1, 2026, 4:27:51 AM.
----- Stationary Solver 1 in Study 1/Solution 1 (sol1) ------------------------>
VD=0.20 VG=  77.00: birinchi urinish muvaffaqiyatsiz (The_following_feature_has_encountered_a_problem), tozalab qayta urinamiz.
<---- Compile Equations: Semiconductor Equilibrium in Study 1/Solution 1 (sol1) -
Started at Oct 1, 2026, 4:27:52 AM.
Geometry shape function: Linear Lagrange
Running on 11th Gen Intel(R) Core(TM) i7-1165G7 at 2.80 GHz.
Using 1 socket with 4 cores in total on WIN-FNSSP1NOF49.
Available memory: 7.97 GB.
           Current Progress:   3 % - Compile Equations: Semiconductor Equilibrium
Memory: 737/924 768/984
           Current Progress:   3 % - Creating visualization mesh
Time: 1 s.
Physical memory: 744 MB
Virtual memory: 774 MB
Ended at Oct 1, 2026, 4:27:53 AM.
----- Compile Equations: Semiconductor Equilibrium in Study 1/Solution 1 (sol1) >
<---- Dependent Variables 1 in Study 1/Solution 1 (sol1) -----------------------
Started at Oct 1, 2026, 4:27:53 AM.
           Current Progress:   3 % - Dependent Variables 1
Memory: 748/924 778/984
Solution time: 0 s.
Physical memory: 748 MB
Virtual memory: 778 MB
Ended at Oct 1, 2026, 4:27:53 AM.
----- Dependent Variables 1 in Study 1/Solution 1 (sol1) ---------------------->
<---- Stationary Solver 1 in Study 1/Solution 1 (sol1) -------------------------
Started at Oct 1, 2026, 4:27:53 AM.
Nonlinear solver
Number of degrees of freedom solved for: 138873.
           Current Progress:   5 % - Assembling sparsity pattern
Memory: 763/924 792/984
Nonsymmetric matrix found.
Scales for dependent variables:
Electron solution variable (comp1.Ne): 1e+23
Hole solution variable (comp1.Ph): 1.6e+24
Electric potential (comp1.V): 8.2e+20
Orthonormal null-space function used.
           Current Progress:   5 % - Matrix factorization
Memory: 790/924 830/984
Iter      SolEst      ResEst     Damping    Stepsize #Res #Jac #Sol
           Current Progress:   5 % - Solving linear system
Memory: 847/924 893/984
           Current Progress:   9 % - Solving linear system
Memory: 850/924 896/984
   1     3.2e+02     4.4e+22   0.0001000     3.2e+02    4    1    4
           Current Progress:   9 % - Assembling matrices
Memory: 848/924 894/984
           Current Progress:   9 % - Matrix factorization
Memory: 834/924 898/984
           Current Progress:   9 % - Solving linear system
Memory: 850/924 895/984
   2     2.6e+02     3.9e+10   0.0001000     2.2e+02    5    2    6
-          Current Progress:  14 % - Assembling matrices
Memory: 847/924 893/984
-          Current Progress:  14 % - Matrix factorization
Memory: 835/924 897/984
-          Current Progress:  14 % - Assembling matrices
Memory: 850/924 895/984
   3     4.8e+92     8.2e+19   0.0010000     1.4e+04    7    3    9
-          Current Progress:  14 % - Matrix factorization
Memory: 832/924 897/984
-          Current Progress:  14 % - Solving linear system
Memory: 850/924 895/984
-----      Current Progress:  50 % - 
Memory: 765/924 792/984
Solution time: 5 s.
Physical memory: 850 MB
Virtual memory: 898 MB
Ended at Oct 1, 2026, 4:27:58 AM.
----- Stationary Solver 1 in Study 1/Solution 1 (sol1) ------------------------>
VD=0.20 VG=  77.00: OGOHLANTIRISH - hali ham yaqinlashmadi: The_following_feature_has_encountered_a_problem
<---- Compile Equations: Semiconductor Equilibrium in Study 1/Solution 1 (sol1) -
Started at Oct 1, 2026, 4:27:58 AM.
Geometry shape function: Linear Lagrange
Running on 11th Gen Intel(R) Core(TM) i7-1165G7 at 2.80 GHz.
Using 1 socket with 4 cores in total on WIN-FNSSP1NOF49.
Available memory: 7.97 GB.
           Current Progress:   3 % - Compile Equations: Semiconductor Equilibrium
Memory: 779/924 808/984
           Current Progress:   3 % - Creating visualization mesh
Time: 1 s.
Physical memory: 779 MB
Virtual memory: 808 MB
Ended at Oct 1, 2026, 4:27:59 AM.
----- Compile Equations: Semiconductor Equilibrium in Study 1/Solution 1 (sol1) >
<---- Dependent Variables 1 in Study 1/Solution 1 (sol1) -----------------------
Started at Oct 1, 2026, 4:27:59 AM.
           Current Progress:   3 % - Dependent Variables 1
Memory: 783/924 812/984
Solution time: 0 s.
Physical memory: 783 MB
Virtual memory: 812 MB
Ended at Oct 1, 2026, 4:27:59 AM.
----- Dependent Variables 1 in Study 1/Solution 1 (sol1) ---------------------->
<---- Stationary Solver 1 in Study 1/Solution 1 (sol1) -------------------------
Started at Oct 1, 2026, 4:27:59 AM.
Nonlinear solver
Number of degrees of freedom solved for: 138873.
           Current Progress:   5 % - Assembling sparsity pattern
Memory: 796/924 825/984
Nonsymmetric matrix found.
Scales for dependent variables:
Electron solution variable (comp1.Ne): 1e+23
Hole solution variable (comp1.Ph): 1.6e+24
Electric potential (comp1.V): 8.2e+20
Orthonormal null-space function used.
           Current Progress:   5 % - Matrix factorization
Memory: 821/924 861/984
Iter      SolEst      ResEst     Damping    Stepsize #Res #Jac #Sol
           Current Progress:   5 % - Solving linear system
Memory: 868/924 915/984
           Current Progress:   9 % - Assembling matrices
Memory: 870/924 917/984
           Current Progress:   9 % - Solving linear system
Memory: 871/924 918/984
   1     3.2e+02     4.4e+22   0.0001000     3.2e+02    4    1    4
           Current Progress:   9 % - Assembling sparsity pattern
Memory: 866/924 913/984
           Current Progress:   9 % - Matrix factorization
Memory: 845/924 920/984
           Current Progress:   9 % - Solving linear system
Memory: 870/924 917/984
   2     1.7e+17     3.3e+10   0.0010000     1.3e+03    6    2    7
-          Current Progress:  14 % - Assembling matrices
Memory: 869/924 915/984
-          Current Progress:  14 % - Matrix factorization
Memory: 853/924 920/984
-          Current Progress:  14 % - Solving linear system
Memory: 871/924 918/984
-----      Current Progress:  50 % - 
Memory: 731/924 759/984
Solution time: 4 s.
Physical memory: 871 MB
Virtual memory: 920 MB
Ended at Oct 1, 2026, 4:28:04 AM.
----- Stationary Solver 1 in Study 1/Solution 1 (sol1) ------------------------>
VD=0.20 VG=  76.00: birinchi urinish muvaffaqiyatsiz (The_following_feature_has_encountered_a_problem), tozalab qayta urinamiz.
<---- Compile Equations: Semiconductor Equilibrium in Study 1/Solution 1 (sol1) -
Started at Oct 1, 2026, 4:28:04 AM.
Geometry shape function: Linear Lagrange
Running on 11th Gen Intel(R) Core(TM) i7-1165G7 at 2.80 GHz.
Using 1 socket with 4 cores in total on WIN-FNSSP1NOF49.
Available memory: 7.97 GB.
           Current Progress:   3 % - Compile Equations: Semiconductor Equilibrium
Memory: 727/924 755/984
           Current Progress:   3 % - Creating visualization mesh
Memory: 729/924 756/984
Time: 1 s.
Physical memory: 730 MB
Virtual memory: 757 MB
Ended at Oct 1, 2026, 4:28:05 AM.
----- Compile Equations: Semiconductor Equilibrium in Study 1/Solution 1 (sol1) >
<---- Dependent Variables 1 in Study 1/Solution 1 (sol1) -----------------------
Started at Oct 1, 2026, 4:28:05 AM.
           Current Progress:   3 % - Dependent Variables 1
Memory: 734/924 761/984
Solution time: 0 s.
Physical memory: 734 MB
Virtual memory: 761 MB
Ended at Oct 1, 2026, 4:28:05 AM.
----- Dependent Variables 1 in Study 1/Solution 1 (sol1) ---------------------->
<---- Stationary Solver 1 in Study 1/Solution 1 (sol1) -------------------------
Started at Oct 1, 2026, 4:28:05 AM.
Nonlinear solver
Number of degrees of freedom solved for: 138873.
           Current Progress:   5 % - Assembling sparsity pattern
Memory: 756/924 782/984
Nonsymmetric matrix found.
Scales for dependent variables:
Electron solution variable (comp1.Ne): 1e+23
Hole solution variable (comp1.Ph): 1.6e+24
Electric potential (comp1.V): 8.2e+20
Orthonormal null-space function used.
           Current Progress:   5 % - Matrix factorization
Memory: 781/924 820/984
Iter      SolEst      ResEst     Damping    Stepsize #Res #Jac #Sol
           Current Progress:   5 % - Assembling matrices
Memory: 841/924 887/984
           Current Progress:   9 % - Solving linear system
Memory: 844/924 890/984
   1     5.5e+16     1.7e+22   0.0010000     1.6e+03    5    1    5
           Current Progress:   9 % - Assembling matrices
Memory: 842/924 888/984
           Current Progress:   9 % - Matrix factorization
Memory: 822/924 893/984
           Current Progress:   9 % - Solving linear system
Memory: 844/924 889/984
-----      Current Progress:  50 % - 
Memory: 759/924 786/984
Solution time: 3 s.
Physical memory: 844 MB
Virtual memory: 893 MB
Ended at Oct 1, 2026, 4:28:08 AM.
----- Stationary Solver 1 in Study 1/Solution 1 (sol1) ------------------------>
VD=0.20 VG=  76.00: OGOHLANTIRISH - hali ham yaqinlashmadi: The_following_feature_has_encountered_a_problem
Tayyor: C:\comsol_tranzistor\ish\model\transfer.csv
MPH saqlandi: C:\comsol_tranzistor\ish\model\MoS2Fet_transfer.mph
Class run time: 274 s.
Saving model: C:\comsol_tranzistor\ish\model\MoS2Fet_Model.mph
Save time: 0 s.
Total time: 275 s.
---------- Current Progress: 100 % - Done
Memory: 752/924 779/984
