*******************************************
***COMSOL 6.0.0.318 progress output file***
*******************************************
Wed Sep 30 02:22:40 UZT 2026
COMSOL Multiphysics 6.0 (Build: 318) starting in batch mode
Running: C:\comsol_tranzistor\ish\model\MoS2Fet.class
params.txt o'qildi: C:\comsol_tranzistor\ish\model\params.txt
---------- Current Progress: 100 % - Updating selections
Memory: 395/395 417/417
           Current Progress:   0 % - Polygon 1
Memory: 365/396 392/417
           Current Progress:   9 % - Form Union
Memory: 368/396 394/417
-------    Current Progress:  70 % - Resolving domains
---------- Current Progress: 100 % - Updating selections
Memory: 369/396 394/417
---------- Current Progress: 100 % - Creating visualization mesh
Memory: 374/396 396/417
---------- Current Progress: 100 % - Updating selections
Memory: 492/492 510/510
           Current Progress:   0 % - Interval 1
Memory: 484/492 502/510
           Current Progress:   9 % - Form Union
Memory: 486/492 504/510
---------- Current Progress: 100 % - Updating selections
Memory: 485/492 503/510
Number of vertex elements: 6
Number of boundary elements: 4869
-          Current Progress:  10 % - Preparing for advancing front meshing
Memory: 484/500 504/518
-          Current Progress:  11 % - Preparing for advancing front meshing
Memory: 445/500 473/518
--         Current Progress:  23 % - Inserting interior points
Memory: 447/500 474/518
--         Current Progress:  24 % - Inserting interior points
Memory: 448/500 475/518
----       Current Progress:  40 % - Inserting interior points
----       Current Progress:  42 % - Inserting interior points
Memory: 449/500 476/518
----       Current Progress:  44 % - Inserting interior points
Memory: 455/500 481/518
Number of elements: 24171
---------  Current Progress:  95 % - Improving element quality
Memory: 443/500 461/518
Minimum element quality: 0.6181
---------- Current Progress: 100 % - Improving element quality
Memory: 440/500 463/518
Model qurildi (mode=transfer).
Running on 11th Gen Intel(R) Core(TM) i7-1165G7 at 2.80 GHz.
Using 1 socket with 4 cores in total on WIN-FNSSP1NOF49.
Available memory: 7.97 GB.
Number of boundary elements: 2
Number of elements: 25
           Current Progress:   6 % - Creating boundary mesh
Memory: 499/504 517/520
<---- Compile Equations: Semiconductor Equilibrium in Study 1/Solution 1 (sol1) -
Started at Sep 30, 2026, 2:22:53 AM.
Geometry shape function: Linear Lagrange
Geometry shape function: Quadratic Lagrange
Running on 11th Gen Intel(R) Core(TM) i7-1165G7 at 2.80 GHz.
Using 1 socket with 4 cores in total on WIN-FNSSP1NOF49.
Available memory: 7.97 GB.
           Current Progress:   5 % - Compile Equations: Semiconductor Equilibrium
Memory: 645/665 661/682
           Current Progress:   5 % - Creating visualization mesh
Memory: 636/665 649/682
Time: 1 s.
Physical memory: 645 MB
Virtual memory: 661 MB
Ended at Sep 30, 2026, 2:22:54 AM.
----- Compile Equations: Semiconductor Equilibrium in Study 1/Solution 1 (sol1) >
<---- Dependent Variables 1 in Study 1/Solution 1 (sol1) -----------------------
Started at Sep 30, 2026, 2:22:54 AM.
           Current Progress:   5 % - Dependent Variables 1
Memory: 632/665 644/682
Solution time: 0 s.
Physical memory: 638 MB
Virtual memory: 651 MB
Ended at Sep 30, 2026, 2:22:54 AM.
----- Dependent Variables 1 in Study 1/Solution 1 (sol1) ---------------------->
<---- Stationary Solver 1 in Study 1/Solution 1 (sol1) -------------------------
Started at Sep 30, 2026, 2:22:54 AM.
Nonlinear solver
Number of degrees of freedom solved for: 125013.
           Current Progress:   7 % - Assembling matrices
Memory: 671/676 681/685
Nonsymmetric matrix found.
Scales for dependent variables:
Electron solution variable (comp1.Ne): 2.7e+14
Hole solution variable (comp1.Ph): 2.7e+14
Trap occupancy (comp1.semi.tasr1.ctb1.ft): 3.4e+14
Electric potential (comp1.V): 2e+12
Orthonormal null-space function used.
           Current Progress:   7 % - Matrix factorization
Memory: 700/706 717/726
Iter      SolEst      ResEst     Damping    Stepsize #Res #Jac #Sol
           Current Progress:   7 % - Assembling matrices
Memory: 735/738 762/768
-          Current Progress:  11 % - Solving linear system
Memory: 742/742 769/772
   1     1.5e+02     5.4e+15   0.0012677     1.5e+02    4    1    4
-          Current Progress:  11 % - Assembling matrices
Memory: 744/745 770/772
-          Current Progress:  11 % - Matrix factorization
Memory: 729/747 757/773
   2          78     1.9e+04   0.0034960          78    5    2    6
-          Current Progress:  16 % - Assembling sparsity pattern
Memory: 731/747 759/773
-          Current Progress:  16 % - Matrix factorization
Memory: 723/747 772/773
-          Current Progress:  16 % - Solving linear system
Memory: 738/747 765/773
   3          81     2.3e+04   0.0011595          82    6    3    8
-          Current Progress:  16 % - Matrix factorization
Memory: 715/747 769/773
-          Current Progress:  16 % - Assembling matrices
Memory: 737/747 764/773
   4          62     4.2e+04   0.0020639          62    7    4   10
--         Current Progress:  27 % - Matrix factorization
Memory: 662/747 716/773
--         Current Progress:  27 % - Solving linear system
Memory: 716/747 747/773
   5          62     5.7e+04   0.0013491          62    8    5   12
--         Current Progress:  27 % - Assembling matrices
Memory: 701/747 728/773
--         Current Progress:  27 % - Matrix factorization
Memory: 707/747 736/773
   6          56     9.7e+04   0.0017522          56    9    6   14
--         Current Progress:  29 % - Solving linear system
Memory: 705/747 733/773
--         Current Progress:  29 % - Matrix factorization
Memory: 706/747 742/773
--         Current Progress:  29 % - Solving linear system
Memory: 708/747 737/773
   7          57     1.4e+05   0.0013811          57   10    7   16
--         Current Progress:  29 % - Matrix factorization
Memory: 687/747 732/773
--         Current Progress:  29 % - Solving linear system
Memory: 707/747 734/773
   8          55     2.3e+05   0.0015239          55   11    8   18
---        Current Progress:  30 % - Matrix factorization
Memory: 691/747 740/773
---        Current Progress:  30 % - Solving linear system
Memory: 706/747 734/773
   9          56     3.3e+05   0.0012697          56   12    9   20
---        Current Progress:  30 % - Assembling matrices
Memory: 707/747 735/773
---        Current Progress:  30 % - Solving linear system
Memory: 708/747 735/773
  10          55     5.1e+05   0.0012269          55   13   10   22
---        Current Progress:  30 % - Assembling matrices
Memory: 707/747 735/773
---        Current Progress:  30 % - Matrix factorization
Memory: 710/747 742/773
---        Current Progress:  30 % - Solving linear system
Memory: 706/747 734/773
  11          56     7.4e+05   0.0010452          56   14   11   24
---        Current Progress:  30 % - Matrix factorization
Memory: 703/747 742/773
---        Current Progress:  30 % - Solving linear system
Memory: 708/747 736/773
  12          56     1.1e+06   0.0009528          57   15   12   26
---        Current Progress:  30 % - Matrix factorization
Memory: 699/747 743/773
---        Current Progress:  30 % - Assembling matrices
Memory: 686/747 713/773
  13          57     1.6e+06   0.0008130          57   16   13   28
---        Current Progress:  30 % - Matrix factorization
Memory: 658/747 670/773
---        Current Progress:  30 % - Solving linear system
Memory: 686/747 713/773
  14          58     2.3e+06   0.0006975          58   17   14   30
---        Current Progress:  30 % - Assembling matrices
Memory: 685/747 713/773
---        Current Progress:  30 % - Solving linear system
Memory: 686/747 714/773
  15          60     3.3e+06   0.0005779          60   18   15   32
---        Current Progress:  30 % - Assembling matrices
Memory: 686/747 713/773
---        Current Progress:  30 % - Matrix factorization
Memory: 692/747 721/773
  16          61     4.7e+06   0.0004827          61   19   16   34
---        Current Progress:  30 % - Assembling matrices
Memory: 687/747 715/773
---        Current Progress:  30 % - Matrix factorization
Memory: 692/747 722/773
  17          63     6.8e+06   0.0004053          63   20   17   36
---        Current Progress:  30 % - Assembling matrices
Memory: 687/747 715/773
---        Current Progress:  30 % - Matrix factorization
Memory: 688/747 723/773
  18          65       1e+07   0.0003482          65   21   18   38
---        Current Progress:  30 % - Solving linear system
Memory: 685/747 715/773
---        Current Progress:  30 % - Matrix factorization
Memory: 689/747 723/773
---        Current Progress:  30 % - Solving linear system
Memory: 683/747 709/773
  19          68     1.5e+07   0.0003057          68   22   19   40
---        Current Progress:  30 % - Matrix factorization
Memory: 679/747 719/773
---        Current Progress:  30 % - Solving linear system
Memory: 687/747 714/773
  20          71     2.4e+07   0.0002764          71   23   20   42
---        Current Progress:  30 % - Matrix factorization
Memory: 675/747 720/773
---        Current Progress:  30 % - Solving linear system
Memory: 687/747 714/773
  21          74       4e+07   0.0002589          74   24   21   44
---        Current Progress:  30 % - Matrix factorization
Memory: 674/747 721/773
---        Current Progress:  30 % - Solving linear system
Memory: 686/747 715/773
  22          76     6.9e+07   0.0002510          76   25   22   46
---        Current Progress:  30 % - Matrix factorization
Memory: 691/747 745/773
---        Current Progress:  30 % - Solving linear system
Memory: 714/747 742/773
  23          77     1.3e+08   0.0002454          77   26   23   48
---        Current Progress:  30 % - Assembling matrices
Memory: 714/747 741/773
---        Current Progress:  30 % - Solving linear system
Memory: 715/747 742/773
  24          77     2.3e+08   0.0002361          77   27   24   50
---        Current Progress:  36 % - Assembling matrices
Memory: 714/747 741/773
---        Current Progress:  36 % - Matrix factorization
Memory: 719/747 749/773
  25          76     4.1e+08   0.0002295          76   28   25   52
---        Current Progress:  39 % - Assembling matrices
Memory: 714/747 741/773
---        Current Progress:  39 % - Matrix factorization
Memory: 718/747 749/773
  26          75     7.4e+08   0.0002303          75   29   26   54
----       Current Progress:  40 % - Solving linear system
Memory: 683/747 709/773
----       Current Progress:  40 % - Matrix factorization
Memory: 693/747 730/773
----       Current Progress:  40 % - Solving linear system
Memory: 698/747 725/773
  27          73     1.3e+09   0.0002319          73   30   27   56
----       Current Progress:  41 % - Matrix factorization
Memory: 693/747 734/773
----       Current Progress:  41 % - Solving linear system
Memory: 701/747 728/773
  28          71     2.4e+09   0.0002326          71   31   28   58
----       Current Progress:  41 % - Matrix factorization
Memory: 686/747 734/773
----       Current Progress:  41 % - Assembling matrices
Memory: 699/747 725/773
  29          69     4.3e+09   0.0002431          69   32   29   60
----       Current Progress:  42 % - Matrix factorization
Memory: 677/747 695/773
----       Current Progress:  42 % - Solving linear system
Memory: 701/747 728/773
  30          66     7.9e+09   0.0002678          66   33   30   62
----       Current Progress:  42 % - Assembling matrices
----       Current Progress:  42 % - Matrix factorization
Memory: 701/747 730/773
  31          63     1.5e+10   0.0003115          63   34   31   64
----       Current Progress:  43 % - Assembling matrices
Memory: 702/747 728/773
----       Current Progress:  43 % - Matrix factorization
Memory: 681/747 712/773
----       Current Progress:  43 % - Solving linear system
Memory: 684/747 711/773
  32          59     3.2e+10   0.0004058          59   35   32   66
----       Current Progress:  43 % - Matrix factorization
Memory: 681/747 721/773
----       Current Progress:  43 % - Solving linear system
Memory: 687/747 714/773
  33          54     7.9e+10   0.0006367          54   36   33   68
----       Current Progress:  44 % - Matrix factorization
Memory: 666/747 721/773
----       Current Progress:  44 % - Solving linear system
Memory: 686/747 713/773
  34          49     2.5e+11   0.0012804          49   37   34   70
----       Current Progress:  45 % - Matrix factorization
Memory: 664/747 682/773
----       Current Progress:  45 % - Solving linear system
Memory: 688/747 715/773
  35          42     1.3e+12   0.0037505          42   38   35   72
----       Current Progress:  45 % - Assembling matrices
Memory: 682/747 708/773
----       Current Progress:  45 % - Solving linear system
Memory: 687/747 713/773
  36          21     8.4e+12   0.0141433          21   39   36   74
----       Current Progress:  47 % - Assembling matrices
Memory: 696/747 723/773
----       Current Progress:  47 % - Matrix factorization
Memory: 704/747 732/773
  37         7.9     1.4e+13   0.0304490         8.1   40   37   76
----       Current Progress:  48 % - Assembling matrices
Memory: 698/747 725/773
----       Current Progress:  48 % - Matrix factorization
Memory: 696/747 732/773
----       Current Progress:  48 % - Solving linear system
Memory: 699/747 726/773
  38         3.3     2.7e+13   0.0586045         3.5   41   38   78
----       Current Progress:  48 % - Matrix factorization
Memory: 688/747 733/773
----       Current Progress:  48 % - Assembling matrices
Memory: 697/747 724/773
  39         1.7     3.4e+13   0.0655043         1.8   42   39   80
----       Current Progress:  48 % - Matrix factorization
Memory: 679/747 733/773
----       Current Progress:  48 % - Solving linear system
Memory: 699/747 726/773
  40         1.1     4.6e+13   0.1025107         1.3   43   40   82
----       Current Progress:  48 % - Assembling matrices
Memory: 698/747 725/773
----       Current Progress:  48 % - Solving linear system
Memory: 699/747 726/773
  41        0.99     4.9e+13   0.0946781         1.1   44   41   84
----       Current Progress:  48 % - Assembling matrices
Memory: 698/747 725/773
----       Current Progress:  48 % - Matrix factorization
Memory: 698/747 733/773
----       Current Progress:  48 % - Solving linear system
Memory: 699/747 726/773
  42           2     4.8e+13   0.0230170           2   45   42   86
----       Current Progress:  48 % - Matrix factorization
Memory: 695/747 733/773
----       Current Progress:  48 % - Solving linear system
Memory: 697/747 727/773
  43         3.3     4.7e+13   0.0127244         3.3   46   43   88
----       Current Progress:  48 % - Assembling matrices
Memory: 698/747 726/773
----       Current Progress:  48 % - Matrix factorization
Memory: 700/747 733/773
----       Current Progress:  48 % - Solving linear system
Memory: 699/747 727/773
  44           2     4.6e+13   0.0248739         2.1   47   44   90
----       Current Progress:  48 % - Matrix factorization
Memory: 673/747 697/773
----       Current Progress:  48 % - Solving linear system
Memory: 699/747 727/773
  45         1.8     4.6e+13   0.0266890         1.8   48   45   92
----       Current Progress:  48 % - Assembling matrices
Memory: 698/747 726/773
----       Current Progress:  48 % - Matrix factorization
Memory: 689/747 733/773
----       Current Progress:  48 % - Solving linear system
Memory: 699/747 727/773
  46         1.2     4.6e+13   0.0595562         1.3   49   46   94
----       Current Progress:  48 % - Assembling matrices
----       Current Progress:  48 % - Matrix factorization
Memory: 699/747 734/773
----       Current Progress:  48 % - Solving linear system
Memory: 699/747 727/773
  47        0.62     7.2e+13   0.1594391        0.74   50   47   96
----       Current Progress:  48 % - Constraint handling
Memory: 697/747 725/773
----       Current Progress:  48 % - Matrix factorization
Memory: 701/747 733/773
----       Current Progress:  48 % - Solving linear system
Memory: 697/747 730/773
  48        0.14     4.7e+14   0.9395409        0.47   51   48   98
----       Current Progress:  49 % - Assembling matrices
Memory: 698/747 726/773
----       Current Progress:  49 % - Matrix factorization
Memory: 705/747 733/773
----       Current Progress:  49 % - Solving linear system
Memory: 699/747 727/773
  49      0.0088     8.8e+13   1.0000000        0.19   52   49  100
-----      Current Progress:  50 % - Matrix factorization
Memory: 681/747 733/773
-----      Current Progress:  50 % - Solving linear system
Memory: 699/747 727/773
  50      0.0012     7.3e+12   1.0000000      0.0094   53   50  102
-----      Current Progress:  51 % - Solving linear system
Memory: 697/747 725/773
-----      Current Progress:  52 % - Solving linear system
Memory: 600/747 613/773
Solution time: 30 s.
Physical memory: 744 MB
Virtual memory: 772 MB
Ended at Sep 30, 2026, 2:23:24 AM.
----- Stationary Solver 1 in Study 1/Solution 1 (sol1) ------------------------>
Boshlang'ich nuqta yaqinlashmadi (The_following_feature_has_encountered_a_problem), solver sozlamalarini oshiramiz.
  maxiter -> 200 (FullyCoupled)
  maxiter -> 200 (FullyCoupled)
<---- Compile Equations: Semiconductor Equilibrium in Study 1/Solution 1 (sol1) -
Started at Sep 30, 2026, 2:23:24 AM.
Geometry shape function: Linear Lagrange
Geometry shape function: Quadratic Lagrange
Running on 11th Gen Intel(R) Core(TM) i7-1165G7 at 2.80 GHz.
Using 1 socket with 4 cores in total on WIN-FNSSP1NOF49.
Available memory: 7.97 GB.
           Current Progress:   3 % - Compile Equations: Semiconductor Equilibrium
Memory: 684/747 694/773
           Current Progress:   3 % - Creating visualization mesh
Time: 1 s.
Physical memory: 686 MB
Virtual memory: 697 MB
Ended at Sep 30, 2026, 2:23:26 AM.
----- Compile Equations: Semiconductor Equilibrium in Study 1/Solution 1 (sol1) >
<---- Dependent Variables 1 in Study 1/Solution 1 (sol1) -----------------------
Started at Sep 30, 2026, 2:23:26 AM.
           Current Progress:   3 % - Dependent Variables 1
Memory: 691/747 701/773
Solution time: 0 s.
Physical memory: 691 MB
Virtual memory: 701 MB
Ended at Sep 30, 2026, 2:23:26 AM.
----- Dependent Variables 1 in Study 1/Solution 1 (sol1) ---------------------->
<---- Stationary Solver 1 in Study 1/Solution 1 (sol1) -------------------------
Started at Sep 30, 2026, 2:23:26 AM.
Nonlinear solver
Number of degrees of freedom solved for: 125013.
           Current Progress:   5 % - Assembling sparsity pattern
Memory: 706/747 716/773
           Current Progress:   5 % - Assembling matrices
Memory: 710/747 720/773
Nonsymmetric matrix found.
Scales for dependent variables:
Electron solution variable (comp1.Ne): 2.7e+14
Hole solution variable (comp1.Ph): 2.7e+14
Trap occupancy (comp1.semi.tasr1.ctb1.ft): 3.4e+14
Electric potential (comp1.V): 2e+12
Orthonormal null-space function used.
           Current Progress:   5 % - Matrix factorization
Memory: 733/747 753/773
Iter      SolEst      ResEst     Damping    Stepsize #Res #Jac #Sol
           Current Progress:   5 % - Solving linear system
Memory: 772/772 799/802
           Current Progress:   9 % - Solving linear system
Memory: 717/776 749/806
   1     1.5e+02     5.4e+15   0.0012677     1.5e+02    4    1    4
           Current Progress:   9 % - Assembling matrices
Memory: 729/776 757/806
           Current Progress:   9 % - Matrix factorization
Memory: 716/776 763/806
           Current Progress:   9 % - Solving linear system
Memory: 731/776 759/806
   2          78     1.9e+04   0.0034960          78    5    2    6
-          Current Progress:  14 % - Assembling sparsity pattern
Memory: 729/776 757/806
-          Current Progress:  14 % - Matrix factorization
Memory: 718/776 768/806
-          Current Progress:  14 % - Solving linear system
Memory: 735/776 763/806
   3          81     2.3e+04   0.0011595          82    6    3    8
-          Current Progress:  14 % - Assembling matrices
-          Current Progress:  14 % - Matrix factorization
Memory: 722/776 768/806
-          Current Progress:  14 % - Solving linear system
Memory: 735/776 763/806
   4          62     4.2e+04   0.0020639          62    7    4   10
--         Current Progress:  25 % - Assembling matrices
Memory: 733/776 761/806
--         Current Progress:  25 % - Matrix factorization
Memory: 730/776 772/806
--         Current Progress:  25 % - Assembling matrices
Memory: 737/776 765/806
   5          62     5.7e+04   0.0013491          62    8    5   12
--         Current Progress:  25 % - Matrix factorization
Memory: 738/776 774/806
--         Current Progress:  25 % - Solving linear system
Memory: 740/776 768/806
   6          56     9.7e+04   0.0017522          56    9    6   14
--         Current Progress:  27 % - Assembling matrices
Memory: 736/776 763/806
--         Current Progress:  27 % - Matrix factorization
Memory: 739/776 772/806
--         Current Progress:  27 % - Solving linear system
Memory: 740/776 768/806
   7          57     1.4e+05   0.0013811          57   10    7   16
--         Current Progress:  27 % - Matrix factorization
Memory: 719/776 775/806
--         Current Progress:  27 % - Solving linear system
Memory: 740/776 768/806
   8          55     2.3e+05   0.0015239          55   11    8   18
--         Current Progress:  28 % - Matrix factorization
Memory: 719/776 771/806
--         Current Progress:  28 % - Solving linear system
Memory: 739/776 767/806
   9          56     3.3e+05   0.0012697          56   12    9   20
--         Current Progress:  28 % - Assembling matrices
Memory: 736/776 764/806
--         Current Progress:  28 % - Matrix factorization
Memory: 729/776 772/806
--         Current Progress:  28 % - Assembling matrices
Memory: 738/776 766/806
  10          55     5.1e+05   0.0012269          55   13   10   22
--         Current Progress:  28 % - Matrix factorization
Memory: 741/776 773/806
--         Current Progress:  28 % - Solving linear system
Memory: 740/776 768/806
  11          56     7.4e+05   0.0010452          56   14   11   24
--         Current Progress:  28 % - Assembling matrices
--         Current Progress:  28 % - Matrix factorization
Memory: 741/776 773/806
--         Current Progress:  28 % - Solving linear system
Memory: 740/776 768/806
  12          56     1.1e+06   0.0009528          57   15   12   26
--         Current Progress:  28 % - Matrix factorization
Memory: 713/776 733/806
--         Current Progress:  28 % - Solving linear system
Memory: 740/776 767/806
  13          57     1.6e+06   0.0008130          57   16   13   28
--         Current Progress:  28 % - Matrix factorization
Memory: 727/776 776/806
--         Current Progress:  28 % - Solving linear system
Memory: 741/776 769/806
  14          58     2.3e+06   0.0006975          58   17   14   30
--         Current Progress:  28 % - Assembling matrices
Memory: 739/776 767/806
--         Current Progress:  28 % - Matrix factorization
Memory: 730/776 774/806
--         Current Progress:  28 % - Solving linear system
Memory: 738/776 765/806
  15          60     3.3e+06   0.0005779          60   18   15   32
--         Current Progress:  28 % - Assembling matrices
Memory: 740/776 768/806
--         Current Progress:  28 % - Matrix factorization
Memory: 730/776 775/806
--         Current Progress:  28 % - Assembling matrices
Memory: 739/776 766/806
  16          61     4.7e+06   0.0004827          61   19   16   34
--         Current Progress:  28 % - Matrix factorization
Memory: 737/776 775/806
--         Current Progress:  28 % - Solving linear system
Memory: 739/776 771/806
  17          63     6.8e+06   0.0004053          63   20   17   36
--         Current Progress:  28 % - Assembling matrices
Memory: 740/776 768/806
--         Current Progress:  28 % - Matrix factorization
Memory: 738/776 775/806
--         Current Progress:  28 % - Solving linear system
Memory: 741/776 768/806
  18          65       1e+07   0.0003482          65   21   18   38
--         Current Progress:  28 % - Matrix factorization
Memory: 739/776 766/806
--         Current Progress:  28 % - Solving linear system
Memory: 739/776 772/806
  19          68     1.5e+07   0.0003057          68   22   19   40
--         Current Progress:  28 % - Matrix factorization
Memory: 726/776 776/806
--         Current Progress:  28 % - Solving linear system
Memory: 743/776 770/806
  20          71     2.4e+07   0.0002764          71   23   20   42
--         Current Progress:  28 % - Assembling matrices
Memory: 740/776 767/806
--         Current Progress:  28 % - Matrix factorization
Memory: 734/776 775/806
--         Current Progress:  28 % - Assembling matrices
Memory: 739/776 767/806
  21          74       4e+07   0.0002589          74   24   21   44
--         Current Progress:  28 % - Matrix factorization
Memory: 744/776 777/806
--         Current Progress:  28 % - Solving linear system
Memory: 742/776 770/806
  22          76     6.9e+07   0.0002510          76   25   22   46
--         Current Progress:  28 % - Assembling matrices
Memory: 742/776 769/806
--         Current Progress:  28 % - Matrix factorization
Memory: 743/776 777/806
--         Current Progress:  28 % - Solving linear system
Memory: 742/776 770/806
  23          77     1.3e+08   0.0002454          77   26   23   48
--         Current Progress:  28 % - Matrix factorization
Memory: 722/776 775/806
--         Current Progress:  28 % - Solving linear system
Memory: 741/776 768/806
  24          77     2.3e+08   0.0002361          77   27   24   50
---        Current Progress:  35 % - Solving linear system
Memory: 739/776 767/806
---        Current Progress:  35 % - Matrix factorization
Memory: 730/776 776/806
---        Current Progress:  35 % - Assembling matrices
Memory: 739/776 767/806
  25          76     4.1e+08   0.0002295          76   28   25   52
---        Current Progress:  37 % - Assembling matrices
Memory: 741/776 768/806
---        Current Progress:  37 % - Matrix factorization
Memory: 739/776 776/806
---        Current Progress:  37 % - Assembling matrices
Memory: 740/776 767/806
  26          75     7.4e+08   0.0002303          75   29   26   54
---        Current Progress:  38 % - Assembling matrices
Memory: 741/776 768/806
---        Current Progress:  38 % - Matrix factorization
Memory: 743/776 776/806
---        Current Progress:  38 % - Solving linear system
Memory: 742/776 769/806
  27          73     1.3e+09   0.0002319          73   30   27   56
---        Current Progress:  39 % - Matrix factorization
Memory: 722/776 776/806
---        Current Progress:  39 % - Solving linear system
Memory: 742/776 769/806
  28          71     2.4e+09   0.0002326          71   31   28   58
----       Current Progress:  40 % - Assembling matrices
Memory: 741/776 769/806
----       Current Progress:  40 % - Matrix factorization
Memory: 732/776 776/806
----       Current Progress:  40 % - Assembling matrices
Memory: 740/776 767/806
  29          69     4.3e+09   0.0002431          69   32   29   60
----       Current Progress:  40 % - Matrix factorization
Memory: 745/776 776/806
----       Current Progress:  40 % - Solving linear system
Memory: 742/776 769/806
  30          66     7.9e+09   0.0002678          66   33   30   62
----       Current Progress:  41 % - Matrix factorization
Memory: 714/776 728/806
----       Current Progress:  41 % - Solving linear system
Memory: 742/776 769/806
  31          63     1.5e+10   0.0003115          63   34   31   64
----       Current Progress:  41 % - Matrix factorization
Memory: 726/776 776/806
----       Current Progress:  41 % - Solving linear system
Memory: 742/776 770/806
  32          59     3.2e+10   0.0004058          59   35   32   66
----       Current Progress:  42 % - Assembling matrices
Memory: 741/776 769/806
----       Current Progress:  42 % - Matrix factorization
Memory: 732/776 776/806
----       Current Progress:  42 % - Assembling matrices
Memory: 740/776 768/806
  33          54     7.9e+10   0.0006367          54   36   33   68
----       Current Progress:  43 % - Assembling matrices
Memory: 741/776 769/806
----       Current Progress:  43 % - Matrix factorization
Memory: 741/776 776/806
----       Current Progress:  43 % - Solving linear system
Memory: 742/776 770/806
  34          49     2.5e+11   0.0012804          49   37   34   70
----       Current Progress:  43 % - Assembling matrices
Memory: 741/776 769/806
----       Current Progress:  43 % - Matrix factorization
Memory: 748/776 777/806
----       Current Progress:  43 % - Solving linear system
Memory: 742/776 770/806
  35          42     1.3e+12   0.0037505          42   38   35   72
----       Current Progress:  44 % - Matrix factorization
Memory: 725/776 777/806
----       Current Progress:  44 % - Solving linear system
Memory: 742/776 770/806
  36          21     8.4e+12   0.0141433          21   39   36   74
----       Current Progress:  46 % - Assembling matrices
Memory: 741/776 769/806
----       Current Progress:  46 % - Matrix factorization
Memory: 727/776 777/806
----       Current Progress:  46 % - Solving linear system
Memory: 742/776 770/806
  37         7.9     1.4e+13   0.0304490         8.1   40   37   76
----       Current Progress:  47 % - Assembling matrices
Memory: 741/776 769/806
----       Current Progress:  47 % - Matrix factorization
Memory: 736/776 777/806
----       Current Progress:  47 % - Assembling matrices
Memory: 740/776 768/806
  38         3.3     2.7e+13   0.0586045         3.5   41   38   78
----       Current Progress:  47 % - Matrix factorization
Memory: 743/776 777/806
----       Current Progress:  47 % - Solving linear system
Memory: 742/776 770/806
  39         1.7     3.4e+13   0.0655043         1.8   42   39   80
----       Current Progress:  47 % - Assembling matrices
Memory: 743/776 770/806
----       Current Progress:  47 % - Matrix factorization
Memory: 747/776 777/806
----       Current Progress:  47 % - Solving linear system
Memory: 743/776 771/806
  40         1.1     4.6e+13   0.1025107         1.3   43   40   82
----       Current Progress:  47 % - Matrix factorization
Memory: 717/776 736/806
----       Current Progress:  47 % - Solving linear system
Memory: 742/776 770/806
  41        0.99     4.9e+13   0.0946781         1.1   44   41   84
----       Current Progress:  47 % - Matrix factorization
Memory: 722/776 777/806
----       Current Progress:  47 % - Solving linear system
Memory: 742/776 770/806
  42           2     4.8e+13   0.0230170           2   45   42   86
----       Current Progress:  47 % - Assembling matrices
Memory: 741/776 769/806
----       Current Progress:  47 % - Matrix factorization
Memory: 731/776 777/806
----       Current Progress:  47 % - Assembling matrices
Memory: 740/776 768/806
  43         3.3     4.7e+13   0.0127244         3.3   46   43   88
----       Current Progress:  47 % - Matrix factorization
Memory: 738/776 776/806
----       Current Progress:  47 % - Assembling matrices
Memory: 740/776 768/806
  44           2     4.6e+13   0.0248739         2.1   47   44   90
----       Current Progress:  47 % - Matrix factorization
Memory: 741/776 777/806
----       Current Progress:  47 % - Solving linear system
Memory: 742/776 770/806
  45         1.8     4.6e+13   0.0266890         1.8   48   45   92
----       Current Progress:  47 % - Assembling matrices
Memory: 742/776 769/806
----       Current Progress:  47 % - Matrix factorization
Memory: 742/776 777/806
----       Current Progress:  47 % - Solving linear system
Memory: 743/776 771/806
  46         1.2     4.6e+13   0.0595562         1.3   49   46   94
----       Current Progress:  47 % - Constraint handling
Memory: 743/776 770/806
----       Current Progress:  47 % - Matrix factorization
Memory: 747/776 776/806
----       Current Progress:  47 % - Solving linear system
Memory: 743/776 770/806
  47        0.62     7.2e+13   0.1594391        0.74   50   47   96
----       Current Progress:  47 % - Matrix factorization
Memory: 725/776 777/806
----       Current Progress:  47 % - Solving linear system
Memory: 743/776 770/806
  48        0.14     4.7e+14   0.9395409        0.47   51   48   98
----       Current Progress:  48 % - Matrix factorization
Memory: 723/776 777/806
----       Current Progress:  48 % - Solving linear system
Memory: 741/776 773/806
  49      0.0088     8.8e+13   1.0000000        0.19   52   49  100
----       Current Progress:  49 % - Matrix factorization
Memory: 715/776 728/806
----       Current Progress:  49 % - Solving linear system
Memory: 743/776 770/806
  50      0.0012     7.3e+12   1.0000000      0.0094   53   50  102
----       Current Progress:  49 % - Assembling matrices
Memory: 742/776 770/806
----       Current Progress:  49 % - Matrix factorization
Memory: 741/776 777/806
----       Current Progress:  49 % - Assembling matrices
Memory: 741/776 768/806
  51     0.00013     6.6e+10   1.0000000      0.0012   54   51  104
----       Current Progress:  49 % - Assembling sparsity pattern
----       Current Progress:  49 % - Matrix factorization
Memory: 729/776 778/806
----       Current Progress:  49 % - Solving linear system
Memory: 745/776 771/806
  52     1.2e-06     5.8e+06   1.0000000     0.00013   55   52  106
-----      Current Progress:  50 % - Assembling matrices
Memory: 743/776 769/806
-----      Current Progress:  50 % - Matrix factorization
Memory: 742/776 777/806
-----      Current Progress:  50 % - Solving linear system
Memory: 745/776 771/806
  53     1.1e-10         4.1   1.0000000     1.2e-06   57   53  108
-----      Current Progress:  50 % - Constraint handling
Memory: 646/776 659/806
Solution time: 41 s.
Physical memory: 775 MB
Virtual memory: 802 MB
Ended at Sep 30, 2026, 2:24:06 AM.
----- Stationary Solver 1 in Study 1/Solution 1 (sol1) ------------------------>
<---- Compile Equations: Stationary in Study 1/Solution 1 (sol1) ---------------
Started at Sep 30, 2026, 2:24:06 AM.
Geometry shape function: Linear Lagrange
Geometry shape function: Quadratic Lagrange
-----      Current Progress:  52 % - Compile Equations: Stationary
Memory: 690/776 701/806
-----      Current Progress:  52 % - Creating visualization mesh
Memory: 691/776 702/806
Time: 2 s.
Physical memory: 694 MB
Virtual memory: 705 MB
Ended at Sep 30, 2026, 2:24:08 AM.
----- Compile Equations: Stationary in Study 1/Solution 1 (sol1) -------------->
<---- Dependent Variables 2 in Study 1/Solution 1 (sol1) -----------------------
Started at Sep 30, 2026, 2:24:08 AM.
Initial values of variables solved for: Solution 1 (sol1), Solution Store 1 (sol2).
Values of variables not solved for: Solution 1 (sol1).
-----      Current Progress:  52 % - Dependent Variables 2
Memory: 700/776 710/806
Solution time: 0 s.
Physical memory: 700 MB
Virtual memory: 710 MB
Ended at Sep 30, 2026, 2:24:08 AM.
----- Dependent Variables 2 in Study 1/Solution 1 (sol1) ---------------------->
<---- Stationary Solver 2 in Study 1/Solution 1 (sol1) -------------------------
Started at Sep 30, 2026, 2:24:08 AM.
Nonlinear solver
Number of degrees of freedom solved for: 129213.
-----      Current Progress:  55 % - Assembling matrices
Memory: 711/776 720/806
-----      Current Progress:  55 % - Assembling sparsity pattern
Memory: 709/776 719/806
-----      Current Progress:  55 % - Assembling matrices
Memory: 737/776 748/806
Nonsymmetric matrix found.
-----      Current Progress:  55 % - 
Memory: 743/776 757/806
Scales for dependent variables:
Electron solution variable (comp1.Ne): 3.6e+25
Hole solution variable (comp1.Ph): 2.9e+27
Boundary electron concentration (comp1.semi.n_bnd): 4.5e+23
Boundary hole concentration (comp1.semi.p_bnd): 6.9e+30
Trap occupancy (comp1.semi.tasr1.ctb1.ft): 1.2e+22
Electric potential (comp1.V): 9.2e+17
Orthonormal null-space function used.
-----      Current Progress:  55 % - Matrix factorization
Memory: 794/810 819/837
Iter      SolEst      ResEst     Damping    Stepsize #Res #Jac #Sol
-----      Current Progress:  55 % - Solving linear system
Memory: 824/828 866/870
-----      Current Progress:  55 % - Assembling matrices
Memory: 826/828 868/870
-----      Current Progress:  59 % - Assembling matrices
Memory: 827/828 869/872
-----      Current Progress:  59 % - Solving linear system
Memory: 828/828 870/873
-----      Current Progress:  59 % - Assembling matrices
Memory: 828/829 870/891
-----      Current Progress:  59 % - Solving linear system
Memory: 827/829 869/891
-----      Current Progress:  59 % - Assembling matrices
   1       1e+33     1.3e+07   0.0010000     2.9e+27    6    1    6
-----      Current Progress:  59 % - Assembling sparsity pattern
Memory: 810/829 851/891
-----      Current Progress:  59 % - Assembling matrices
Memory: 833/835 875/891
-----      Current Progress:  59 % - Matrix factorization
Memory: 727/835 766/891
-----      Current Progress:  59 % - Solving linear system
Memory: 804/835 848/891
   2     1.6e+02     6.9e+03   0.0006809     1.6e+02    7    2    8
------     Current Progress:  64 % - Solving linear system
Memory: 806/835 851/891
------     Current Progress:  64 % - Assembling sparsity pattern
Memory: 801/835 845/891
------     Current Progress:  64 % - Assembling matrices
Memory: 817/835 862/891
------     Current Progress:  64 % - Matrix factorization
Memory: 798/835 867/891
------     Current Progress:  64 % - Assembling matrices
Memory: 815/835 859/891
   3          65     1.1e+04   0.0015874          65    8    3   10
-------    Current Progress:  76 % - Assembling matrices
Memory: 817/835 862/891
-------    Current Progress:  76 % - Matrix factorization
Memory: 759/835 808/891
-------    Current Progress:  76 % - Solving linear system
Memory: 816/835 858/891
-------    Current Progress:  76 % - Assembling matrices
Memory: 815/835 857/891
   4          49     1.2e+04   0.0006962          49   10    4   13
-------    Current Progress:  76 % - Matrix factorization
Memory: 798/835 833/891
-------    Current Progress:  76 % - Assembling matrices
Memory: 817/835 859/891
   5          35     2.6e+04   0.0026285          35   11    5   15
-------    Current Progress:  78 % - Assembling matrices
Memory: 820/835 862/891
-------    Current Progress:  78 % - Matrix factorization
Memory: 773/835 810/891
-------    Current Progress:  78 % - Solving linear system
Memory: 816/835 859/891
-------    Current Progress:  78 % - Assembling matrices
Memory: 815/835 858/891
   6          30     2.8e+04   0.0009550          30   13    6   18
-------    Current Progress:  78 % - Matrix factorization
Memory: 789/835 824/891
-------    Current Progress:  78 % - Assembling matrices
Memory: 817/835 860/891
   7     4.9e+02     2.8e+04   0.0010000     3.2e+02   15    7   21
-------    Current Progress:  78 % - Matrix factorization
Memory: 795/835 830/891
-------    Current Progress:  78 % - Solving linear system
Memory: 818/835 860/891
   8          28     3.2e+04   0.0008655          28   16    8   23
---------  Current Progress:  91 % - Assembling matrices
---------  Current Progress:  91 % - Matrix factorization
Memory: 777/835 814/891
---------  Current Progress:  91 % - Assembling matrices
Memory: 816/835 859/891
   9          25     3.2e+04   0.0001083          25   18    9   26
---------  Current Progress:  91 % - Matrix factorization
Memory: 813/835 867/891
---------  Current Progress:  91 % - Assembling matrices
Memory: 817/835 860/891
  10          46     3.2e+04   0.0001000          46   19   10   28
---------  Current Progress:  91 % - 
Memory: 816/835 859/891
---------  Current Progress:  91 % - Matrix factorization
Memory: 821/835 867/891
---------  Current Progress:  91 % - Solving linear system
Memory: 817/835 860/891
  11       1e+02     3.2e+04   0.0001000       1e+02   20   11   30
---------  Current Progress:  91 % - Assembling matrices
---------  Current Progress:  91 % - Matrix factorization
Memory: 790/835 840/891
---------  Current Progress:  91 % - Assembling matrices
Memory: 817/835 859/891
  12          21     3.2e+04   0.0003855          21   21   12   32
---------  Current Progress:  92 % - Assembling matrices
Memory: 818/835 860/891
---------  Current Progress:  92 % - Matrix factorization
Memory: 793/835 828/891
---------  Current Progress:  92 % - Solving linear system
Memory: 817/835 859/891
  13          27     3.3e+04   0.0005193          27   22   13   34
---------  Current Progress:  92 % - Assembling matrices
Memory: 818/835 860/891
---------  Current Progress:  92 % - Matrix factorization
Memory: 798/835 833/891
---------  Current Progress:  92 % - Assembling matrices
Memory: 818/835 860/891
  14     1.1e+02     3.3e+04   0.0001000     1.1e+02   23   14   36
---------  Current Progress:  92 % - Matrix factorization
Memory: 798/835 833/891
---------  Current Progress:  92 % - Assembling matrices
Memory: 818/835 860/891
  15          24     3.3e+04   0.0002693          24   24   15   38
---------  Current Progress:  93 % - Assembling matrices
Memory: 819/835 860/891
---------  Current Progress:  93 % - Constraint handling
Memory: 827/835 873/891
---------  Current Progress:  93 % - Matrix factorization
Memory: 819/835 865/891
---------  Current Progress:  93 % - Assembling matrices
Memory: 817/835 859/891
  16          34     3.3e+04   0.0003238          34   25   16   40
---------  Current Progress:  93 % - Matrix factorization
Memory: 801/835 839/891
---------  Current Progress:  93 % - Assembling matrices
Memory: 818/835 860/891
  17       6e+02     3.3e+04   0.0010000     4.6e+02   27   17   43
---------  Current Progress:  93 % - Matrix factorization
Memory: 761/835 809/891
---------  Current Progress:  93 % - Assembling matrices
Memory: 817/835 859/891
  18          27     3.7e+04   0.0007212          27   28   18   45
---------  Current Progress:  96 % - Assembling matrices
Memory: 819/835 861/891
---------  Current Progress:  96 % - Matrix factorization
Memory: 796/835 831/891
---------  Current Progress:  96 % - Solving linear system
Memory: 818/835 859/891
  19          17     3.8e+04   0.0007102          17   29   19   47
---------  Current Progress:  96 % - Assembling matrices
Memory: 821/835 863/891
---------  Current Progress:  96 % - Matrix factorization
Memory: 797/835 832/891
---------  Current Progress:  96 % - Assembling matrices
Memory: 819/835 860/891
---------  Current Progress:  96 % - Solving linear system
  20     1.1e+02     3.8e+04   0.0010000       1e+02   31   20   50
---------  Current Progress:  96 % - Assembling matrices
Memory: 819/835 861/891
---------  Current Progress:  96 % - Matrix factorization
Memory: 798/835 832/891
---------  Current Progress:  96 % - Assembling matrices
Memory: 819/835 860/891
  21          14     4.1e+04   0.0006233          14   32   21   52
---------  Current Progress:  96 % - Matrix factorization
Memory: 770/835 809/891
---------  Current Progress:  96 % - Assembling matrices
Memory: 814/835 857/891
  22          51     4.1e+04   0.0010000          50   34   22   55
---------  Current Progress:  96 % - Matrix factorization
Memory: 750/835 778/891
---------  Current Progress:  96 % - Solving linear system
Memory: 815/835 856/891
  23          32     4.3e+04   0.0003376          32   35   23   57
---------  Current Progress:  96 % - Assembling matrices
Memory: 816/835 858/891
---------  Current Progress:  96 % - Matrix factorization
Memory: 814/835 865/891
---------  Current Progress:  96 % - Solving linear system
Memory: 816/835 857/891
  24     1.3e+02     4.3e+04   0.0010000     1.2e+02   37   24   60
---------  Current Progress:  96 % - Assembling matrices
Memory: 816/835 858/891
---------  Current Progress:  96 % - Matrix factorization
Memory: 796/835 830/891
---------  Current Progress:  96 % - Solving linear system
Memory: 816/835 857/891
  25          17     4.6e+04   0.0005950          17   38   25   62
---------  Current Progress:  96 % - Assembling matrices
Memory: 819/835 860/891
---------  Current Progress:  96 % - Matrix factorization
Memory: 797/835 865/891
---------  Current Progress:  96 % - Assembling matrices
Memory: 816/835 857/891
  26          20     4.6e+04   0.0001861          20   39   26   64
---------  Current Progress:  96 % - Constraint handling
Memory: 825/835 872/891
---------  Current Progress:  96 % - Solving linear system
Memory: 815/835 856/891
  27          46     4.6e+04   0.0001935          46   40   27   66
---------  Current Progress:  96 % - Assembling matrices
Memory: 817/835 858/891
---------  Current Progress:  96 % - Matrix factorization
Memory: 802/835 863/891
---------  Current Progress:  96 % - Assembling matrices
Memory: 816/835 857/891
  28          18     4.6e+04   0.0001000          18   42   28   69
---------  Current Progress:  96 % - Matrix factorization
Memory: 789/835 867/891
---------  Current Progress:  96 % - Solving linear system
Memory: 816/835 858/891
---------  Current Progress:  96 % - Assembling matrices
Memory: 815/835 857/891
  29          75     4.6e+04   0.0010000          73   44   29   72
---------  Current Progress:  96 % - Matrix factorization
Memory: 790/835 824/891
---------  Current Progress:  96 % - Solving linear system
Memory: 816/835 857/891
  30          73     4.9e+04   0.0002378          73   45   30   74
---------  Current Progress:  96 % - Assembling matrices
Memory: 818/835 859/891
---------  Current Progress:  96 % - Matrix factorization
Memory: 793/835 827/891
---------  Current Progress:  96 % - Assembling matrices
Memory: 818/835 859/891
  31          15       5e+04   0.0008945          15   46   31   76
---------  Current Progress:  96 % - Matrix factorization
Memory: 796/835 830/891
---------  Current Progress:  96 % - Assembling matrices
Memory: 818/835 859/891
  32          53       5e+04   0.0001839          53   47   32   78
---------  Current Progress:  96 % - Matrix factorization
Memory: 824/835 866/891
---------  Current Progress:  96 % - Solving linear system
Memory: 818/835 859/891
  33          26       5e+04   0.0001000          26   49   33   81
---------  Current Progress:  96 % - Assembling matrices
---------  Current Progress:  96 % - Matrix factorization
Memory: 806/835 864/891
---------  Current Progress:  96 % - Assembling matrices
Memory: 818/835 859/891
  34          30       5e+04   0.0001000          30   50   34   83
---------  Current Progress:  96 % - Matrix factorization
Memory: 781/835 837/891
---------  Current Progress:  96 % - Solving linear system
Memory: 817/835 858/891
  35     1.6e+02       5e+04   0.0001000     1.6e+02   51   35   85
---------  Current Progress:  96 % - Assembling matrices
Memory: 818/835 859/891
---------  Current Progress:  96 % - Matrix factorization
Memory: 807/835 864/891
---------  Current Progress:  96 % - Assembling matrices
Memory: 818/835 859/891
  36          14     5.1e+04   0.0006486          14   52   36   87
---------  Current Progress:  97 % - Assembling matrices
Memory: 817/835 858/891
---------  Current Progress:  97 % - Matrix factorization
Memory: 778/835 812/891
---------  Current Progress:  97 % - Assembling matrices
Memory: 818/835 860/891
  37          41     5.3e+04   0.0009240          41   53   37   89
---------  Current Progress:  97 % - Matrix factorization
Memory: 793/835 828/891
---------  Current Progress:  97 % - Solving linear system
Memory: 819/835 861/891
  38          28     5.3e+04   0.0010000          27   57   38   94
---------  Current Progress:  97 % - Assembling matrices
Memory: 821/835 862/891
---------  Current Progress:  97 % - Matrix factorization
Memory: 796/835 830/891
---------  Current Progress:  97 % - Solving linear system
Memory: 820/835 861/891
  39          22     5.5e+04   0.0001000          22   58   39   96
---------  Current Progress:  97 % - Assembling matrices
Memory: 824/835 864/891
---------  Current Progress:  97 % - Matrix factorization
Memory: 804/837 870/891
---------  Current Progress:  97 % - Assembling matrices
Memory: 821/837 862/891
  40     2.7e+02     5.5e+04   0.0001000     2.7e+02   59   40   98
---------  Current Progress:  97 % - Matrix factorization
Memory: 786/837 843/891
---------  Current Progress:  97 % - Solving linear system
Memory: 820/837 861/891
  41          18     5.8e+04   0.0010000          19   60   41  100
---------  Current Progress:  98 % - Assembling matrices
Memory: 822/837 862/891
---------  Current Progress:  98 % - Matrix factorization
Memory: 796/837 829/891
---------  Current Progress:  98 % - Assembling matrices
Memory: 821/837 862/891
  42          12     5.8e+04   0.0003018          12   62   42  103
---------  Current Progress:  98 % - Matrix factorization
Memory: 821/837 870/891
---------  Current Progress:  98 % - Assembling matrices
Memory: 821/837 862/891
---------  Current Progress:  98 % - Solving linear system
  43          43     5.8e+04   0.0010000          43   64   43  106
---------  Current Progress:  98 % - Assembling matrices
Memory: 822/837 862/891
---------  Current Progress:  98 % - Matrix factorization
Memory: 767/837 811/891
---------  Current Progress:  98 % - Solving linear system
Memory: 820/837 861/891
  44          15       6e+04   0.0004406          15   65   44  108
---------  Current Progress:  98 % - Assembling matrices
Memory: 822/837 863/891
---------  Current Progress:  98 % - Matrix factorization
Memory: 793/837 843/891
---------  Current Progress:  98 % - Assembling matrices
Memory: 820/837 861/891
  45     3.5e+02       6e+04   0.0010000       3e+02   67   45  111
---------  Current Progress:  98 % - Solving linear system
Memory: 819/837 860/891
---------  Current Progress:  98 % - Assembling matrices
Memory: 822/837 863/891
---------  Current Progress:  98 % - Matrix factorization
Memory: 805/837 841/891
---------  Current Progress:  98 % - Assembling matrices
Memory: 821/837 862/891
  46          11     6.3e+04   0.0005821          11   68   46  113
---------  Current Progress:  98 % - Matrix factorization
Memory: 797/837 830/891
---------  Current Progress:  98 % - Assembling matrices
Memory: 821/837 862/891
  47          35     6.3e+04   0.0001000          35   69   47  115
---------  Current Progress:  98 % - Matrix factorization
Memory: 826/837 872/891
---------  Current Progress:  98 % - Assembling matrices
Memory: 821/837 862/891
  48          67     6.3e+04   0.0001679          67   70   48  117
---------  Current Progress:  98 % - Matrix factorization
Memory: 782/837 840/891
---------  Current Progress:  98 % - Solving linear system
Memory: 820/837 861/891
  49          21     6.5e+04   0.0009651          21   71   49  119
---------  Current Progress:  98 % - Assembling matrices
Memory: 824/837 865/891
---------  Current Progress:  98 % - Matrix factorization
Memory: 797/837 830/891
---------  Current Progress:  98 % - Solving linear system
Memory: 821/837 862/891
  50         9.5     7.6e+04   0.0022150         9.6   72   50  121
---------  Current Progress:  98 % - Assembling matrices
Memory: 820/837 861/891
---------  Current Progress:  98 % - Matrix factorization
Memory: 764/837 806/891
---------  Current Progress:  98 % - Assembling matrices
Memory: 816/837 857/891
---------  Current Progress:  98 % - Solving linear system
Memory: 816/837 861/891
  51          27     7.6e+04   0.0010000          27   75   51  125
---------  Current Progress:  98 % - Assembling sparsity pattern
Memory: 802/837 844/891
---------  Current Progress:  98 % - Assembling matrices
Memory: 820/837 861/891
---------  Current Progress:  98 % - Matrix factorization
Memory: 794/837 828/891
---------  Current Progress:  98 % - Solving linear system
Memory: 818/837 859/891
  52          15     7.8e+04   0.0002229          15   76   52  127
---------  Current Progress:  98 % - Assembling matrices
Memory: 822/837 863/891
---------  Current Progress:  98 % - Matrix factorization
Memory: 798/837 869/891
---------  Current Progress:  98 % - Assembling matrices
Memory: 820/837 861/891
  53          52     7.9e+04   0.0002825          52   77   53  129
---------  Current Progress:  98 % - Matrix factorization
Memory: 822/837 869/891
---------  Current Progress:  98 % - Solving linear system
Memory: 820/837 861/891
  54          10     8.6e+04   0.0019091          10   78   54  131
---------  Current Progress:  98 % - Assembling matrices
Memory: 822/837 863/891
---------  Current Progress:  98 % - Matrix factorization
Memory: 789/837 824/891
---------  Current Progress:  98 % - Assembling matrices
Memory: 819/837 860/891
  55         8.1     9.2e+04   0.0015919         8.1   79   55  133
---------  Current Progress:  98 % - Matrix factorization
Memory: 793/837 827/891
---------  Current Progress:  98 % - Solving linear system
Memory: 819/837 860/891
  56         9.9     1.1e+05   0.0024506         9.9   80   56  135
---------  Current Progress:  98 % - Assembling matrices
Memory: 823/837 863/891
---------  Current Progress:  98 % - Matrix factorization
Memory: 782/837 822/891
---------  Current Progress:  98 % - Assembling matrices
Memory: 815/837 857/891
  57          11     1.1e+05   0.0003442          11   81   57  137
---------  Current Progress:  98 % - Matrix factorization
Memory: 779/837 836/891
---------  Current Progress:  98 % - Solving linear system
Memory: 815/837 856/891
  58          66     1.1e+05   0.0004399          66   82   58  139
---------  Current Progress:  98 % - Assembling matrices
Memory: 818/837 860/891
---------  Current Progress:  98 % - Matrix factorization
Memory: 810/837 867/891
---------  Current Progress:  98 % - Assembling matrices
Memory: 816/837 858/891
  59         7.1     1.4e+05   0.0038713         7.2   83   59  141
---------  Current Progress:  98 % - Matrix factorization
Memory: 792/837 838/891
---------  Current Progress:  98 % - Assembling matrices
Memory: 818/837 860/891
  60          11     1.4e+05   0.0003150          11   85   60  144
---------  Current Progress:  98 % - Matrix factorization
Memory: 791/837 869/891
---------  Current Progress:  98 % - Assembling matrices
Memory: 817/837 859/891
  61          51     1.4e+05   0.0010000          50   87   61  147
---------  Current Progress:  98 % - Matrix factorization
Memory: 821/837 868/891
---------  Current Progress:  98 % - Solving linear system
Memory: 817/837 859/891
  62          11     1.4e+05   0.0004833          11   88   62  149
---------  Current Progress:  98 % - Assembling matrices
Memory: 818/837 860/891
---------  Current Progress:  98 % - Matrix factorization
Memory: 782/837 840/891
---------  Current Progress:  98 % - Solving linear system
Memory: 818/837 860/891
  63         8.5     1.4e+05   0.0001762         8.5   90   63  152
---------  Current Progress:  98 % - Assembling matrices
Memory: 819/837 861/891
---------  Current Progress:  98 % - Matrix factorization
Memory: 803/837 868/891
---------  Current Progress:  98 % - Assembling matrices
Memory: 818/837 860/891
  64          27     1.4e+05   0.0010000          27   92   64  155
---------  Current Progress:  98 % - Matrix factorization
Memory: 789/837 870/891
---------  Current Progress:  98 % - Assembling matrices
Memory: 818/837 860/891
  65          11     1.4e+05   0.0004276          11   93   65  157
---------  Current Progress:  98 % - Matrix factorization
Memory: 785/837 824/891
---------  Current Progress:  98 % - Solving linear system
Memory: 818/837 860/891
  66          10     1.5e+05   0.0008641          10   94   66  159
---------  Current Progress:  98 % - Assembling matrices
Memory: 819/837 862/891
---------  Current Progress:  98 % - Matrix factorization
Memory: 795/837 830/891
---------  Current Progress:  98 % - Solving linear system
Memory: 818/837 860/891
  67         7.3     1.5e+05   0.0013975         7.3   95   67  161
---------  Current Progress:  98 % - Assembling matrices
Memory: 819/837 861/891
---------  Current Progress:  98 % - Matrix factorization
Memory: 801/837 840/891
---------  Current Progress:  98 % - Assembling matrices
Memory: 820/837 861/891
  68          25     1.6e+05   0.0020471          25   96   68  163
---------  Current Progress:  98 % - Matrix factorization
Memory: 789/837 825/891
---------  Current Progress:  98 % - Assembling matrices
Memory: 820/837 862/891
  69         7.8     1.6e+05   0.0008288         7.8   98   69  166
---------  Current Progress:  98 % - 
Memory: 821/837 863/891
---------  Current Progress:  98 % - Matrix factorization
Memory: 798/837 832/891
---------  Current Progress:  98 % - Solving linear system
Memory: 820/837 862/891
  70          11     1.6e+05   0.0004202          11   99   70  168
---------  Current Progress:  98 % - Assembling matrices
Memory: 821/837 863/891
---------  Current Progress:  98 % - Matrix factorization
Memory: 796/837 830/891
---------  Current Progress:  98 % - Solving linear system
Memory: 819/837 861/891
  71          12     1.6e+05   0.0004339          12  100   71  170
---------  Current Progress:  98 % - Assembling matrices
Memory: 823/837 865/891
---------  Current Progress:  98 % - Matrix factorization
Memory: 803/837 838/891
---------  Current Progress:  98 % - Assembling matrices
Memory: 795/837 838/891
  72          21     1.6e+05   0.0002207          21  101   72  172
---------  Current Progress:  98 % - Matrix factorization
Memory: 788/837 824/891
---------  Current Progress:  98 % - Assembling matrices
Memory: 819/837 861/891
  73          28     1.6e+05   0.0004122          28  102   73  174
---------  Current Progress:  98 % - Matrix factorization
Memory: 788/837 825/891
---------  Current Progress:  98 % - Assembling matrices
Memory: 819/837 861/891
  74          87     1.6e+05   0.0010000          83  104   74  177
---------  Current Progress:  98 % - Matrix factorization
Memory: 778/837 814/891
---------  Current Progress:  98 % - Assembling matrices
Memory: 818/837 860/891
  75         7.8     1.6e+05   0.0005047         7.8  105   75  179
---------  Current Progress:  99 % - Assembling matrices
Memory: 820/837 862/891
---------  Current Progress:  99 % - Matrix factorization
Memory: 823/837 869/891
---------  Current Progress:  99 % - Solving linear system
Memory: 819/837 861/891
  76          41     1.6e+05   0.0010000          40  107   76  182
---------  Current Progress:  99 % - Assembling matrices
Memory: 822/837 864/891
---------  Current Progress:  99 % - Matrix factorization
Memory: 800/837 835/891
---------  Current Progress:  99 % - Solving linear system
Memory: 819/837 861/891
  77          22     1.7e+05   0.0004864          22  108   77  184
---------  Current Progress:  99 % - Assembling matrices
Memory: 822/837 864/891
---------  Current Progress:  99 % - Matrix factorization
Memory: 805/837 840/891
---------  Current Progress:  99 % - Assembling matrices
Memory: 819/837 861/891
  78          11     1.7e+05   0.0018600          11  109   78  186
---------  Current Progress:  99 % - Matrix factorization
Memory: 764/837 812/891
---------  Current Progress:  99 % - Assembling matrices
Memory: 820/837 861/891
  79         6.6     1.8e+05   0.0012763         6.6  110   79  188
---------  Current Progress:  99 % - Matrix factorization
Memory: 797/837 832/891
---------  Current Progress:  99 % - Solving linear system
Memory: 820/837 862/891
  80          30     1.8e+05   0.0016158          30  111   80  190
---------  Current Progress:  99 % - Assembling matrices
Memory: 822/837 864/891
---------  Current Progress:  99 % - Matrix factorization
Memory: 805/837 843/891
---------  Current Progress:  99 % - Assembling matrices
Memory: 820/837 862/891
  81         7.1     3.1e+05   0.0076759         7.2  112   81  192
---------  Current Progress:  99 % - Matrix factorization
Memory: 818/837 860/891
---------  Current Progress:  99 % - Solving linear system
Memory: 819/837 861/891
---------  Current Progress:  99 % - Assembling matrices
Memory: 820/837 862/891
  82          49     3.1e+05   0.0010000          48  115   82  196
---------  Current Progress:  99 % - Matrix factorization
---------  Current Progress:  99 % - Solving linear system
  83         7.5     3.1e+05   0.0004926         7.5  116   83  198
---------  Current Progress:  99 % - Assembling matrices
Memory: 821/837 863/891
---------  Current Progress:  99 % - Matrix factorization
Memory: 804/837 839/891
---------  Current Progress:  99 % - Assembling matrices
Memory: 820/837 862/891
  84          25     3.2e+05   0.0014286          25  117   84  200
---------  Current Progress:  99 % - Matrix factorization
Memory: 782/837 817/891
---------  Current Progress:  99 % - Assembling matrices
Memory: 821/837 863/891
  85          20     3.2e+05   0.0001429          20  118   85  202
---------  Current Progress:  99 % - Matrix factorization
Memory: 814/837 872/891
---------  Current Progress:  99 % - Assembling matrices
Memory: 820/837 862/891
  86          46     3.2e+05   0.0001000          46  119   86  204
---------  Current Progress:  99 % - Matrix factorization
Memory: 787/837 844/891
---------  Current Progress:  99 % - Solving linear system
Memory: 820/837 862/891
  87          12     3.2e+05   0.0004972          12  120   87  206
---------  Current Progress:  99 % - Assembling matrices
Memory: 822/837 864/891
---------  Current Progress:  99 % - Matrix factorization
Memory: 804/837 871/891
---------  Current Progress:  99 % - Assembling matrices
Memory: 820/837 862/891
  88          37     3.2e+05   0.0001000          37  121   88  208
---------  Current Progress:  99 % - Matrix factorization
Memory: 825/837 871/891
---------  Current Progress:  99 % - Solving linear system
Memory: 820/837 862/891
  89          29     3.2e+05   0.0002125          29  122   89  210
---------  Current Progress:  99 % - Assembling matrices
Memory: 822/837 864/891
---------  Current Progress:  99 % - Matrix factorization
Memory: 805/837 871/891
---------  Current Progress:  99 % - Assembling matrices
Memory: 820/837 862/891
  90          10     3.2e+05   0.0007221          10  123   90  212
---------  Current Progress:  99 % - Constraint handling
Memory: 834/837 876/891
---------  Current Progress:  99 % - Solving linear system
Memory: 820/837 862/891
  91         9.2     3.2e+05   0.0014608         9.3  124   91  214
---------  Current Progress:  99 % - Assembling matrices
Memory: 822/837 864/891
---------  Current Progress:  99 % - Matrix factorization
Memory: 802/837 843/891
---------  Current Progress:  99 % - Assembling matrices
Memory: 820/837 862/891
  92           6     3.4e+05   0.0030553           6  125   92  216
---------  Current Progress:  99 % - Matrix factorization
Memory: 791/837 827/891
---------  Current Progress:  99 % - Assembling matrices
Memory: 821/837 863/891
---------  Current Progress:  99 % - Solving linear system
  93     2.3e+02     3.4e+05   0.0010000       2e+02  128   93  220
---------  Current Progress:  99 % - Assembling matrices
Memory: 824/837 865/891
---------  Current Progress:  99 % - Matrix factorization
Memory: 801/837 836/891
---------  Current Progress:  99 % - Assembling matrices
Memory: 820/837 862/891
  94         6.7     3.4e+05   0.0005326         6.7  129   94  222
---------  Current Progress:  99 % - Matrix factorization
Memory: 797/837 831/891
---------  Current Progress:  99 % - Solving linear system
Memory: 820/837 862/891
  95       1e+02     3.4e+05   0.0001455       1e+02  130   95  224
---------  Current Progress:  99 % - Assembling matrices
Memory: 823/837 864/891
---------  Current Progress:  99 % - Matrix factorization
Memory: 799/837 871/891
---------  Current Progress:  99 % - Assembling matrices
Memory: 820/837 862/891
  96         8.6     3.5e+05   0.0014548         8.6  131   96  226
---------  Current Progress:  99 % - Matrix factorization
Memory: 799/837 833/891
---------  Current Progress:  99 % - Solving linear system
Memory: 821/837 863/891
  97         6.2     3.6e+05   0.0023659         6.2  132   97  228
---------  Current Progress:  99 % - Assembling matrices
Memory: 824/837 865/891
---------  Current Progress:  99 % - Matrix factorization
Memory: 799/837 872/891
---------  Current Progress:  99 % - Assembling matrices
Memory: 821/837 863/891
  98         6.8     3.7e+05   0.0018885         6.8  133   98  230
---------  Current Progress:  99 % - Matrix factorization
Memory: 810/837 872/891
---------  Current Progress:  99 % - Assembling matrices
Memory: 821/837 863/891
  99          16     3.9e+05   0.0031272          17  134   99  232
---------  Current Progress:  99 % - Matrix factorization
Memory: 819/837 861/891
---------  Current Progress:  99 % - Solving linear system
Memory: 820/837 862/891
 100         4.7     6.6e+05   0.0113821         4.7  135  100  234
---------  Current Progress:  99 % - Assembling matrices
Memory: 823/837 864/891
---------  Current Progress:  99 % - Matrix factorization
Memory: 765/837 801/891
---------  Current Progress:  99 % - Assembling matrices
Memory: 815/837 858/891
 101           8     8.5e+05   0.0095161         8.2  136  101  236
---------  Current Progress:  99 % - Assembling sparsity pattern
Memory: 803/837 846/891
---------  Current Progress:  99 % - Assembling matrices
Memory: 819/837 861/891
---------  Current Progress:  99 % - Matrix factorization
Memory: 798/837 833/891
---------  Current Progress:  99 % - Solving linear system
Memory: 753/837 861/891
---------  Current Progress:  99 % - Assembling matrices
Memory: 759/837 861/891
 102           6     8.5e+05   0.0016273           6  138  102  239
---------  Current Progress:  99 % - Matrix factorization
Memory: 737/837 830/891
---------  Current Progress:  99 % - Solving linear system
Memory: 761/837 861/891
 103          10     8.5e+05   0.0001000          10  140  103  242
---------  Current Progress:  99 % - Assembling matrices
Memory: 763/837 863/891
---------  Current Progress:  99 % - Matrix factorization
Memory: 740/837 833/891
---------  Current Progress:  99 % - Solving linear system
Memory: 762/837 863/891
 104     1.1e+02     8.5e+05   0.0010000     1.1e+02  142  104  245
---------  Current Progress:  99 % - Assembling matrices
Memory: 765/837 865/891
---------  Current Progress:  99 % - Matrix factorization
Memory: 741/837 834/891
---------  Current Progress:  99 % - Solving linear system
Memory: 762/837 862/891
 105         5.9     8.5e+05   0.0005023         5.9  143  105  247
---------  Current Progress:  99 % - Assembling matrices
Memory: 764/837 864/891
---------  Current Progress:  99 % - Matrix factorization
Memory: 748/837 841/891
---------  Current Progress:  99 % - Assembling matrices
Memory: 762/837 862/891
 106          31     8.6e+05   0.0014567          31  144  106  249
---------  Current Progress:  99 % - Matrix factorization
Memory: 720/837 807/891
---------  Current Progress:  99 % - Solving linear system
Memory: 762/837 862/891
---------  Current Progress:  99 % - Assembling matrices
 107         4.5     8.6e+05   0.0009297         4.5  146  107  252
---------  Current Progress:  99 % - Matrix factorization
Memory: 757/837 872/891
---------  Current Progress:  99 % - Assembling matrices
Memory: 762/837 862/891
---------  Current Progress:  99 % - Solving linear system
 108          33     8.6e+05   0.0010000          33  148  108  255
---------  Current Progress:  99 % - Assembling matrices
Memory: 765/837 864/891
---------  Current Progress:  99 % - Matrix factorization
Memory: 744/837 837/891
---------  Current Progress:  99 % - Assembling matrices
Memory: 764/837 863/891
 109          17     8.6e+05   0.0003492          17  149  109  257
---------  Current Progress:  99 % - Matrix factorization
Memory: 691/837 784/891
---------  Current Progress:  99 % - Assembling matrices
Memory: 761/837 861/891
 110          13     8.6e+05   0.0009190          13  150  110  259
---------  Current Progress:  99 % - Matrix factorization
Memory: 739/837 831/891
---------  Current Progress:  99 % - Solving linear system
Memory: 762/837 861/891
 111         5.7     8.8e+05   0.0029668         5.7  151  111  261
---------  Current Progress:  99 % - Assembling matrices
Memory: 765/837 864/891
---------  Current Progress:  99 % - Matrix factorization
Memory: 741/837 833/891
---------  Current Progress:  99 % - Solving linear system
Memory: 764/837 863/891
 112         8.9     8.8e+05   0.0002967         8.9  152  112  263
---------  Current Progress:  99 % - Assembling matrices
Memory: 766/837 865/891
---------  Current Progress:  99 % - Matrix factorization
Memory: 746/837 873/891
---------  Current Progress:  99 % - Assembling matrices
Memory: 762/837 861/891
 113          23     8.8e+05   0.0002597          23  153  113  265
---------  Current Progress:  99 % - Matrix factorization
Memory: 740/837 832/891
---------  Current Progress:  99 % - Solving linear system
Memory: 762/837 861/891
 114         8.5     8.8e+05   0.0011382         8.5  154  114  267
---------  Current Progress:  99 % - Assembling matrices
Memory: 766/837 865/891
---------  Current Progress:  99 % - Matrix factorization
Memory: 741/837 833/891
---------  Current Progress:  99 % - Solving linear system
Memory: 764/837 862/891
 115          34     8.8e+05   0.0001479          34  155  115  269
---------  Current Progress:  99 % - Assembling matrices
Memory: 766/837 865/891
---------  Current Progress:  99 % - Matrix factorization
Memory: 748/837 872/891
---------  Current Progress:  99 % - Assembling matrices
Memory: 764/837 862/891
 116     1.1e+02     8.8e+05   0.0004305     1.1e+02  156  116  271
---------  Current Progress:  99 % - Constraint handling
Memory: 768/837 878/891
---------  Current Progress:  99 % - Matrix factorization
Memory: 741/837 833/891
---------  Current Progress:  99 % - Solving linear system
Memory: 764/837 863/891
 117         4.3     9.1e+05   0.0043053         4.3  157  117  273
---------  Current Progress:  99 % - Assembling matrices
Memory: 766/837 865/891
---------  Current Progress:  99 % - Matrix factorization
Memory: 742/837 834/891
---------  Current Progress:  99 % - Solving linear system
Memory: 765/837 863/891
 118         5.9       1e+06   0.0066108           6  158  118  275
---------  Current Progress:  99 % - Assembling matrices
Memory: 767/837 866/891
---------  Current Progress:  99 % - Matrix factorization
Memory: 746/837 837/891
---------  Current Progress:  99 % - Assembling matrices
Memory: 764/837 863/891
---------  Current Progress:  99 % - Solving linear system
 119         7.2       1e+06   0.0001007         7.2  161  119  279
---------  Current Progress:  99 % - Assembling matrices
Memory: 767/837 865/891
---------  Current Progress:  99 % - Matrix factorization
Memory: 754/837 872/891
---------  Current Progress:  99 % - Assembling matrices
Memory: 764/837 863/891
 120          21       1e+06   0.0010000          21  163  120  282
---------  Current Progress:  99 % - Matrix factorization
Memory: 731/837 845/891
---------  Current Progress:  99 % - Solving linear system
Memory: 764/837 863/891
 121         5.1       1e+06   0.0004008         5.1  164  121  284
---------  Current Progress:  99 % - Assembling matrices
Memory: 767/837 865/891
---------  Current Progress:  99 % - Matrix factorization
Memory: 751/837 842/891
---------  Current Progress:  99 % - Solving linear system
Memory: 765/837 863/891
 122         5.4       1e+06   0.0008784         5.4  165  122  286
---------  Current Progress:  99 % - Assembling matrices
Memory: 767/837 865/891
---------  Current Progress:  99 % - Matrix factorization
Memory: 749/837 839/891
---------  Current Progress:  99 % - Solving linear system
Memory: 766/837 864/891
 123          24       1e+06   0.0002952          24  166  123  288
---------  Current Progress:  99 % - Assembling matrices
Memory: 768/837 866/891
---------  Current Progress:  99 % - Matrix factorization
Memory: 742/837 873/891
---------  Current Progress:  99 % - Assembling matrices
Memory: 764/837 862/891
 124         4.5       1e+06   0.0012376         4.5  167  124  290
---------  Current Progress:  99 % - Matrix factorization
Memory: 764/837 872/891
---------  Current Progress:  99 % - Assembling matrices
Memory: 765/837 863/891
 125          36       1e+06   0.0017801          36  168  125  292
---------  Current Progress:  99 % - Matrix factorization
Memory: 751/837 841/891
---------  Current Progress:  99 % - Assembling matrices
Memory: 766/837 863/891
 126         3.6     1.2e+06   0.0103483         3.7  169  126  294
---------  Current Progress:  99 % - Matrix factorization
Memory: 728/837 818/891
---------  Current Progress:  99 % - Assembling matrices
Memory: 767/837 864/891
 127           4     1.2e+06   0.0006638           4  171  127  297
---------  Current Progress:  99 % - Matrix factorization
Memory: 734/837 846/891
---------  Current Progress:  99 % - Solving linear system
Memory: 767/837 864/891
 128          77     1.2e+06   0.0001000          77  172  128  299
---------  Current Progress:  99 % - Assembling matrices
Memory: 769/837 866/891
---------  Current Progress:  99 % - Matrix factorization
Memory: 747/837 871/891
---------  Current Progress:  99 % - Assembling matrices
Memory: 766/837 863/891
 129         8.6     1.2e+06   0.0004182         8.6  173  129  301
---------  Current Progress:  99 % - Matrix factorization
Memory: 742/837 832/891
---------  Current Progress:  99 % - Solving linear system
Memory: 765/837 862/891
 130     3.6e+02     1.2e+06   0.0002778     3.6e+02  174  130  303
---------  Current Progress:  99 % - Assembling matrices
Memory: 768/837 865/891
---------  Current Progress:  99 % - Matrix factorization
Memory: 742/837 833/891
---------  Current Progress:  99 % - Solving linear system
Memory: 766/837 863/891
 131         3.9     1.2e+06   0.0027781           4  175  131  305
---------- Current Progress: 100 % - Assembling matrices
Memory: 768/837 865/891
---------- Current Progress: 100 % - Matrix factorization
Memory: 749/837 872/891
---------- Current Progress: 100 % - Assembling matrices
Memory: 766/837 863/891
 132         4.6     1.2e+06   0.0002113         4.6  177  132  308
---------- Current Progress: 100 % - Matrix factorization
Memory: 730/837 845/891
---------- Current Progress: 100 % - Solving linear system
Memory: 766/837 863/891
 133         8.1     1.2e+06   0.0001000         8.1  178  133  310
---------- Current Progress: 100 % - Assembling matrices
Memory: 768/837 865/891
---------- Current Progress: 100 % - Matrix factorization
Memory: 751/837 872/891
---------- Current Progress: 100 % - Assembling matrices
Memory: 766/837 863/891
 134          45     1.2e+06   0.0010000          44  180  134  313
---------- Current Progress: 100 % - Matrix factorization
Memory: 771/837 872/891
---------- Current Progress: 100 % - Solving linear system
Memory: 766/837 863/891
 135         4.8     1.2e+06   0.0004569         4.8  181  135  315
---------- Current Progress: 100 % - Assembling matrices
Memory: 768/837 865/891
---------- Current Progress: 100 % - Matrix factorization
Memory: 739/837 872/891
---------- Current Progress: 100 % - Solving linear system
Memory: 766/837 863/891
 136          17     1.2e+06   0.0013305          17  182  136  317
---------- Current Progress: 100 % - Assembling matrices
Memory: 768/837 865/891
---------- Current Progress: 100 % - Matrix factorization
Memory: 757/837 872/891
---------- Current Progress: 100 % - Assembling matrices
Memory: 766/837 863/891
 137         3.6     1.3e+06   0.0072872         3.7  183  137  319
---------- Current Progress: 100 % - Matrix factorization
Memory: 721/837 816/891
---------- Current Progress: 100 % - Assembling matrices
Memory: 767/837 864/891
 138         3.3     1.4e+06   0.0060436         3.4  184  138  321
---------- Current Progress: 100 % - Matrix factorization
Memory: 762/837 873/891
---------- Current Progress: 100 % - Assembling matrices
Memory: 767/837 864/891
---------- Current Progress: 100 % - Solving linear system
 139         3.1     1.4e+06   0.0012124         3.1  186  139  324
---------- Current Progress: 100 % - Assembling matrices
Memory: 769/837 866/891
---------- Current Progress: 100 % - Matrix factorization
Memory: 746/837 873/891
---------- Current Progress: 100 % - Assembling matrices
Memory: 767/837 864/891
 140          80     1.4e+06   0.0001212          80  187  140  326
---------- Current Progress: 100 % - Matrix factorization
Memory: 772/837 873/891
---------- Current Progress: 100 % - Solving linear system
Memory: 767/837 864/891
 141         3.7     1.4e+06   0.0010035         3.8  188  141  328
---------- Current Progress: 100 % - Assembling matrices
Memory: 769/837 866/891
---------- Current Progress: 100 % - Matrix factorization
Memory: 744/837 873/891
---------- Current Progress: 100 % - Assembling matrices
Memory: 767/837 864/891
 142          17     1.4e+06   0.0011394          17  189  142  330
---------- Current Progress: 100 % - Matrix factorization
Memory: 774/837 873/891
---------- Current Progress: 100 % - Solving linear system
Memory: 767/837 864/891
 143           3     1.5e+06   0.0065789           3  190  143  332
---------- Current Progress: 100 % - Assembling matrices
Memory: 769/837 866/891
---------- Current Progress: 100 % - Matrix factorization
Memory: 755/837 873/891
---------- Current Progress: 100 % - Assembling matrices
Memory: 767/837 864/891
 144         3.5     1.5e+06   0.0006499         3.5  192  144  335
---------- Current Progress: 100 % - Matrix factorization
Memory: 737/837 873/891
---------- Current Progress: 100 % - Solving linear system
Memory: 767/837 864/891
 145         8.3     1.5e+06   0.0001000         8.3  193  145  337
---------- Current Progress: 100 % - Assembling matrices
Memory: 769/837 866/891
---------- Current Progress: 100 % - Matrix factorization
Memory: 755/837 873/891
---------- Current Progress: 100 % - Assembling matrices
Memory: 767/837 864/891
 146          63     1.5e+06   0.0010000          61  195  146  340
---------- Current Progress: 100 % - Matrix factorization
Memory: 741/837 874/891
---------- Current Progress: 100 % - Assembling matrices
Memory: 768/837 865/891
 147         4.6     1.5e+06   0.0004731         4.6  196  147  342
---------- Current Progress: 100 % - Matrix factorization
Memory: 770/837 874/891
---------- Current Progress: 100 % - Solving linear system
Memory: 768/837 865/891
 148          18     1.5e+06   0.0013575          18  197  148  344
---------- Current Progress: 100 % - Assembling matrices
Memory: 770/837 867/891
---------- Current Progress: 100 % - Matrix factorization
Memory: 739/837 874/891
---------- Current Progress: 100 % - Assembling matrices
Memory: 768/837 865/891
 149         8.8     1.6e+06   0.0081048         8.9  198  149  346
---------- Current Progress: 100 % - Matrix factorization
Memory: 763/837 874/891
---------- Current Progress: 100 % - Assembling matrices
Memory: 768/837 865/891
---------- Current Progress: 100 % - Solving linear system
 150         2.8     1.6e+06   0.0023702         2.8  200  150  349
---------- Current Progress: 100 % - Assembling matrices
Memory: 770/837 867/891
---------- Current Progress: 100 % - Matrix factorization
Memory: 721/837 814/891
---------- Current Progress: 100 % - Assembling matrices
Memory: 762/837 859/891
 151         2.9     1.6e+06   0.0028978         2.9  201  151  351
---------- Current Progress: 100 % - Assembling sparsity pattern
Memory: 750/837 847/891
---------- Current Progress: 100 % - Assembling matrices
Memory: 766/837 863/891
---------- Current Progress: 100 % - Matrix factorization
Memory: 747/837 836/891
---------- Current Progress: 100 % - Assembling matrices
Memory: 764/837 861/891
 152         7.3     1.6e+06   0.0002898         7.3  202  152  353
---------- Current Progress: 100 % - Matrix factorization
Memory: 733/837 870/891
---------- Current Progress: 100 % - Solving linear system
Memory: 764/837 861/891
 153          15     1.6e+06   0.0001965          15  203  153  355
---------- Current Progress: 100 % - Assembling matrices
Memory: 767/837 863/891
---------- Current Progress: 100 % - Matrix factorization
Memory: 761/837 870/891
---------- Current Progress: 100 % - Assembling matrices
Memory: 765/837 861/891
 154         5.6     1.6e+06   0.0008756         5.6  204  154  357
---------- Current Progress: 100 % - Matrix factorization
Memory: 737/837 870/891
---------- Current Progress: 100 % - Assembling matrices
Memory: 765/837 861/891
 155          13     1.6e+06   0.0012666          14  205  155  359
---------- Current Progress: 100 % - Matrix factorization
Memory: 743/837 832/891
---------- Current Progress: 100 % - Solving linear system
Memory: 766/837 862/891
 156         3.5     1.6e+06   0.0012229         3.5  206  156  361
---------- Current Progress: 100 % - Assembling matrices
Memory: 768/837 864/891
---------- Current Progress: 100 % - Matrix factorization
Memory: 750/837 839/891
---------- Current Progress: 100 % - Assembling matrices
Memory: 766/837 862/891
 157          16     1.6e+06   0.0008346          16  207  157  363
---------- Current Progress: 100 % - Matrix factorization
Memory: 736/837 872/891
---------- Current Progress: 100 % - Solving linear system
Memory: 767/837 863/891
 158         3.3     1.7e+06   0.0041836         3.3  208  158  365
---------- Current Progress: 100 % - Assembling matrices
Memory: 770/837 865/891
---------- Current Progress: 100 % - Matrix factorization
Memory: 760/837 872/891
---------- Current Progress: 100 % - Assembling matrices
Memory: 767/837 863/891
 159         3.1     1.8e+06   0.0077958         3.1  209  159  367
---------- Current Progress: 100 % - Matrix factorization
Memory: 751/837 863/891
---------- Current Progress: 100 % - Solving linear system
Memory: 768/837 863/891
 160         2.7     1.8e+06   0.0013072         2.7  211  160  370
---------- Current Progress: 100 % - Assembling matrices
Memory: 770/837 865/891
---------- Current Progress: 100 % - Matrix factorization
Memory: 752/837 872/891
---------- Current Progress: 100 % - Assembling matrices
Memory: 768/837 863/891
---------- Current Progress: 100 % - Solving linear system
 161     1.4e+02     1.8e+06   0.0010000     1.3e+02  214  161  374
---------- Current Progress: 100 % - Assembling matrices
Memory: 770/837 865/891
---------- Current Progress: 100 % - Matrix factorization
Memory: 730/837 845/891
---------- Current Progress: 100 % - Solving linear system
Memory: 768/837 863/891
 162          25     1.8e+06   0.0005008          25  215  162  376
---------- Current Progress: 100 % - Assembling matrices
Memory: 770/837 865/891
---------- Current Progress: 100 % - Matrix factorization
Memory: 753/837 872/891
---------- Current Progress: 100 % - Assembling matrices
Memory: 768/837 863/891
 163         2.6     1.8e+06   0.0040583         2.6  216  163  378
---------- Current Progress: 100 % - Matrix factorization
Memory: 774/837 872/891
---------- Current Progress: 100 % - Solving linear system
Memory: 768/837 863/891
 164         6.6     1.9e+06   0.0060533         6.6  217  164  380
---------- Current Progress: 100 % - Assembling matrices
Memory: 771/837 865/891
---------- Current Progress: 100 % - Matrix factorization
Memory: 742/837 872/891
---------- Current Progress: 100 % - Solving linear system
Memory: 768/837 863/891
 165         2.3     2.4e+06   0.0169014         2.3  218  165  382
---------- Current Progress: 100 % - Assembling matrices
Memory: 771/837 865/891
---------- Current Progress: 100 % - Matrix factorization
Memory: 745/837 833/891
---------- Current Progress: 100 % - Solving linear system
Memory: 768/837 863/891
 166           3     2.4e+06   0.0016901           3  219  166  384
---------- Current Progress: 100 % - Assembling matrices
Memory: 771/837 865/891
---------- Current Progress: 100 % - Matrix factorization
Memory: 744/837 872/891
---------- Current Progress: 100 % - Assembling matrices
Memory: 768/837 863/891
 167          12     2.4e+06   0.0005639          12  220  167  386
---------- Current Progress: 100 % - Matrix factorization
Memory: 767/837 872/891
---------- Current Progress: 100 % - Assembling matrices
Memory: 768/837 863/891
 168         4.3     2.4e+06   0.0019375         4.3  221  168  388
---------- Current Progress: 100 % - Matrix factorization
Memory: 737/837 872/891
---------- Current Progress: 100 % - Solving linear system
Memory: 768/837 863/891
 169         4.5     2.4e+06   0.0039662         4.5  222  169  390
---------- Current Progress: 100 % - Assembling matrices
Memory: 771/837 865/891
---------- Current Progress: 100 % - Matrix factorization
Memory: 759/837 872/891
---------- Current Progress: 100 % - Assembling matrices
Memory: 768/837 863/891
 170         3.2     2.4e+06   0.0010557         3.2  223  170  392
---------- Current Progress: 100 % - Matrix factorization
Memory: 726/837 836/891
---------- Current Progress: 100 % - Solving linear system
Memory: 768/837 863/891
 171         7.3     2.4e+06   0.0001056         7.3  224  171  394
---------- Current Progress: 100 % - Assembling matrices
Memory: 771/837 865/891
---------- Current Progress: 100 % - Matrix factorization
Memory: 759/837 872/891
---------- Current Progress: 100 % - Assembling matrices
Memory: 768/837 863/891
 172          34     2.4e+06   0.0010000          33  226  172  397
---------- Current Progress: 100 % - Matrix factorization
Memory: 739/837 872/891
---------- Current Progress: 100 % - Solving linear system
Memory: 768/837 863/891
 173         4.2     2.4e+06   0.0004354         4.2  227  173  399
---------- Current Progress: 100 % - Assembling matrices
Memory: 771/837 865/891
---------- Current Progress: 100 % - Matrix factorization
Memory: 756/837 872/891
---------- Current Progress: 100 % - Assembling matrices
Memory: 768/837 863/891
 174          27     2.4e+06   0.0013272          27  228  174  401
---------- Current Progress: 100 % - Matrix factorization
Memory: 728/837 808/891
---------- Current Progress: 100 % - Solving linear system
Memory: 768/837 863/891
 175         2.2     2.7e+06   0.0132725         2.2  229  175  403
---------- Current Progress: 100 % - Assembling matrices
Memory: 771/837 865/891
---------- Current Progress: 100 % - Matrix factorization
Memory: 754/837 842/891
---------- Current Progress: 100 % - Assembling matrices
Memory: 768/837 863/891
 176         2.2     2.7e+06   0.0021224         2.2  231  176  406
---------- Current Progress: 100 % - Matrix factorization
Memory: 735/837 845/891
---------- Current Progress: 100 % - Solving linear system
Memory: 768/837 863/891
 177          57     2.7e+06   0.0003128          57  232  177  408
---------- Current Progress: 100 % - Assembling matrices
Memory: 771/837 865/891
---------- Current Progress: 100 % - Matrix factorization
Memory: 757/837 872/891
---------- Current Progress: 100 % - Assembling matrices
Memory: 768/837 863/891
 178         2.3     2.7e+06   0.0031285         2.3  233  178  410
---------- Current Progress: 100 % - Matrix factorization
Memory: 735/837 845/891
---------- Current Progress: 100 % - Solving linear system
Memory: 768/837 863/891
 179         7.7     2.8e+06   0.0039677         7.7  234  179  412
---------- Current Progress: 100 % - Assembling matrices
Memory: 771/837 865/891
---------- Current Progress: 100 % - Matrix factorization
Memory: 755/837 872/891
---------- Current Progress: 100 % - Assembling matrices
Memory: 768/837 863/891
 180           2     3.1e+06   0.0138518           2  235  180  414
---------- Current Progress: 100 % - Matrix factorization
Memory: 746/837 833/891
---------- Current Progress: 100 % - Solving linear system
Memory: 768/837 863/891
 181         2.3     3.1e+06   0.0023889         2.3  237  181  417
---------- Current Progress: 100 % - Assembling matrices
Memory: 771/837 865/891
---------- Current Progress: 100 % - Matrix factorization
Memory: 746/837 833/891
---------- Current Progress: 100 % - Solving linear system
Memory: 768/837 863/891
 182          16     3.1e+06   0.0002389          16  238  182  419
---------- Current Progress: 100 % - Assembling matrices
Memory: 771/837 865/891
---------- Current Progress: 100 % - Matrix factorization
Memory: 749/837 872/891
---------- Current Progress: 100 % - Assembling matrices
Memory: 768/837 863/891
 183         9.4     3.1e+06   0.0001000         9.4  240  183  422
---------- Current Progress: 100 % - Constraint handling
---------- Current Progress: 100 % - Matrix factorization
Memory: 778/837 872/891
---------- Current Progress: 100 % - Solving linear system
Memory: 768/837 863/891
 184     1.7e+02     3.1e+06   0.0010000     1.6e+02  242  184  425
---------- Current Progress: 100 % - Assembling matrices
Memory: 771/837 865/891
---------- Current Progress: 100 % - Matrix factorization
Memory: 760/837 872/891
---------- Current Progress: 100 % - Assembling matrices
Memory: 769/837 863/891
 185         4.4     3.1e+06   0.0005085         4.5  243  185  427
---------- Current Progress: 100 % - Matrix factorization
Memory: 768/837 872/891
---------- Current Progress: 100 % - Solving linear system
Memory: 769/837 863/891
 186          24     3.1e+06   0.0015811          24  244  186  429
---------- Current Progress: 100 % - Assembling matrices
Memory: 771/837 865/891
---------- Current Progress: 100 % - Matrix factorization
Memory: 741/837 872/891
---------- Current Progress: 100 % - Solving linear system
Memory: 769/837 863/891
 187         2.2     3.5e+06   0.0158113         2.2  245  187  431
---------- Current Progress: 100 % - Assembling matrices
Memory: 771/837 865/891
---------- Current Progress: 100 % - Matrix factorization
Memory: 755/837 841/891
---------- Current Progress: 100 % - Assembling matrices
Memory: 769/837 863/891
 188         1.9     4.1e+06   0.0178844         1.9  246  188  433
---------- Current Progress: 100 % - Matrix factorization
Memory: 750/837 836/891
---------- Current Progress: 100 % - Assembling matrices
Memory: 769/837 863/891
 189         3.2     5.3e+06   0.0264659         3.4  247  189  435
---------- Current Progress: 100 % - Matrix factorization
---------- Current Progress: 100 % - Solving linear system
Memory: 770/837 864/891
 190         1.6       8e+06   0.0385780         1.7  248  190  437
---------- Current Progress: 100 % - Assembling matrices
Memory: 773/837 866/891
---------- Current Progress: 100 % - Matrix factorization
Memory: 748/837 834/891
---------- Current Progress: 100 % - Solving linear system
Memory: 770/837 864/891
 191         1.9       8e+06   0.0038578         1.9  249  191  439
---------- Current Progress: 100 % - Assembling matrices
Memory: 773/837 866/891
---------- Current Progress: 100 % - Matrix factorization
Memory: 747/837 873/891
---------- Current Progress: 100 % - Assembling matrices
Memory: 770/837 864/891
 192         8.6       8e+06   0.0001000         8.6  251  192  442
---------- Current Progress: 100 % - Matrix factorization
Memory: 770/837 873/891
---------- Current Progress: 100 % - Assembling matrices
Memory: 770/837 864/891
---------- Current Progress: 100 % - Solving linear system
 193     1.9e+02       8e+06   0.0010000     1.8e+02  253  193  445
---------- Current Progress: 100 % - Assembling matrices
Memory: 773/837 866/891
---------- Current Progress: 100 % - Matrix factorization
Memory: 750/837 873/891
---------- Current Progress: 100 % - Assembling matrices
Memory: 770/837 864/891
 194         4.1       8e+06   0.0005112         4.1  254  194  447
---------- Current Progress: 100 % - Matrix factorization
Memory: 777/837 873/891
---------- Current Progress: 100 % - Solving linear system
Memory: 770/837 864/891
 195          16       8e+06   0.0016163          17  255  195  449
---------- Current Progress: 100 % - Assembling matrices
Memory: 773/837 866/891
---------- Current Progress: 100 % - Matrix factorization
Memory: 749/837 873/891
---------- Current Progress: 100 % - Assembling matrices
Memory: 770/837 864/891
 196         1.6     8.2e+06   0.0141370         1.7  256  196  451
---------- Current Progress: 100 % - Matrix factorization
Memory: 772/837 873/891
---------- Current Progress: 100 % - Assembling matrices
Memory: 770/837 864/891
 197         1.5     9.4e+06   0.0271014         1.5  257  197  453
---------- Current Progress: 100 % - Matrix factorization
Memory: 740/837 873/891
---------- Current Progress: 100 % - Solving linear system
Memory: 770/837 864/891
---------- Current Progress: 100 % - Assembling matrices
 198         1.6     9.4e+06   0.0037861         1.6  259  198  456
---------- Current Progress: 100 % - Matrix factorization
Memory: 770/837 873/891
---------- Current Progress: 100 % - Assembling matrices
Memory: 770/837 864/891
 199          14     9.4e+06   0.0003786          14  260  199  458
---------- Current Progress: 100 % - Matrix factorization
Memory: 736/837 847/891
---------- Current Progress: 100 % - Solving linear system
Memory: 770/837 864/891
 200          21     9.4e+06   0.0012966          21  261  200  460
Solution time: 320 s. (5 minutes, 20 seconds)
Physical memory: 833 MB
Virtual memory: 878 MB
Ended at Sep 30, 2026, 2:29:28 AM.
----- Stationary Solver 2 in Study 1/Solution 1 (sol1) ------------------------>
OGOHLANTIRISH: boshlang'ich nuqta hali ham yaqinlashmadi: The_following_feature_has_encountered_a_problem
<---- Compile Equations: Semiconductor Equilibrium in Study 1/Solution 1 (sol1) -
Started at Sep 30, 2026, 2:29:28 AM.
Geometry shape function: Linear Lagrange
Geometry shape function: Quadratic Lagrange
Running on 11th Gen Intel(R) Core(TM) i7-1165G7 at 2.80 GHz.
Using 1 socket with 4 cores in total on WIN-FNSSP1NOF49.
Available memory: 7.97 GB.
           Current Progress:   3 % - Compile Equations: Semiconductor Equilibrium
Memory: 730/837 776/891
           Current Progress:   3 % - Creating visualization mesh
Memory: 729/837 774/891
Time: 1 s.
Physical memory: 730 MB
Virtual memory: 776 MB
Ended at Sep 30, 2026, 2:29:29 AM.
----- Compile Equations: Semiconductor Equilibrium in Study 1/Solution 1 (sol1) >
<---- Dependent Variables 1 in Study 1/Solution 1 (sol1) -----------------------
Started at Sep 30, 2026, 2:29:29 AM.
           Current Progress:   3 % - Dependent Variables 1
Memory: 736/837 781/891
Solution time: 0 s.
Physical memory: 736 MB
Virtual memory: 781 MB
Ended at Sep 30, 2026, 2:29:29 AM.
----- Dependent Variables 1 in Study 1/Solution 1 (sol1) ---------------------->
<---- Stationary Solver 1 in Study 1/Solution 1 (sol1) -------------------------
Started at Sep 30, 2026, 2:29:29 AM.
Nonlinear solver
Number of degrees of freedom solved for: 125013.
           Current Progress:   5 % - Assembling sparsity pattern
Memory: 745/837 790/891
Nonsymmetric matrix found.
Scales for dependent variables:
Electron solution variable (comp1.Ne): 2.7e+14
Hole solution variable (comp1.Ph): 2.7e+14
Trap occupancy (comp1.semi.tasr1.ctb1.ft): 3.4e+14
Electric potential (comp1.V): 2e+12
Orthonormal null-space function used.
           Current Progress:   5 % - Matrix factorization
Memory: 775/837 828/891
Iter      SolEst      ResEst     Damping    Stepsize #Res #Jac #Sol
           Current Progress:   5 % - Solving linear system
Memory: 816/837 877/891
           Current Progress:   9 % - Assembling matrices
Memory: 817/837 878/891
   1     1.5e+02     5.4e+15   0.0012677     1.5e+02    4    1    4
           Current Progress:   9 % - Assembling sparsity pattern
Memory: 777/837 840/891
           Current Progress:   9 % - Matrix factorization
Memory: 758/837 847/891
           Current Progress:   9 % - Solving linear system
Memory: 779/837 842/891
   2          78     1.9e+04   0.0034960          78    5    2    6
-          Current Progress:  14 % - Assembling matrices
Memory: 780/837 843/891
-          Current Progress:  14 % - Matrix factorization
Memory: 773/837 848/891
-          Current Progress:  14 % - Assembling matrices
Memory: 779/837 841/891
   3          81     2.3e+04   0.0011595          82    6    3    8
-          Current Progress:  14 % - Matrix factorization
Memory: 776/837 849/891
-          Current Progress:  14 % - Assembling matrices
Memory: 779/837 841/891
   4          62     4.2e+04   0.0020639          62    7    4   10
--         Current Progress:  25 % - Assembling matrices
Memory: 778/837 841/891
--         Current Progress:  25 % - Matrix factorization
Memory: 771/837 846/891
--         Current Progress:  25 % - Solving linear system
Memory: 741/837 795/891
   5          62     5.7e+04   0.0013491          62    8    5   12
--         Current Progress:  25 % - Assembling matrices
Memory: 735/837 788/891
--         Current Progress:  25 % - Matrix factorization
Memory: 725/837 796/891
--         Current Progress:  25 % - Solving linear system
Memory: 737/837 789/891
   6          56     9.7e+04   0.0017522          56    9    6   14
--         Current Progress:  27 % - Assembling matrices
Memory: 735/837 788/891
--         Current Progress:  27 % - Matrix factorization
Memory: 721/837 795/891
--         Current Progress:  27 % - Solving linear system
Memory: 736/837 789/891
   7          57     1.4e+05   0.0013811          57   10    7   16
--         Current Progress:  27 % - Matrix factorization
Memory: 722/837 800/891
--         Current Progress:  27 % - Solving linear system
Memory: 739/837 794/891
   8          55     2.3e+05   0.0015239          55   11    8   18
--         Current Progress:  28 % - Matrix factorization
Memory: 721/837 801/891
--         Current Progress:  28 % - Solving linear system
Memory: 739/837 794/891
   9          56     3.3e+05   0.0012697          56   12    9   20
--         Current Progress:  28 % - Matrix factorization
Memory: 717/837 799/891
--         Current Progress:  28 % - Solving linear system
Memory: 737/837 792/891
  10          55     5.1e+05   0.0012269          55   13   10   22
--         Current Progress:  28 % - Matrix factorization
Memory: 720/837 800/891
--         Current Progress:  28 % - Solving linear system
Memory: 738/837 793/891
  11          56     7.4e+05   0.0010452          56   14   11   24
--         Current Progress:  28 % - Matrix factorization
Memory: 718/837 800/891
--         Current Progress:  28 % - Solving linear system
Memory: 738/837 794/891
  12          56     1.1e+06   0.0009528          57   15   12   26
--         Current Progress:  28 % - Matrix factorization
Memory: 719/837 800/891
--         Current Progress:  28 % - Solving linear system
Memory: 738/837 794/891
  13          57     1.6e+06   0.0008130          57   16   13   28
--         Current Progress:  28 % - Matrix factorization
Memory: 722/837 800/891
--         Current Progress:  28 % - Solving linear system
Memory: 738/837 794/891
  14          58     2.3e+06   0.0006975          58   17   14   30
--         Current Progress:  28 % - Assembling matrices
Memory: 738/837 793/891
--         Current Progress:  28 % - Matrix factorization
Memory: 724/837 800/891
--         Current Progress:  28 % - Solving linear system
Memory: 739/837 794/891
  15          60     3.3e+06   0.0005779          60   18   15   32
--         Current Progress:  28 % - Assembling matrices
Memory: 738/837 793/891
--         Current Progress:  28 % - Matrix factorization
Memory: 724/837 800/891
--         Current Progress:  28 % - Solving linear system
Memory: 739/837 794/891
  16          61     4.7e+06   0.0004827          61   19   16   34
--         Current Progress:  28 % - Assembling matrices
Memory: 738/837 793/891
--         Current Progress:  28 % - Matrix factorization
Memory: 726/837 801/891
--         Current Progress:  28 % - Solving linear system
Memory: 739/837 794/891
  17          63     6.8e+06   0.0004053          63   20   17   36
--         Current Progress:  28 % - Matrix factorization
Memory: 723/837 801/891
--         Current Progress:  28 % - Solving linear system
Memory: 739/837 794/891
  18          65       1e+07   0.0003482          65   21   18   38
--         Current Progress:  28 % - Matrix factorization
Memory: 722/837 801/891
--         Current Progress:  28 % - Solving linear system
Memory: 739/837 795/891
  19          68     1.5e+07   0.0003057          68   22   19   40
--         Current Progress:  28 % - Matrix factorization
Memory: 722/837 801/891
--         Current Progress:  28 % - Solving linear system
Memory: 739/837 795/891
  20          71     2.4e+07   0.0002764          71   23   20   42
--         Current Progress:  28 % - Assembling matrices
Memory: 738/837 794/891
--         Current Progress:  28 % - Matrix factorization
Memory: 722/837 801/891
--         Current Progress:  28 % - Solving linear system
Memory: 739/837 795/891
  21          74       4e+07   0.0002589          74   24   21   44
--         Current Progress:  28 % - Matrix factorization
Memory: 722/837 801/891
--         Current Progress:  28 % - Solving linear system
Memory: 739/837 795/891
  22          76     6.9e+07   0.0002510          76   25   22   46
--         Current Progress:  28 % - Matrix factorization
Memory: 722/837 801/891
--         Current Progress:  28 % - Solving linear system
Memory: 739/837 795/891
  23          77     1.3e+08   0.0002454          77   26   23   48
--         Current Progress:  28 % - Matrix factorization
Memory: 722/837 801/891
--         Current Progress:  28 % - Solving linear system
Memory: 739/837 795/891
  24          77     2.3e+08   0.0002361          77   27   24   50
---        Current Progress:  35 % - Assembling matrices
Memory: 738/837 794/891
---        Current Progress:  35 % - Matrix factorization
Memory: 724/837 801/891
---        Current Progress:  35 % - Solving linear system
Memory: 739/837 795/891
  25          76     4.1e+08   0.0002295          76   28   25   52
---        Current Progress:  37 % - Solving linear system
Memory: 731/837 788/891
---        Current Progress:  37 % - Matrix factorization
Memory: 724/837 801/891
---        Current Progress:  37 % - Solving linear system
Memory: 739/837 795/891
  26          75     7.4e+08   0.0002303          75   29   26   54
---        Current Progress:  38 % - Solving linear system
Memory: 737/837 793/891
---        Current Progress:  38 % - Matrix factorization
Memory: 723/837 801/891
---        Current Progress:  38 % - Solving linear system
Memory: 739/837 795/891
  27          73     1.3e+09   0.0002319          73   30   27   56
---        Current Progress:  39 % - Solving linear system
Memory: 737/837 793/891
---        Current Progress:  39 % - Matrix factorization
Memory: 723/837 801/891
---        Current Progress:  39 % - Solving linear system
Memory: 739/837 795/891
  28          71     2.4e+09   0.0002326          71   31   28   58
----       Current Progress:  40 % - Assembling matrices
Memory: 738/837 794/891
----       Current Progress:  40 % - Matrix factorization
Memory: 724/837 801/891
----       Current Progress:  40 % - Solving linear system
Memory: 739/837 795/891
  29          69     4.3e+09   0.0002431          69   32   29   60
----       Current Progress:  40 % - Assembling matrices
Memory: 738/837 794/891
----       Current Progress:  40 % - Matrix factorization
Memory: 725/837 801/891
----       Current Progress:  40 % - Solving linear system
Memory: 739/837 795/891
  30          66     7.9e+09   0.0002678          66   33   30   62
----       Current Progress:  41 % - Matrix factorization
Memory: 722/837 801/891
----       Current Progress:  41 % - Solving linear system
Memory: 739/837 795/891
  31          63     1.5e+10   0.0003115          63   34   31   64
----       Current Progress:  41 % - Assembling matrices
Memory: 738/837 794/891
----       Current Progress:  41 % - Matrix factorization
Memory: 724/837 801/891
----       Current Progress:  41 % - Solving linear system
Memory: 739/837 795/891
  32          59     3.2e+10   0.0004058          59   35   32   66
----       Current Progress:  42 % - Solving linear system
Memory: 737/837 793/891
----       Current Progress:  42 % - Matrix factorization
Memory: 723/837 801/891
----       Current Progress:  42 % - Solving linear system
Memory: 739/837 795/891
  33          54     7.9e+10   0.0006367          54   36   33   68
----       Current Progress:  43 % - Solving linear system
Memory: 738/837 794/891
----       Current Progress:  43 % - Matrix factorization
Memory: 722/837 801/891
----       Current Progress:  43 % - Solving linear system
Memory: 739/837 795/891
  34          49     2.5e+11   0.0012804          49   37   34   70
----       Current Progress:  43 % - Matrix factorization
Memory: 720/837 801/891
----       Current Progress:  43 % - Solving linear system
Memory: 739/837 795/891
  35          42     1.3e+12   0.0037505          42   38   35   72
----       Current Progress:  44 % - Matrix factorization
Memory: 718/837 801/891
----       Current Progress:  44 % - Solving linear system
Memory: 739/837 795/891
  36          21     8.4e+12   0.0141433          21   39   36   74
----       Current Progress:  46 % - Matrix factorization
Memory: 719/837 801/891
----       Current Progress:  46 % - Solving linear system
Memory: 737/837 795/891
  37         7.9     1.4e+13   0.0304490         8.1   40   37   76
----       Current Progress:  47 % - Matrix factorization
Memory: 713/837 787/891
----       Current Progress:  47 % - Solving linear system
Memory: 739/837 795/891
  38         3.3     2.7e+13   0.0586045         3.5   41   38   78
----       Current Progress:  47 % - Matrix factorization
Memory: 715/837 761/891
----       Current Progress:  47 % - Solving linear system
Memory: 739/837 795/891
  39         1.7     3.4e+13   0.0655043         1.8   42   39   80
----       Current Progress:  47 % - Constraint handling
Memory: 739/837 794/891
----       Current Progress:  47 % - Matrix factorization
Memory: 747/837 803/891
----       Current Progress:  47 % - Solving linear system
Memory: 741/837 796/891
  40         1.1     4.6e+13   0.1025107         1.3   43   40   82
----       Current Progress:  47 % - Matrix factorization
Memory: 717/837 763/891
----       Current Progress:  47 % - Solving linear system
Memory: 741/837 796/891
  41        0.99     4.9e+13   0.0946781         1.1   44   41   84
----       Current Progress:  47 % - Matrix factorization
Memory: 725/837 789/891
----       Current Progress:  47 % - Solving linear system
Memory: 741/837 796/891
  42           2     4.8e+13   0.0230170           2   45   42   86
----       Current Progress:  47 % - Assembling matrices
Memory: 741/837 797/891
----       Current Progress:  47 % - Matrix factorization
Memory: 746/837 803/891
----       Current Progress:  47 % - Solving linear system
Memory: 741/837 796/891
  43         3.3     4.7e+13   0.0127244         3.3   46   43   88
----       Current Progress:  47 % - Matrix factorization
Memory: 730/837 789/891
----       Current Progress:  47 % - Solving linear system
Memory: 741/837 796/891
  44           2     4.6e+13   0.0248739         2.1   47   44   90
----       Current Progress:  47 % - Assembling matrices
Memory: 740/837 796/891
----       Current Progress:  47 % - Matrix factorization
Memory: 744/837 803/891
----       Current Progress:  47 % - Solving linear system
Memory: 741/837 796/891
  45         1.8     4.6e+13   0.0266890         1.8   48   45   92
----       Current Progress:  47 % - Assembling matrices
Memory: 740/837 796/891
----       Current Progress:  47 % - Matrix factorization
Memory: 745/837 803/891
----       Current Progress:  47 % - Solving linear system
Memory: 741/837 796/891
  46         1.2     4.6e+13   0.0595562         1.3   49   46   94
----       Current Progress:  47 % - Matrix factorization
Memory: 714/837 754/891
----       Current Progress:  47 % - Solving linear system
Memory: 741/837 796/891
  47        0.62     7.2e+13   0.1594391        0.74   50   47   96
----       Current Progress:  47 % - Matrix factorization
Memory: 723/837 803/891
----       Current Progress:  47 % - Solving linear system
Memory: 741/837 796/891
  48        0.14     4.7e+14   0.9395409        0.47   51   48   98
----       Current Progress:  48 % - Matrix factorization
Memory: 725/837 803/891
----       Current Progress:  48 % - Solving linear system
Memory: 741/837 796/891
  49      0.0088     8.8e+13   1.0000000        0.19   52   49  100
----       Current Progress:  49 % - Assembling matrices
Memory: 740/837 796/891
----       Current Progress:  49 % - Matrix factorization
Memory: 729/837 803/891
----       Current Progress:  49 % - Solving linear system
Memory: 741/837 796/891
  50      0.0012     7.3e+12   1.0000000      0.0094   53   50  102
----       Current Progress:  49 % - Assembling matrices
Memory: 740/837 796/891
----       Current Progress:  49 % - Matrix factorization
Memory: 730/837 803/891
----       Current Progress:  49 % - Assembling matrices
Memory: 739/837 795/891
  51     0.00013     6.6e+10   1.0000000      0.0012   54   51  104
----       Current Progress:  49 % - Assembling sparsity pattern
----       Current Progress:  49 % - Matrix factorization
Memory: 727/837 809/891
----       Current Progress:  49 % - Solving linear system
Memory: 747/837 802/891
  52     1.2e-06     5.8e+06   1.0000000     0.00013   55   52  106
-----      Current Progress:  50 % - Matrix factorization
Memory: 734/837 809/891
-----      Current Progress:  50 % - Solving linear system
Memory: 747/837 802/891
-----      Current Progress:  50 % - Assembling matrices
Memory: 745/837 800/891
  53     1.1e-10         4.1   1.0000000     1.2e-06   57   53  108
-----      Current Progress:  50 % - Constraint handling
Memory: 649/837 686/891
Solution time: 42 s.
Physical memory: 818 MB
Virtual memory: 879 MB
Ended at Sep 30, 2026, 2:30:12 AM.
----- Stationary Solver 1 in Study 1/Solution 1 (sol1) ------------------------>
<---- Compile Equations: Stationary in Study 1/Solution 1 (sol1) ---------------
Started at Sep 30, 2026, 2:30:12 AM.
Geometry shape function: Linear Lagrange
Geometry shape function: Quadratic Lagrange
-----      Current Progress:  52 % - Compile Equations: Stationary
Memory: 739/837 777/891
-----      Current Progress:  52 % - Creating visualization mesh
Memory: 737/837 774/891
Time: 1 s.
Physical memory: 739 MB
Virtual memory: 777 MB
Ended at Sep 30, 2026, 2:30:13 AM.
----- Compile Equations: Stationary in Study 1/Solution 1 (sol1) -------------->
<---- Dependent Variables 2 in Study 1/Solution 1 (sol1) -----------------------
Started at Sep 30, 2026, 2:30:13 AM.
Initial values of variables solved for: Solution 1 (sol1), Solution Store 1 (sol2).
Values of variables not solved for: Solution 1 (sol1).
-----      Current Progress:  52 % - Dependent Variables 2
Memory: 743/837 780/891
Solution time: 0 s.
Physical memory: 743 MB
Virtual memory: 780 MB
Ended at Sep 30, 2026, 2:30:13 AM.
----- Dependent Variables 2 in Study 1/Solution 1 (sol1) ---------------------->
<---- Stationary Solver 2 in Study 1/Solution 1 (sol1) -------------------------
Started at Sep 30, 2026, 2:30:13 AM.
Nonlinear solver
Number of degrees of freedom solved for: 129213.
-----      Current Progress:  55 % - Assembling matrices
Memory: 752/837 789/891
-----      Current Progress:  55 % - Assembling sparsity pattern
Memory: 758/837 796/891
-----      Current Progress:  55 % - Assembling matrices
Memory: 790/837 829/891
Nonsymmetric matrix found.
Scales for dependent variables:
Electron solution variable (comp1.Ne): 3.6e+25
Hole solution variable (comp1.Ph): 2.9e+27
Boundary electron concentration (comp1.semi.n_bnd): 4.5e+23
Boundary hole concentration (comp1.semi.p_bnd): 6.9e+30
Trap occupancy (comp1.semi.tasr1.ctb1.ft): 1.2e+22
Electric potential (comp1.V): 9.2e+17
Orthonormal null-space function used.
-----      Current Progress:  55 % - Matrix factorization
Memory: 847/860 895/910
Iter      SolEst      ResEst     Damping    Stepsize #Res #Jac #Sol
-----      Current Progress:  55 % - Solving linear system
Memory: 877/879 930/933
-----      Current Progress:  58 % - Assembling matrices
Memory: 878/880 930/936
   1       1e+33     1.3e+07   0.0010000     2.9e+27    6    1    6
-----      Current Progress:  58 % - Assembling sparsity pattern
Memory: 808/880 879/936
-----      Current Progress:  58 % - Assembling matrices
Memory: 844/880 910/936
-----      Current Progress:  58 % - Matrix factorization
Memory: 813/880 865/936
-----      Current Progress:  58 % - Assembling matrices
Memory: 800/880 846/936
   2     1.6e+02     6.9e+03   0.0006809     1.6e+02    7    2    8
------     Current Progress:  64 % - Assembling sparsity pattern
Memory: 789/880 837/936
------     Current Progress:  64 % - Assembling matrices
Memory: 814/880 861/936
------     Current Progress:  64 % - Matrix factorization
Memory: 807/880 869/936
------     Current Progress:  64 % - Assembling matrices
Memory: 816/880 864/936
   3          65     1.1e+04   0.0015874          65    8    3   10
-------    Current Progress:  76 % - Assembling matrices
Memory: 815/880 862/936
-------    Current Progress:  76 % - Matrix factorization
Memory: 785/880 827/936
-------    Current Progress:  76 % - Assembling matrices
Memory: 859/880 911/936
   4          49     1.2e+04   0.0006962          49   10    4   13
-------    Current Progress:  76 % - Matrix factorization
Memory: 802/880 839/936
-------    Current Progress:  76 % - Assembling matrices
Memory: 858/880 910/936
   5          35     2.6e+04   0.0026287          35   11    5   15
-------    Current Progress:  78 % - Assembling matrices
Memory: 862/880 913/936
-------    Current Progress:  78 % - Matrix factorization
Memory: 837/880 882/936
-------    Current Progress:  78 % - Solving linear system
Memory: 860/880 915/936
   6          30     2.8e+04   0.0009558          30   13    6   18
-------    Current Progress:  78 % - Assembling matrices
Memory: 858/880 909/936
-------    Current Progress:  78 % - Matrix factorization
Memory: 837/880 886/936
-------    Current Progress:  78 % - Solving linear system
Memory: 860/880 912/936
   7          34     2.8e+04   0.0001000          34   14    7   20
-------    Current Progress:  78 % - Assembling matrices
Memory: 860/880 911/936
-------    Current Progress:  78 % - Matrix factorization
Memory: 839/880 918/936
-------    Current Progress:  78 % - Assembling matrices
Memory: 859/880 911/936
   8       8e+02     2.8e+04   0.0001000       8e+02   15    8   22
-------    Current Progress:  78 % - Matrix factorization
Memory: 855/880 916/936
-------    Current Progress:  78 % - Assembling matrices
Memory: 859/880 911/936
   9          22       3e+04   0.0010000          22   16    9   24
---------  Current Progress:  93 % - Assembling matrices
Memory: 860/880 911/936
---------  Current Progress:  93 % - Matrix factorization
Memory: 816/880 862/936
---------  Current Progress:  93 % - Assembling matrices
Memory: 860/880 911/936
  10          30       3e+04   0.0010000          30   19   10   28
---------  Current Progress:  93 % - Matrix factorization
Memory: 821/880 865/936
---------  Current Progress:  93 % - Assembling matrices
Memory: 859/880 910/936
  11          23     3.4e+04   0.0007425          23   20   11   30
---------  Current Progress:  93 % - Matrix factorization
Memory: 834/880 878/936
---------  Current Progress:  93 % - Solving linear system
Memory: 859/880 910/936
---------  Current Progress:  93 % - Assembling matrices
  12          55     3.4e+04   0.0010000          53   23   12   34
---------  Current Progress:  93 % - Matrix factorization
Memory: 833/880 877/936
---------  Current Progress:  93 % - Solving linear system
Memory: 859/880 910/936
  13          28     3.7e+04   0.0005960          28   24   13   36
---------  Current Progress:  93 % - Assembling matrices
---------  Current Progress:  93 % - Matrix factorization
Memory: 835/880 879/936
---------  Current Progress:  93 % - Solving linear system
Memory: 860/880 911/936
  14          26     3.8e+04   0.0007801          26   25   14   38
---------  Current Progress:  93 % - Assembling matrices
---------  Current Progress:  93 % - Matrix factorization
Memory: 837/880 889/936
---------  Current Progress:  93 % - Assembling matrices
Memory: 860/880 911/936
  15          43     3.8e+04   0.0002795          43   26   15   40
---------  Current Progress:  93 % - Matrix factorization
Memory: 822/880 889/936
---------  Current Progress:  93 % - Solving linear system
Memory: 859/880 910/936
  16          69     3.8e+04   0.0003393          69   27   16   42
---------  Current Progress:  93 % - Assembling matrices
Memory: 860/880 911/936
---------  Current Progress:  93 % - Matrix factorization
Memory: 788/880 835/936
---------  Current Progress:  93 % - Solving linear system
Memory: 856/880 909/936
  17          37     3.8e+04   0.0010000          36   30   17   46
---------  Current Progress:  93 % - Assembling matrices
---------  Current Progress:  93 % - Matrix factorization
Memory: 831/880 876/936
---------  Current Progress:  93 % - Assembling matrices
Memory: 857/880 909/936
  18          16     4.1e+04   0.0005722          16   31   18   48
---------  Current Progress:  93 % - Matrix factorization
Memory: 832/880 890/936
---------  Current Progress:  93 % - Assembling matrices
Memory: 857/880 910/936
  19          14     4.4e+04   0.0011438          14   32   19   50
---------  Current Progress:  93 % - Matrix factorization
Memory: 800/880 859/936
---------  Current Progress:  93 % - Assembling matrices
Memory: 857/880 910/936
  20     1.5e+02     4.4e+04   0.0010000     1.3e+02   35   20   54
---------  Current Progress:  93 % - Matrix factorization
Memory: 828/880 917/936
---------  Current Progress:  93 % - Assembling matrices
Memory: 857/880 910/936
  21     1.7e+02     4.6e+04   0.0010000     1.6e+02   38   21   58
---------  Current Progress:  93 % - Matrix factorization
Memory: 821/880 889/936
---------  Current Progress:  93 % - Solving linear system
Memory: 856/880 909/936
  22          29     5.1e+04   0.0009918          29   39   22   60
---------  Current Progress:  95 % - Assembling matrices
Memory: 857/880 909/936
---------  Current Progress:  95 % - Matrix factorization
Memory: 835/880 887/936
---------  Current Progress:  95 % - Assembling matrices
Memory: 857/880 910/936
  23          16     5.1e+04   0.0002197          16   41   23   63
---------  Current Progress:  95 % - Matrix factorization
Memory: 828/880 915/936
---------  Current Progress:  95 % - Assembling matrices
Memory: 857/880 910/936
  24     1.2e+02     5.1e+04   0.0010000     1.1e+02   43   24   66
---------  Current Progress:  95 % - Matrix factorization
Memory: 831/880 876/936
---------  Current Progress:  95 % - Solving linear system
Memory: 856/880 909/936
  25          17     5.4e+04   0.0005066          17   44   25   68
---------  Current Progress:  96 % - Assembling matrices
Memory: 856/880 908/936
---------  Current Progress:  96 % - Matrix factorization
Memory: 833/880 913/936
---------  Current Progress:  96 % - Assembling matrices
Memory: 857/880 910/936
  26          23     5.4e+04   0.0001000          23   46   26   71
---------  Current Progress:  96 % - Matrix factorization
Memory: 858/880 917/936
---------  Current Progress:  96 % - Solving linear system
Memory: 858/880 911/936
  27          34     5.4e+04   0.0001000          34   47   27   73
---------  Current Progress:  96 % - Assembling matrices
Memory: 857/880 909/936
---------  Current Progress:  96 % - Matrix factorization
Memory: 839/880 916/936
---------  Current Progress:  96 % - Assembling matrices
Memory: 858/880 911/936
  28          77     5.4e+04   0.0001000          77   48   28   75
---------  Current Progress:  96 % - Matrix factorization
Memory: 858/880 916/936
---------  Current Progress:  96 % - Assembling matrices
Memory: 858/880 911/936
  29          28     5.4e+04   0.0003071          28   49   29   77
---------  Current Progress:  96 % - Matrix factorization
Memory: 837/880 886/936
---------  Current Progress:  96 % - Assembling matrices
Memory: 857/880 910/936
  30          22     5.5e+04   0.0006223          22   50   30   79
---------  Current Progress:  96 % - Matrix factorization
Memory: 822/880 890/936
---------  Current Progress:  96 % - Solving linear system
Memory: 856/880 909/936
---------  Current Progress:  96 % - Assembling matrices
Memory: 857/880 910/936
  31          13     5.5e+04   0.0001000          13   52   31   82
---------  Current Progress:  96 % - Matrix factorization
Memory: 851/880 916/936
---------  Current Progress:  96 % - Assembling matrices
Memory: 857/880 910/936
---------  Current Progress:  96 % - Solving linear system
  32          61     5.5e+04   0.0010000          59   54   32   85
---------  Current Progress:  96 % - Assembling matrices
Memory: 860/880 912/936
---------  Current Progress:  96 % - Matrix factorization
Memory: 835/880 880/936
---------  Current Progress:  96 % - Solving linear system
Memory: 857/880 910/936
  33          24     5.7e+04   0.0003816          24   55   33   87
---------  Current Progress:  96 % - Assembling matrices
Memory: 860/880 912/936
---------  Current Progress:  96 % - Matrix factorization
Memory: 842/880 917/936
---------  Current Progress:  96 % - Assembling matrices
Memory: 858/880 910/936
  34          13     5.7e+04   0.0001000          13   57   34   90
---------  Current Progress:  96 % - Matrix factorization
Memory: 823/880 916/936
---------  Current Progress:  96 % - Solving linear system
Memory: 856/880 909/936
---------  Current Progress:  96 % - Assembling matrices
  35          47     5.7e+04   0.0010000          46   59   35   93
---------  Current Progress:  96 % - Matrix factorization
Memory: 834/880 879/936
---------  Current Progress:  96 % - Solving linear system
Memory: 857/880 909/936
  36          14       6e+04   0.0004932          14   60   36   95
---------  Current Progress:  97 % - Assembling matrices
Memory: 858/880 911/936
---------  Current Progress:  97 % - Matrix factorization
Memory: 836/880 882/936
---------  Current Progress:  97 % - Assembling matrices
Memory: 858/880 911/936
---------  Current Progress:  97 % - Solving linear system
  37          17       6e+04   0.0001000          17   62   37   98
---------  Current Progress:  97 % - Assembling matrices
Memory: 859/880 911/936
---------  Current Progress:  97 % - Matrix factorization
Memory: 836/880 882/936
---------  Current Progress:  97 % - Assembling matrices
Memory: 858/880 911/936
  38          30       6e+04   0.0001000          30   63   38  100
---------  Current Progress:  97 % - Matrix factorization
Memory: 833/880 920/936
---------  Current Progress:  97 % - Assembling matrices
Memory: 858/880 911/936
  39     1.2e+02       6e+04   0.0001000     1.2e+02   64   39  102
---------  Current Progress:  97 % - Matrix factorization
Memory: 795/880 842/936
---------  Current Progress:  97 % - Solving linear system
Memory: 855/880 908/936
  40          15       6e+04   0.0004496          15   65   40  104
---------  Current Progress:  97 % - Assembling matrices
Memory: 858/880 911/936
---------  Current Progress:  97 % - Matrix factorization
Memory: 836/880 883/936
---------  Current Progress:  97 % - Assembling matrices
Memory: 856/880 909/936
---------  Current Progress:  97 % - Solving linear system
  41          36       6e+04   0.0010000          35   67   41  107
---------  Current Progress:  97 % - Assembling matrices
---------  Current Progress:  97 % - Matrix factorization
Memory: 833/880 878/936
---------  Current Progress:  97 % - Solving linear system
Memory: 857/880 910/936
  42          15     6.3e+04   0.0004630          15   68   42  109
---------  Current Progress:  97 % - Assembling matrices
Memory: 858/880 910/936
---------  Current Progress:  97 % - Matrix factorization
Memory: 839/880 885/936
---------  Current Progress:  97 % - Assembling matrices
Memory: 857/880 909/936
---------  Current Progress:  97 % - Solving linear system
  43          32     6.3e+04   0.0010000          32   70   43  112
---------  Current Progress:  97 % - Assembling matrices
Memory: 857/880 910/936
---------  Current Progress:  97 % - Matrix factorization
Memory: 837/880 883/936
---------  Current Progress:  97 % - Assembling matrices
Memory: 858/880 910/936
  44          17     6.5e+04   0.0003929          17   71   44  114
---------  Current Progress:  97 % - 
Memory: 854/880 906/936
---------  Current Progress:  97 % - Matrix factorization
Memory: 832/880 878/936
---------  Current Progress:  97 % - Solving linear system
Memory: 856/880 908/936
---------  Current Progress:  97 % - Assembling matrices
Memory: 857/880 909/936
  45          34     6.5e+04   0.0010000          33   74   45  118
---------  Current Progress:  97 % - Matrix factorization
Memory: 830/880 876/936
---------  Current Progress:  97 % - Solving linear system
Memory: 856/880 908/936
  46         9.4     6.8e+04   0.0004127         9.4   75   46  120
---------  Current Progress:  97 % - Assembling matrices
Memory: 855/880 908/936
---------  Current Progress:  97 % - Matrix factorization
Memory: 831/880 876/936
---------  Current Progress:  97 % - Assembling matrices
Memory: 858/880 910/936
  47          31     6.8e+04   0.0003320          31   76   47  122
---------  Current Progress:  97 % - Matrix factorization
Memory: 834/880 880/936
---------  Current Progress:  97 % - Assembling matrices
Memory: 857/880 909/936
  48          10       7e+04   0.0009063          10   77   48  124
---------  Current Progress:  97 % - Matrix factorization
Memory: 834/880 879/936
---------  Current Progress:  97 % - Solving linear system
Memory: 857/880 909/936
  49          21       7e+04   0.0002114          21   78   49  126
---------  Current Progress:  97 % - Assembling matrices
Memory: 857/880 910/936
---------  Current Progress:  97 % - Matrix factorization
Memory: 855/880 917/936
---------  Current Progress:  97 % - Assembling matrices
Memory: 857/880 909/936
  50          83       7e+04   0.0002920          83   79   50  128
---------  Current Progress:  97 % - Matrix factorization
Memory: 819/880 892/936
---------  Current Progress:  97 % - Solving linear system
Memory: 857/880 909/936
  51          24     7.3e+04   0.0012357          24   80   51  130
---------  Current Progress:  98 % - Assembling sparsity pattern
Memory: 845/880 897/936
---------  Current Progress:  98 % - Assembling matrices
Memory: 861/880 913/936
---------  Current Progress:  98 % - Matrix factorization
Memory: 839/880 886/936
---------  Current Progress:  98 % - Assembling matrices
Memory: 859/880 910/936
  52         7.7     9.7e+04   0.0032512         7.7   81   52  132
---------  Current Progress:  98 % - Matrix factorization
Memory: 836/880 891/936
---------  Current Progress:  98 % - Assembling matrices
Memory: 859/880 911/936
  53          13     1.7e+05   0.0058402          13   82   53  134
---------  Current Progress:  98 % - Constraint handling
Memory: 865/880 925/936
---------  Current Progress:  98 % - Matrix factorization
Memory: 833/880 878/936
---------  Current Progress:  98 % - Solving linear system
Memory: 859/880 911/936
---------  Current Progress:  98 % - Assembling matrices
Memory: 860/880 912/936
  54          13     1.7e+05   0.0001000          13   85   54  138
---------  Current Progress:  98 % - Matrix factorization
Memory: 827/880 919/936
---------  Current Progress:  98 % - Solving linear system
Memory: 859/880 911/936
---------  Current Progress:  98 % - Assembling matrices
Memory: 860/880 912/936
  55     1.8e+02     1.7e+05   0.0010000     1.6e+02   87   55  141
---------  Current Progress:  98 % - Matrix factorization
Memory: 835/880 880/936
---------  Current Progress:  98 % - Solving linear system
Memory: 860/880 912/936
  56          10     1.7e+05   0.0004971          10   88   56  143
---------  Current Progress:  98 % - Assembling matrices
Memory: 862/880 914/936
---------  Current Progress:  98 % - Matrix factorization
Memory: 859/880 921/936
---------  Current Progress:  98 % - Assembling matrices
Memory: 860/880 912/936
  57          26     1.7e+05   0.0002259          26   89   57  145
---------  Current Progress:  98 % - Matrix factorization
Memory: 839/880 890/936
---------  Current Progress:  98 % - Assembling matrices
Memory: 861/880 913/936
  58          17     1.8e+05   0.0005628          17   90   58  147
---------  Current Progress:  98 % - Matrix factorization
Memory: 831/880 890/936
---------  Current Progress:  98 % - Assembling matrices
Memory: 860/880 912/936
  59          13     1.8e+05   0.0012410          13   91   59  149
---------  Current Progress:  98 % - Matrix factorization
Memory: 819/880 864/936
---------  Current Progress:  98 % - Assembling matrices
Memory: 859/880 911/936
  60         7.1     1.9e+05   0.0021169         7.2   92   60  151
---------  Current Progress:  98 % - Constraint handling
Memory: 870/880 924/936
---------  Current Progress:  98 % - Matrix factorization
Memory: 836/880 883/936
---------  Current Progress:  98 % - Assembling matrices
Memory: 859/880 911/936
  61         7.3     2.2e+05   0.0039140         7.3   93   61  153
---------  Current Progress:  98 % - Matrix factorization
Memory: 835/880 879/936
---------  Current Progress:  98 % - Solving linear system
Memory: 859/880 911/936
  62         8.8     2.2e+05   0.0003914         8.8   94   62  155
---------  Current Progress:  98 % - Assembling matrices
Memory: 859/880 910/936
---------  Current Progress:  98 % - Matrix factorization
Memory: 832/880 877/936
---------  Current Progress:  98 % - Solving linear system
Memory: 860/880 912/936
  63          20     2.2e+05   0.0003100          20   95   63  157
---------  Current Progress:  98 % - Assembling matrices
Memory: 863/880 914/936
---------  Current Progress:  98 % - Matrix factorization
Memory: 833/880 879/936
---------  Current Progress:  98 % - Assembling matrices
Memory: 860/880 912/936
---------  Current Progress:  98 % - Solving linear system
  64     1.3e+03     2.2e+05   0.0010000     8.7e+02   97   64  160
---------  Current Progress:  98 % - Assembling matrices
Memory: 863/880 914/936
---------  Current Progress:  98 % - Matrix factorization
Memory: 848/880 896/936
---------  Current Progress:  98 % - Assembling matrices
Memory: 860/880 912/936
  65         8.2     2.2e+05   0.0006279         8.2   98   65  162
---------  Current Progress:  99 % - Assembling matrices
Memory: 861/880 912/936
---------  Current Progress:  99 % - Matrix factorization
Memory: 815/880 861/936
---------  Current Progress:  99 % - Assembling matrices
Memory: 858/880 910/936
  66     1.7e+02     2.2e+05   0.0001330     1.7e+02   99   66  164
---------  Current Progress:  99 % - Matrix factorization
Memory: 856/880 918/936
---------  Current Progress:  99 % - Assembling matrices
Memory: 860/880 912/936
  67          11     2.2e+05   0.0001330          11  101   67  167
---------  Current Progress:  99 % - Matrix factorization
Memory: 829/880 915/936
---------  Current Progress:  99 % - Assembling matrices
Memory: 860/880 912/936
  68          21     2.2e+05   0.0001000          21  102   68  169
---------  Current Progress:  99 % - Constraint handling
Memory: 858/880 910/936
---------  Current Progress:  99 % - Matrix factorization
Memory: 867/880 919/936
---------  Current Progress:  99 % - Solving linear system
Memory: 860/880 912/936
  69     2.4e+02     2.2e+05   0.0001000     2.4e+02  103   69  171
---------  Current Progress:  99 % - Assembling matrices
Memory: 859/880 910/936
---------  Current Progress:  99 % - Matrix factorization
Memory: 837/880 917/936
---------  Current Progress:  99 % - Assembling matrices
Memory: 861/880 913/936
  70         8.3     2.3e+05   0.0010000         8.3  104   70  173
---------  Current Progress:  99 % - Constraint handling
Memory: 870/880 925/936
---------  Current Progress:  99 % - Matrix factorization
Memory: 836/880 880/936
---------  Current Progress:  99 % - Solving linear system
Memory: 861/880 912/936
  71         8.6     2.3e+05   0.0015436         8.7  105   71  175
---------  Current Progress:  99 % - Assembling matrices
Memory: 860/880 912/936
---------  Current Progress:  99 % - Matrix factorization
Memory: 796/880 843/936
---------  Current Progress:  99 % - Solving linear system
Memory: 855/880 909/936
  72         8.8     2.3e+05   0.0004324         8.8  106   72  177
---------  Current Progress:  99 % - Assembling matrices
Memory: 857/880 910/936
---------  Current Progress:  99 % - Matrix factorization
Memory: 836/880 882/936
---------  Current Progress:  99 % - Assembling matrices
Memory: 857/880 911/936
  73          25     2.3e+05   0.0001000          25  107   73  179
---------  Current Progress:  99 % - Matrix factorization
Memory: 831/880 914/936
---------  Current Progress:  99 % - Assembling matrices
Memory: 856/880 909/936
  74     1.1e+02     2.3e+05   0.0001000     1.1e+02  108   74  181
---------  Current Progress:  99 % - Matrix factorization
Memory: 855/880 908/936
---------  Current Progress:  99 % - Solving linear system
Memory: 855/880 912/936
  75          25     2.3e+05   0.0007087          25  109   75  183
---------  Current Progress:  99 % - Assembling matrices
Memory: 857/880 910/936
---------  Current Progress:  99 % - Matrix factorization
Memory: 831/880 877/936
---------  Current Progress:  99 % - Solving linear system
Memory: 857/880 910/936
  76           6     2.5e+05   0.0028067           6  110   76  185
---------  Current Progress:  99 % - Assembling matrices
Memory: 855/880 908/936
---------  Current Progress:  99 % - Matrix factorization
Memory: 837/880 885/936
---------  Current Progress:  99 % - Assembling matrices
Memory: 858/880 911/936
---------  Current Progress:  99 % - Solving linear system
  77          62     2.5e+05   0.0010000          60  113   77  189
---------  Current Progress:  99 % - Assembling matrices
---------  Current Progress:  99 % - Matrix factorization
Memory: 838/880 918/936
---------  Current Progress:  99 % - Assembling matrices
Memory: 857/880 910/936
  78          15     2.5e+05   0.0004833          15  114   78  191
---------  Current Progress:  99 % - Constraint handling
Memory: 854/880 907/936
---------  Current Progress:  99 % - Matrix factorization
Memory: 829/880 875/936
---------  Current Progress:  99 % - Solving linear system
Memory: 856/880 909/936
  79         9.1     2.5e+05   0.0011938         9.1  115   79  193
---------  Current Progress:  99 % - Assembling matrices
---------  Current Progress:  99 % - Matrix factorization
Memory: 830/880 876/936
---------  Current Progress:  99 % - Solving linear system
Memory: 857/880 910/936
  80          19     2.6e+05   0.0007899          19  116   80  195
---------  Current Progress:  99 % - Assembling matrices
Memory: 858/880 911/936
---------  Current Progress:  99 % - Matrix factorization
Memory: 836/880 918/936
---------  Current Progress:  99 % - Assembling matrices
Memory: 857/880 910/936
  81         6.4     2.7e+05   0.0022705         6.4  117   81  197
---------  Current Progress:  99 % - Constraint handling
Memory: 867/880 921/936
---------  Current Progress:  99 % - Matrix factorization
Memory: 863/880 916/936
---------  Current Progress:  99 % - Solving linear system
Memory: 857/880 910/936
  82         5.9     2.7e+05   0.0013912         5.9  118   82  199
---------  Current Progress:  99 % - Assembling matrices
Memory: 858/880 911/936
---------  Current Progress:  99 % - Matrix factorization
Memory: 835/880 914/936
---------  Current Progress:  99 % - Assembling matrices
Memory: 858/880 911/936
  83          35     2.7e+05   0.0001391          35  119   83  201
---------  Current Progress:  99 % - Matrix factorization
Memory: 856/880 909/936
---------  Current Progress:  99 % - Solving linear system
Memory: 857/880 910/936
  84          22     2.7e+05   0.0003597          22  120   84  203
---------  Current Progress:  99 % - Assembling matrices
Memory: 856/880 909/936
---------  Current Progress:  99 % - Matrix factorization
Memory: 841/880 915/936
---------  Current Progress:  99 % - Assembling matrices
Memory: 858/880 911/936
  85          10     2.7e+05   0.0011277          10  121   85  205
---------  Current Progress:  99 % - Constraint handling
Memory: 855/880 908/936
---------  Current Progress:  99 % - Matrix factorization
Memory: 856/880 912/936
---------  Current Progress:  99 % - Solving linear system
Memory: 858/880 911/936
  86         7.8     2.8e+05   0.0020383         7.8  122   86  207
---------  Current Progress:  99 % - Assembling matrices
---------  Current Progress:  99 % - Matrix factorization
Memory: 839/880 886/936
---------  Current Progress:  99 % - Assembling matrices
Memory: 857/880 910/936
  87          15     2.8e+05   0.0011105          15  123   87  209
---------  Current Progress:  99 % - Matrix factorization
Memory: 854/880 907/936
---------  Current Progress:  99 % - Solving linear system
Memory: 857/880 910/936
  88           6       3e+05   0.0028717           6  124   88  211
---------  Current Progress:  99 % - Assembling matrices
Memory: 856/880 909/936
---------  Current Progress:  99 % - Matrix factorization
Memory: 836/880 883/936
---------  Current Progress:  99 % - Assembling matrices
Memory: 857/880 910/936
---------  Current Progress:  99 % - Solving linear system
  89         7.3       3e+05   0.0001326         7.3  126   89  214
---------  Current Progress:  99 % - Assembling matrices
---------  Current Progress:  99 % - Matrix factorization
Memory: 839/880 916/936
---------  Current Progress:  99 % - Assembling matrices
Memory: 858/880 911/936
  90          21       3e+05   0.0010000          21  128   90  217
---------  Current Progress:  99 % - Matrix factorization
Memory: 821/880 916/936
---------  Current Progress:  99 % - Solving linear system
Memory: 856/880 909/936
  91         6.8       3e+05   0.0003412         6.8  129   91  219
---------  Current Progress:  99 % - Assembling matrices
Memory: 857/880 910/936
---------  Current Progress:  99 % - Matrix factorization
Memory: 854/880 916/936
---------  Current Progress:  99 % - Assembling matrices
Memory: 857/880 910/936
  92          66       3e+05   0.0001000          66  130   92  221
---------  Current Progress:  99 % - Matrix factorization
Memory: 831/880 916/936
---------  Current Progress:  99 % - Assembling matrices
Memory: 858/880 911/936
  93         6.7       3e+05   0.0007933         6.7  131   93  223
---------  Current Progress:  99 % - Matrix factorization
Memory: 832/880 879/936
---------  Current Progress:  99 % - Solving linear system
Memory: 856/880 909/936
  94         7.4       3e+05   0.0006662         7.4  132   94  225
---------  Current Progress:  99 % - Assembling matrices
Memory: 855/880 908/936
---------  Current Progress:  99 % - Matrix factorization
Memory: 835/880 881/936
---------  Current Progress:  99 % - Assembling matrices
Memory: 857/880 910/936
  95         9.8       3e+05   0.0005627         9.8  133   95  227
---------  Current Progress:  99 % - Matrix factorization
Memory: 830/880 891/936
---------  Current Progress:  99 % - Assembling matrices
Memory: 857/880 910/936
---------  Current Progress:  99 % - Solving linear system
  96          23       3e+05   0.0010000          23  136   96  231
---------  Current Progress:  99 % - Assembling matrices
Memory: 858/880 911/936
---------  Current Progress:  99 % - Matrix factorization
Memory: 827/880 916/936
---------  Current Progress:  99 % - Assembling matrices
Memory: 856/880 909/936
  97         6.4     3.1e+05   0.0004206         6.4  137   97  233
---------  Current Progress:  99 % - Matrix factorization
Memory: 834/880 880/936
---------  Current Progress:  99 % - Solving linear system
Memory: 857/880 910/936
  98           6     3.1e+05   0.0006686           6  138   98  235
---------  Current Progress:  99 % - Assembling matrices
Memory: 856/880 909/936
---------  Current Progress:  99 % - Matrix factorization
Memory: 840/880 886/936
---------  Current Progress:  99 % - Assembling matrices
Memory: 858/880 911/936
  99          25     3.1e+05   0.0010000          25  140   99  238
---------  Current Progress:  99 % - Matrix factorization
Memory: 827/880 890/936
---------  Current Progress:  99 % - Assembling matrices
Memory: 857/880 910/936
 100          17     3.1e+05   0.0003633          17  141  100  240
---------  Current Progress:  99 % - Matrix factorization
Memory: 732/880 786/936
---------  Current Progress:  99 % - Solving linear system
Memory: 854/880 908/936
 101           9     3.1e+05   0.0009655           9  142  101  242
---------  Current Progress:  99 % - Assembling sparsity pattern
Memory: 838/880 892/936
---------  Current Progress:  99 % - Assembling matrices
Memory: 860/880 914/936
---------  Current Progress:  99 % - Matrix factorization
Memory: 839/880 885/936
---------  Current Progress:  99 % - Assembling matrices
Memory: 860/880 913/936
 102         9.2     3.2e+05   0.0020189         9.2  143  102  244
---------  Current Progress:  99 % - Matrix factorization
Memory: 862/880 921/936
---------  Current Progress:  99 % - Solving linear system
Memory: 860/880 916/936
 103         8.2     3.6e+05   0.0045521         8.3  144  103  246
---------  Current Progress:  99 % - Assembling matrices
Memory: 861/880 914/936
---------  Current Progress:  99 % - Matrix factorization
Memory: 831/880 894/936
---------  Current Progress:  99 % - Assembling matrices
Memory: 860/880 912/936
 104         4.2     5.3e+05   0.0090048         4.3  145  104  248
---------  Current Progress:  99 % - Matrix factorization
Memory: 836/880 882/936
---------  Current Progress:  99 % - Solving linear system
Memory: 861/880 913/936
 105         4.8     6.7e+05   0.0079845         4.9  146  105  250
---------  Current Progress:  99 % - Assembling matrices
Memory: 861/880 914/936
---------  Current Progress:  99 % - Matrix factorization
Memory: 840/880 886/936
---------  Current Progress:  99 % - Assembling matrices
Memory: 861/880 913/936
 106         7.1     6.9e+05   0.0035733         7.2  147  106  252
---------  Current Progress:  99 % - Matrix factorization
Memory: 826/880 894/936
---------  Current Progress:  99 % - Solving linear system
Memory: 860/880 912/936
 107         4.5     7.1e+05   0.0026736         4.6  148  107  254
---------  Current Progress:  99 % - Assembling matrices
Memory: 861/880 914/936
---------  Current Progress:  99 % - Matrix factorization
Memory: 841/880 919/936
---------  Current Progress:  99 % - Assembling matrices
Memory: 861/880 913/936
 108         6.5     7.2e+05   0.0027139         6.5  149  108  256
---------  Current Progress:  99 % - Constraint handling
Memory: 862/880 915/936
---------  Current Progress:  99 % - Matrix factorization
Memory: 837/880 884/936
---------  Current Progress:  99 % - Solving linear system
Memory: 861/880 913/936
 109         4.3     7.5e+05   0.0042911         4.3  150  109  258
---------  Current Progress:  99 % - Assembling matrices
Memory: 859/880 912/936
---------  Current Progress:  99 % - Matrix factorization
Memory: 840/880 885/936
---------  Current Progress:  99 % - Assembling matrices
Memory: 861/880 913/936
---------  Current Progress:  99 % - Solving linear system
 110         7.4     7.5e+05   0.0001733         7.4  152  110  261
---------  Current Progress:  99 % - Assembling matrices
Memory: 861/880 914/936
---------  Current Progress:  99 % - Matrix factorization
Memory: 834/880 921/936
---------  Current Progress:  99 % - Assembling matrices
Memory: 860/880 912/936
 111          13     7.5e+05   0.0001000          13  153  111  263
---------  Current Progress:  99 % - Matrix factorization
Memory: 859/880 921/936
---------  Current Progress:  99 % - Assembling matrices
Memory: 861/880 913/936
---------  Current Progress:  99 % - Solving linear system
 112     5.7e+02     7.5e+05   0.0010000     4.5e+02  155  112  266
---------  Current Progress:  99 % - Assembling matrices
Memory: 860/880 913/936
---------  Current Progress:  99 % - Matrix factorization
Memory: 844/880 890/936
---------  Current Progress:  99 % - Assembling matrices
Memory: 861/880 913/936
 113          11     7.6e+05   0.0005616          11  156  113  268
---------  Current Progress:  99 % - Matrix factorization
Memory: 859/880 912/936
---------  Current Progress:  99 % - Solving linear system
Memory: 860/880 912/936
 114          26     7.6e+05   0.0013950          26  157  114  270
---------  Current Progress:  99 % - Assembling matrices
Memory: 859/880 912/936
---------  Current Progress:  99 % - Matrix factorization
Memory: 836/880 882/936
---------  Current Progress:  99 % - Solving linear system
Memory: 861/880 913/936
 115         5.1     7.9e+05   0.0037652         5.1  158  115  272
---------  Current Progress:  99 % - Assembling matrices
Memory: 861/880 914/936
---------  Current Progress:  99 % - Matrix factorization
Memory: 837/880 883/936
---------  Current Progress:  99 % - Assembling matrices
Memory: 859/880 912/936
 116         4.4     8.6e+05   0.0062855         4.4  159  116  274
---------  Current Progress:  99 % - Matrix factorization
Memory: 836/880 893/936
---------  Current Progress:  99 % - Solving linear system
Memory: 858/880 916/936
 117         3.4     9.7e+05   0.0071834         3.4  160  117  276
---------  Current Progress:  99 % - Assembling matrices
Memory: 860/880 913/936
---------  Current Progress:  99 % - Constraint handling
Memory: 871/880 926/936
---------  Current Progress:  99 % - Matrix factorization
Memory: 835/880 881/936
---------  Current Progress:  99 % - Solving linear system
Memory: 860/880 912/936
 118         3.7     9.7e+05   0.0005710         3.7  162  118  279
---------  Current Progress:  99 % - Assembling matrices
Memory: 863/880 916/936
---------  Current Progress:  99 % - Matrix factorization
Memory: 833/880 921/936
---------  Current Progress:  99 % - Assembling matrices
Memory: 861/880 913/936
 119          89     9.7e+05   0.0010000          85  164  119  282
---------  Current Progress:  99 % - Matrix factorization
Memory: 837/880 883/936
---------  Current Progress:  99 % - Solving linear system
Memory: 860/880 912/936
 120         4.9     9.7e+05   0.0004904         4.9  165  120  284
---------  Current Progress:  99 % - Assembling matrices
Memory: 859/880 912/936
---------  Current Progress:  99 % - Matrix factorization
Memory: 836/880 882/936
---------  Current Progress:  99 % - Solving linear system
Memory: 861/880 913/936
 121          15     9.7e+05   0.0013669          15  166  121  286
---------  Current Progress:  99 % - Assembling matrices
Memory: 861/880 914/936
---------  Current Progress:  99 % - Matrix factorization
Memory: 841/880 897/936
---------  Current Progress:  99 % - Assembling matrices
Memory: 861/880 913/936
 122         3.4       1e+06   0.0056659         3.4  167  122  288
---------  Current Progress:  99 % - Matrix factorization
Memory: 838/880 884/936
---------  Current Progress:  99 % - Assembling matrices
Memory: 861/880 913/936
 123           4       1e+06   0.0016779           4  168  123  290
---------  Current Progress:  99 % - Matrix factorization
Memory: 865/880 921/936
---------  Current Progress:  99 % - Solving linear system
Memory: 861/880 913/936
 124          37       1e+06   0.0021646          37  169  124  292
---------  Current Progress:  99 % - Assembling matrices
Memory: 863/880 916/936
---------  Current Progress:  99 % - Matrix factorization
Memory: 841/880 921/936
---------  Current Progress:  99 % - Assembling matrices
Memory: 861/880 913/936
 125         2.8     1.8e+06   0.0194236         2.9  170  125  294
---------  Current Progress:  99 % - Matrix factorization
Memory: 836/880 882/936
---------  Current Progress:  99 % - Solving linear system
Memory: 860/880 912/936
 126         3.4     1.8e+06   0.0043113         3.4  171  126  296
---------  Current Progress:  99 % - Assembling matrices
Memory: 861/880 914/936
---------  Current Progress:  99 % - Matrix factorization
Memory: 847/880 921/936
---------  Current Progress:  99 % - Assembling matrices
Memory: 861/880 913/936
 127         4.1     1.8e+06   0.0002396         4.1  173  127  299
---------  Current Progress:  99 % - Matrix factorization
Memory: 833/880 921/936
---------  Current Progress:  99 % - Assembling matrices
Memory: 860/880 912/936
 128         7.6     1.8e+06   0.0001000         7.6  174  128  301
---------  Current Progress:  99 % - Matrix factorization
Memory: 858/880 923/936
---------  Current Progress:  99 % - Assembling matrices
Memory: 861/880 913/936
---------  Current Progress:  99 % - Solving linear system
 129          32     1.8e+06   0.0010000          32  176  129  304
---------  Current Progress:  99 % - Assembling matrices
Memory: 863/880 916/936
---------  Current Progress:  99 % - Matrix factorization
Memory: 840/880 921/936
---------  Current Progress:  99 % - Assembling matrices
Memory: 860/880 912/936
 130         4.5     1.8e+06   0.0004343         4.5  177  130  306
---------  Current Progress:  99 % - Matrix factorization
Memory: 855/880 921/936
---------  Current Progress:  99 % - Assembling matrices
Memory: 861/880 913/936
 131          16     1.8e+06   0.0012816          16  178  131  308
---------  Current Progress:  99 % - Matrix factorization
Memory: 860/880 912/936
---------  Current Progress:  99 % - Solving linear system
Memory: 862/880 914/936
 132         7.1     1.9e+06   0.0070517         7.2  179  132  310
---------  Current Progress:  99 % - Assembling matrices
Memory: 864/880 917/936
---------  Current Progress:  99 % - Matrix factorization
Memory: 846/880 924/936
---------  Current Progress:  99 % - Assembling matrices
Memory: 862/880 914/936
 133         2.6     2.6e+06   0.0186506         2.6  180  133  312
---------  Current Progress:  99 % - Matrix factorization
Memory: 821/880 866/936
---------  Current Progress:  99 % - Assembling matrices
Memory: 862/880 914/936
 134         2.1       6e+06   0.0414290         2.1  181  134  314
---------  Current Progress:  99 % - Matrix factorization
Memory: 836/880 882/936
---------  Current Progress:  99 % - Solving linear system
Memory: 861/880 913/936
 135         1.8     1.6e+07   0.0722370         1.9  182  135  316
---------  Current Progress:  99 % - Assembling matrices
Memory: 861/880 914/936
---------  Current Progress:  99 % - Matrix factorization
Memory: 846/880 892/936
---------  Current Progress:  99 % - Assembling matrices
Memory: 862/880 914/936
---------  Current Progress:  99 % - Solving linear system
 136         2.3     1.6e+07   0.0102705         2.3  184  136  319
---------  Current Progress:  99 % - Assembling matrices
Memory: 862/880 915/936
---------  Current Progress:  99 % - Matrix factorization
Memory: 851/880 922/936
---------  Current Progress:  99 % - Assembling matrices
Memory: 862/880 914/936
 137         1.9     1.6e+07   0.0147924           2  185  137  321
---------  Current Progress:  99 % - Matrix factorization
Memory: 817/880 854/936
---------  Current Progress:  99 % - Solving linear system
Memory: 861/880 913/936
 138         1.9     1.6e+07   0.0048328         1.9  186  138  323
---------  Current Progress:  99 % - Assembling matrices
Memory: 862/880 915/936
---------  Current Progress:  99 % - Matrix factorization
Memory: 849/880 922/936
---------  Current Progress:  99 % - Assembling matrices
Memory: 862/880 914/936
 139         2.5     1.6e+07   0.0044263         2.5  187  139  325
---------  Current Progress:  99 % - Matrix factorization
Memory: 819/880 865/936
---------  Current Progress:  99 % - Assembling matrices
Memory: 861/880 913/936
 140         2.6     1.6e+07   0.0014805         2.6  188  140  327
---------  Current Progress:  99 % - Matrix factorization
Memory: 836/880 882/936
---------  Current Progress:  99 % - Solving linear system
Memory: 861/880 913/936
 141         5.2     1.6e+07   0.0015873         5.3  189  141  329
---------  Current Progress:  99 % - Assembling matrices
Memory: 861/880 914/936
---------  Current Progress:  99 % - Matrix factorization
Memory: 838/880 921/936
---------  Current Progress:  99 % - Assembling matrices
Memory: 861/880 913/936
 142         6.8     1.6e+07   0.0001000         6.8  191  142  332
---------  Current Progress:  99 % - Matrix factorization
Memory: 852/880 920/936
---------  Current Progress:  99 % - Assembling matrices
Memory: 862/880 914/936
---------  Current Progress:  99 % - Solving linear system
 143          25     1.6e+07   0.0010000          25  193  143  335
---------  Current Progress:  99 % - Assembling matrices
Memory: 860/880 913/936
---------  Current Progress:  99 % - Matrix factorization
Memory: 838/880 920/936
---------  Current Progress:  99 % - Assembling matrices
Memory: 861/880 913/936
 144         3.9     1.6e+07   0.0004098         3.9  194  144  337
---------  Current Progress:  99 % - Matrix factorization
Memory: 855/880 920/936
---------  Current Progress:  99 % - Assembling matrices
Memory: 863/880 915/936
 145          32     1.6e+07   0.0012896          32  195  145  339
---------  Current Progress:  99 % - Matrix factorization
Memory: 827/880 922/936
---------  Current Progress:  99 % - Solving linear system
Memory: 861/880 913/936
 146         2.6     1.6e+07   0.0128962         2.6  196  146  341
---------  Current Progress:  99 % - Assembling matrices
Memory: 860/880 913/936
---------  Current Progress:  99 % - Matrix factorization
Memory: 846/880 920/936
---------  Current Progress:  99 % - Assembling matrices
Memory: 862/880 914/936
 147         1.7     1.7e+07   0.0223177         1.8  197  147  343
---------  Current Progress:  99 % - Matrix factorization
Memory: 865/880 924/936
---------  Current Progress:  99 % - Solving linear system
Memory: 862/880 917/936
 148         1.5       2e+07   0.0454477         1.6  198  148  345
---------  Current Progress:  99 % - Assembling matrices
Memory: 860/880 913/936
---------  Current Progress:  99 % - Matrix factorization
Memory: 827/880 920/936
---------  Current Progress:  99 % - Solving linear system
Memory: 861/880 913/936
 149         2.9       2e+07   0.0036085         2.9  200  149  348
---------  Current Progress:  99 % - Assembling matrices
Memory: 862/880 915/936
---------  Current Progress:  99 % - Matrix factorization
Memory: 851/880 920/936
---------  Current Progress:  99 % - Assembling matrices
Memory: 862/880 914/936
 150         2.4       2e+07   0.0046894         2.5  201  150  350
---------  Current Progress:  99 % - Matrix factorization
Memory: 825/880 892/936
---------  Current Progress:  99 % - Solving linear system
Memory: 860/880 912/936
 151         1.7       2e+07   0.0095220         1.7  202  151  352
---------  Current Progress:  99 % - Assembling sparsity pattern
Memory: 849/880 901/936
---------  Current Progress:  99 % - Assembling matrices
Memory: 864/880 916/936
---------  Current Progress:  99 % - Matrix factorization
Memory: 819/880 856/936
---------  Current Progress:  99 % - Solving linear system
Memory: 860/880 912/936
 152         3.9       2e+07   0.0159025           4  203  152  354
---------  Current Progress:  99 % - Assembling matrices
Memory: 864/880 916/936
---------  Current Progress:  99 % - Matrix factorization
Memory: 850/880 921/936
---------  Current Progress:  99 % - Assembling matrices
Memory: 861/880 913/936
 153         1.7       2e+07   0.0058899         1.7  205  153  357
---------  Current Progress:  99 % - Matrix factorization
Memory: 829/880 921/936
---------  Current Progress:  99 % - Solving linear system
Memory: 861/880 912/936
 154     1.2e+02       2e+07   0.0012107     1.2e+02  206  154  359
---------  Current Progress:  99 % - Assembling matrices
Memory: 862/880 914/936
---------  Current Progress:  99 % - Matrix factorization
Memory: 855/880 919/936
---------  Current Progress:  99 % - Assembling matrices
Memory: 861/880 913/936
 155         1.6       2e+07   0.0121074         1.6  207  155  361
---------- Current Progress: 100 % - Assembling matrices
Memory: 860/880 912/936
---------- Current Progress: 100 % - Matrix factorization
Memory: 826/880 919/936
---------- Current Progress: 100 % - Solving linear system
Memory: 860/880 912/936
 156         1.8       2e+07   0.0023413         1.8  208  156  363
---------- Current Progress: 100 % - Assembling matrices
---------- Current Progress: 100 % - Matrix factorization
Memory: 845/880 919/936
---------- Current Progress: 100 % - Assembling matrices
Memory: 862/880 914/936
 157         2.7       2e+07   0.0020625         2.7  209  157  365
---------- Current Progress: 100 % - Matrix factorization
Memory: 864/880 919/936
---------- Current Progress: 100 % - Solving linear system
Memory: 861/880 913/936
 158         5.7       2e+07   0.0008396         5.7  210  158  367
---------- Current Progress: 100 % - Assembling matrices
Memory: 862/880 914/936
---------- Current Progress: 100 % - Matrix factorization
Memory: 840/880 921/936
---------- Current Progress: 100 % - Assembling matrices
Memory: 861/880 913/936
 159          17       2e+07   0.0014543          17  211  159  369
---------- Current Progress: 100 % - Matrix factorization
Memory: 861/880 918/936
---------- Current Progress: 100 % - Solving linear system
Memory: 861/880 913/936
 160     1.7e+03       2e+07   0.0001000     1.7e+03  213  160  372
---------- Current Progress: 100 % - Assembling matrices
Memory: 863/880 915/936
---------- Current Progress: 100 % - Matrix factorization
Memory: 848/880 920/936
---------- Current Progress: 100 % - Assembling matrices
Memory: 862/880 914/936
 161         3.5       2e+07   0.0010000         3.5  214  161  374
---------- Current Progress: 100 % - Matrix factorization
Memory: 817/880 854/936
---------- Current Progress: 100 % - Solving linear system
Memory: 860/880 912/936
---------- Current Progress: 100 % - Assembling matrices
Memory: 861/880 913/936
 162          67       2e+07   0.0010000          64  216  162  377
---------- Current Progress: 100 % - Matrix factorization
Memory: 862/880 922/936
---------- Current Progress: 100 % - Solving linear system
Memory: 861/880 916/936
 163           4       2e+07   0.0004710           4  217  163  379
---------- Current Progress: 100 % - Assembling matrices
Memory: 862/880 914/936
---------- Current Progress: 100 % - Matrix factorization
Memory: 833/880 919/936
---------- Current Progress: 100 % - Assembling matrices
Memory: 861/880 912/936
 164          21       2e+07   0.0015322          21  218  164  381
---------- Current Progress: 100 % - Matrix factorization
Memory: 836/880 882/936
---------- Current Progress: 100 % - Solving linear system
Memory: 864/880 916/936
 165         1.5       2e+07   0.0153216         1.5  219  165  383
---------- Current Progress: 100 % - Assembling matrices
Memory: 862/880 914/936
---------- Current Progress: 100 % - Matrix factorization
Memory: 846/880 892/936
---------- Current Progress: 100 % - Assembling matrices
Memory: 863/880 915/936
 166         1.3     2.1e+07   0.0285922         1.4  220  166  385
---------- Current Progress: 100 % - 
Memory: 862/880 914/936
---------- Current Progress: 100 % - Matrix factorization
Memory: 836/880 881/936
---------- Current Progress: 100 % - Solving linear system
Memory: 862/880 914/936
 167         2.3     2.4e+07   0.0459626         2.5  221  167  387
---------- Current Progress: 100 % - Assembling matrices
Memory: 863/880 915/936
---------- Current Progress: 100 % - Matrix factorization
Memory: 841/880 886/936
---------- Current Progress: 100 % - Assembling matrices
Memory: 863/880 915/936
---------- Current Progress: 100 % - Solving linear system
 168         1.8     2.4e+07   0.0088933         1.9  223  168  390
---------- Current Progress: 100 % - Assembling matrices
Memory: 863/880 916/936
---------- Current Progress: 100 % - Matrix factorization
Memory: 836/880 923/936
---------- Current Progress: 100 % - Assembling matrices
Memory: 863/880 915/936
 169         1.4     2.4e+07   0.0143309         1.4  224  169  392
---------- Current Progress: 100 % - Matrix factorization
Memory: 852/880 921/936
---------- Current Progress: 100 % - Assembling matrices
Memory: 864/880 916/936
 170         1.3     2.4e+07   0.0147325         1.3  225  170  394
---------- Current Progress: 100 % - Matrix factorization
Memory: 828/880 921/936
---------- Current Progress: 100 % - Solving linear system
Memory: 860/880 912/936
 171         2.1     2.4e+07   0.0016715         2.1  226  171  396
---------- Current Progress: 100 % - Assembling matrices
Memory: 861/880 914/936
---------- Current Progress: 100 % - Matrix factorization
Memory: 849/880 921/936
---------- Current Progress: 100 % - Assembling matrices
Memory: 863/880 915/936
 172         3.6     2.4e+07   0.0016903         3.6  227  172  398
---------- Current Progress: 100 % - Matrix factorization
Memory: 830/880 921/936
---------- Current Progress: 100 % - Assembling matrices
Memory: 863/880 915/936
 173         1.7     2.4e+07   0.0054112         1.7  228  173  400
---------- Current Progress: 100 % - Matrix factorization
Memory: 854/880 922/936
---------- Current Progress: 100 % - Assembling matrices
Memory: 863/880 915/936
 174         1.6     2.4e+07   0.0091733         1.6  229  174  402
---------- Current Progress: 100 % - Matrix factorization
Memory: 826/880 921/936
---------- Current Progress: 100 % - Solving linear system
Memory: 862/880 914/936
---------- Current Progress: 100 % - Assembling matrices
 175         1.7     2.4e+07   0.0005414         1.7  231  175  405
---------- Current Progress: 100 % - Matrix factorization
Memory: 855/880 923/936
---------- Current Progress: 100 % - Assembling matrices
Memory: 863/880 915/936
 176           4     2.4e+07   0.0001000           4  232  176  407
---------- Current Progress: 100 % - Matrix factorization
Memory: 828/880 921/936
---------- Current Progress: 100 % - Solving linear system
Memory: 862/880 914/936
 177           5     2.4e+07   0.0001000           5  233  177  409
---------- Current Progress: 100 % - Assembling matrices
Memory: 861/880 914/936
---------- Current Progress: 100 % - Matrix factorization
Memory: 852/880 919/936
---------- Current Progress: 100 % - Assembling matrices
Memory: 863/880 915/936
 178         6.7     2.4e+07   0.0001000         6.7  234  178  411
---------- Current Progress: 100 % - Matrix factorization
Memory: 820/880 857/936
---------- Current Progress: 100 % - Solving linear system
Memory: 862/880 914/936
 179          25     2.4e+07   0.0010000          25  236  179  414
---------- Current Progress: 100 % - Assembling matrices
Memory: 861/880 914/936
---------- Current Progress: 100 % - Matrix factorization
Memory: 853/880 921/936
---------- Current Progress: 100 % - Assembling matrices
Memory: 863/880 915/936
 180         3.6     2.4e+07   0.0004073         3.6  237  180  416
---------- Current Progress: 100 % - Matrix factorization
Memory: 836/880 925/936
---------- Current Progress: 100 % - Assembling matrices
Memory: 862/880 914/936
 181          23     2.4e+07   0.0014164          23  238  181  418
---------- Current Progress: 100 % - Matrix factorization
Memory: 851/880 921/936
---------- Current Progress: 100 % - Assembling matrices
Memory: 863/880 915/936
 182         1.2     2.4e+07   0.0141640         1.2  239  182  420
---------- Current Progress: 100 % - Matrix factorization
Memory: 859/880 911/936
---------- Current Progress: 100 % - Solving linear system
Memory: 864/880 916/936
 183           2     2.4e+07   0.0011981           2  241  183  423
---------- Current Progress: 100 % - Assembling matrices
Memory: 863/880 916/936
---------- Current Progress: 100 % - Matrix factorization
Memory: 842/880 921/936
---------- Current Progress: 100 % - Assembling matrices
Memory: 863/880 915/936
 184         3.1     2.4e+07   0.0002561         3.1  242  184  425
---------- Current Progress: 100 % - 
Memory: 860/880 912/936
---------- Current Progress: 100 % - Matrix factorization
Memory: 866/880 921/936
---------- Current Progress: 100 % - Solving linear system
Memory: 863/880 915/936
 185         7.6     2.4e+07   0.0001000         7.6  243  185  427
---------- Current Progress: 100 % - Assembling matrices
Memory: 861/880 914/936
---------- Current Progress: 100 % - Matrix factorization
Memory: 837/880 921/936
---------- Current Progress: 100 % - Assembling matrices
Memory: 862/880 914/936
 186          49     2.4e+07   0.0010000          48  245  186  430
---------- Current Progress: 100 % - Constraint handling
Memory: 873/880 931/936
---------- Current Progress: 100 % - Matrix factorization
Memory: 872/880 925/936
---------- Current Progress: 100 % - Solving linear system
Memory: 863/880 915/936
 187         3.7     2.4e+07   0.0004543         3.7  246  187  432
---------- Current Progress: 100 % - Assembling matrices
Memory: 861/880 914/936
---------- Current Progress: 100 % - Matrix factorization
Memory: 842/880 921/936
---------- Current Progress: 100 % - Assembling matrices
Memory: 864/880 916/936
 188          12     2.4e+07   0.0015640          12  247  188  434
---------- Current Progress: 100 % - Matrix factorization
Memory: 869/880 923/936
---------- Current Progress: 100 % - Solving linear system
Memory: 863/880 915/936
 189         1.4     2.4e+07   0.0129435         1.4  248  189  436
---------- Current Progress: 100 % - Assembling matrices
Memory: 863/880 916/936
---------- Current Progress: 100 % - Matrix factorization
Memory: 840/880 921/936
---------- Current Progress: 100 % - Assembling matrices
Memory: 864/880 916/936
 190         1.2     2.4e+07   0.0037070         1.2  250  190  439
---------- Current Progress: 100 % - 
---------- Current Progress: 100 % - Matrix factorization
Memory: 868/880 923/936
---------- Current Progress: 100 % - Solving linear system
Memory: 863/880 915/936
 191          23     2.4e+07   0.0004726          23  251  191  441
---------- Current Progress: 100 % - Assembling matrices
Memory: 862/880 915/936
---------- Current Progress: 100 % - Matrix factorization
Memory: 837/880 922/936
---------- Current Progress: 100 % - Assembling matrices
Memory: 863/880 915/936
 192         1.3     2.4e+07   0.0047261         1.3  252  192  443
---------- Current Progress: 100 % - Matrix factorization
Memory: 864/880 921/936
---------- Current Progress: 100 % - Solving linear system
Memory: 863/880 915/936
 193         1.4     2.3e+07   0.0079703         1.4  253  193  445
---------- Current Progress: 100 % - Assembling matrices
Memory: 864/880 917/936
---------- Current Progress: 100 % - Matrix factorization
Memory: 832/880 924/936
---------- Current Progress: 100 % - Solving linear system
Memory: 862/880 914/936
 194         1.8     2.4e+07   0.0140289         1.9  254  194  447
---------- Current Progress: 100 % - Assembling matrices
Memory: 864/880 917/936
---------- Current Progress: 100 % - Matrix factorization
Memory: 850/880 922/936
---------- Current Progress: 100 % - Assembling matrices
Memory: 864/880 916/936
 195         1.1     2.4e+07   0.0267445         1.1  255  195  449
---------- Current Progress: 100 % - Matrix factorization
Memory: 830/880 924/936
---------- Current Progress: 100 % - Solving linear system
Memory: 863/880 915/936
 196        0.95     2.8e+07   0.0497613           1  256  196  451
---------- Current Progress: 100 % - Assembling matrices
Memory: 864/880 917/936
---------- Current Progress: 100 % - Matrix factorization
Memory: 791/880 835/936
---------- Current Progress: 100 % - Assembling matrices
Memory: 856/880 910/936
 197        0.77     6.6e+07   0.1361518         0.9  257  197  453
---------- Current Progress: 100 % - Matrix factorization
Memory: 817/880 864/936
---------- Current Progress: 100 % - Assembling matrices
Memory: 857/880 910/936
 198         1.9     6.5e+07   0.0107962           2  259  198  456
---------- Current Progress: 100 % - Matrix factorization
Memory: 814/880 852/936
---------- Current Progress: 100 % - Solving linear system
Memory: 857/880 910/936
 199        0.97     6.5e+07   0.0206067           1  260  199  458
---------- Current Progress: 100 % - Assembling matrices
Memory: 856/880 909/936
---------- Current Progress: 100 % - Matrix factorization
Memory: 839/880 915/936
---------- Current Progress: 100 % - Assembling matrices
Memory: 858/880 911/936
 200        0.98     6.5e+07   0.0080342        0.99  262  200  461
---------- Current Progress: 100 % - Solving linear system
Memory: 684/880 714/936
Solution time: 314 s. (5 minutes, 14 seconds)
Physical memory: 880 MB
Virtual memory: 933 MB
Ended at Sep 30, 2026, 2:35:27 AM.
----- Stationary Solver 2 in Study 1/Solution 1 (sol1) ------------------------>
VD=0.20 VG=  80.00 YECHIM XATO: The_following_feature_has_encountered_a_problem
<---- Compile Equations: Semiconductor Equilibrium in Study 1/Solution 1 (sol1) -
Started at Sep 30, 2026, 2:35:27 AM.
Geometry shape function: Linear Lagrange
Geometry shape function: Quadratic Lagrange
Running on 11th Gen Intel(R) Core(TM) i7-1165G7 at 2.80 GHz.
Using 1 socket with 4 cores in total on WIN-FNSSP1NOF49.
Available memory: 7.97 GB.
           Current Progress:   3 % - Compile Equations: Semiconductor Equilibrium
Memory: 766/880 797/936
           Current Progress:   3 % - Creating visualization mesh
Time: 1 s.
Physical memory: 766 MB
Virtual memory: 797 MB
Ended at Sep 30, 2026, 2:35:28 AM.
----- Compile Equations: Semiconductor Equilibrium in Study 1/Solution 1 (sol1) >
<---- Dependent Variables 1 in Study 1/Solution 1 (sol1) -----------------------
Started at Sep 30, 2026, 2:35:28 AM.
           Current Progress:   3 % - Dependent Variables 1
Memory: 775/880 806/936
Solution time: 0 s.
Physical memory: 775 MB
Virtual memory: 806 MB
Ended at Sep 30, 2026, 2:35:28 AM.
----- Dependent Variables 1 in Study 1/Solution 1 (sol1) ---------------------->
<---- Stationary Solver 1 in Study 1/Solution 1 (sol1) -------------------------
Started at Sep 30, 2026, 2:35:28 AM.
Nonlinear solver
Number of degrees of freedom solved for: 125013.
           Current Progress:   5 % - Assembling sparsity pattern
Memory: 782/880 813/936
           Current Progress:   5 % - Assembling matrices
Memory: 789/880 820/936
Nonsymmetric matrix found.
Scales for dependent variables:
Electron solution variable (comp1.Ne): 2.7e+14
Hole solution variable (comp1.Ph): 2.7e+14
Trap occupancy (comp1.semi.tasr1.ctb1.ft): 3.4e+14
Electric potential (comp1.V): 2e+12
Orthonormal null-space function used.
           Current Progress:   5 % - Matrix factorization
Memory: 811/880 852/936
Iter      SolEst      ResEst     Damping    Stepsize #Res #Jac #Sol
           Current Progress:   5 % - Solving linear system
Memory: 847/880 894/936
           Current Progress:   9 % - Solving linear system
Memory: 792/880 838/936
   1     1.4e+02     6.3e+15   0.0014598     1.5e+02    4    1    4
           Current Progress:   9 % - Assembling matrices
Memory: 799/880 845/936
           Current Progress:   9 % - Matrix factorization
Memory: 789/880 848/936
           Current Progress:   9 % - Assembling matrices
Memory: 800/880 846/936
   2          74     1.8e+04   0.0038491          75    5    2    6
-          Current Progress:  14 % - Assembling sparsity pattern
Memory: 800/880 845/936
-          Current Progress:  14 % - Matrix factorization
Memory: 780/880 817/936
-          Current Progress:  14 % - Solving linear system
Memory: 808/880 854/936
   3          83     2.1e+04   0.0012242          83    6    3    8
-          Current Progress:  14 % - Assembling matrices
Memory: 807/880 853/936
-          Current Progress:  14 % - Matrix factorization
Memory: 806/880 859/936
-          Current Progress:  14 % - Solving linear system
Memory: 809/880 855/936
   4          63     3.9e+04   0.0021946          63    7    4   10
--         Current Progress:  25 % - Assembling matrices
Memory: 808/880 854/936
--         Current Progress:  25 % - Matrix factorization
Memory: 744/880 809/936
--         Current Progress:  25 % - Solving linear system
Memory: 757/880 804/936
   5          62     5.2e+04   0.0014256          62    8    5   12
--         Current Progress:  25 % - Assembling matrices
Memory: 755/880 802/936
--         Current Progress:  25 % - Matrix factorization
Memory: 739/880 808/936
--         Current Progress:  25 % - Solving linear system
Memory: 757/880 805/936
   6          56     8.7e+04   0.0018587          56    9    6   14
--         Current Progress:  27 % - Assembling matrices
--         Current Progress:  27 % - Matrix factorization
Memory: 744/880 815/936
--         Current Progress:  27 % - Solving linear system
Memory: 758/880 808/936
   7          57     1.3e+05   0.0014603          57   10    7   16
--         Current Progress:  27 % - Matrix factorization
Memory: 738/880 814/936
--         Current Progress:  27 % - Solving linear system
Memory: 757/880 807/936
   8          55       2e+05   0.0016080          55   11    8   18
--         Current Progress:  28 % - Constraint handling
Memory: 755/880 805/936
--         Current Progress:  28 % - Matrix factorization
Memory: 757/880 814/936
--         Current Progress:  28 % - Assembling matrices
Memory: 757/880 807/936
   9          56       3e+05   0.0013329          56   12    9   20
--         Current Progress:  28 % - Matrix factorization
Memory: 750/880 814/936
--         Current Progress:  28 % - Assembling matrices
Memory: 757/880 806/936
  10          55     4.5e+05   0.0012859          55   13   10   22
--         Current Progress:  28 % - Matrix factorization
Memory: 749/880 816/936
--         Current Progress:  28 % - Solving linear system
Memory: 760/880 810/936
  11          56     6.6e+05   0.0010943          56   14   11   24
--         Current Progress:  28 % - Assembling matrices
Memory: 759/880 809/936
--         Current Progress:  28 % - Matrix factorization
Memory: 745/880 813/936
--         Current Progress:  28 % - Solving linear system
Memory: 758/880 808/936
  12          56     9.8e+05   0.0009956          56   15   12   26
--         Current Progress:  28 % - Assembling matrices
Memory: 759/880 809/936
--         Current Progress:  28 % - Matrix factorization
Memory: 742/880 814/936
--         Current Progress:  28 % - Solving linear system
Memory: 758/880 808/936
  13          57     1.4e+06   0.0008467          57   16   13   28
--         Current Progress:  28 % - Matrix factorization
Memory: 740/880 814/936
--         Current Progress:  28 % - Solving linear system
Memory: 758/880 808/936
  14          58       2e+06   0.0007242          58   17   14   30
--         Current Progress:  28 % - Matrix factorization
Memory: 734/880 775/936
--         Current Progress:  28 % - Solving linear system
Memory: 760/880 810/936
  15          59     2.9e+06   0.0005992          59   18   15   32
--         Current Progress:  28 % - Matrix factorization
Memory: 737/880 814/936
--         Current Progress:  28 % - Solving linear system
Memory: 760/880 810/936
  16          61     4.2e+06   0.0005007          61   19   16   34
--         Current Progress:  28 % - Constraint handling
Memory: 758/880 809/936
--         Current Progress:  28 % - Matrix factorization
Memory: 761/880 814/936
--         Current Progress:  28 % - Solving linear system
Memory: 760/880 810/936
  17          62       6e+06   0.0004209          62   20   17   36
--         Current Progress:  28 % - Assembling matrices
Memory: 757/880 807/936
--         Current Progress:  28 % - Matrix factorization
Memory: 757/880 814/936
--         Current Progress:  28 % - Assembling matrices
Memory: 758/880 808/936
  18          64     8.8e+06   0.0003622          64   21   18   38
--         Current Progress:  28 % - Matrix factorization
Memory: 758/880 816/936
--         Current Progress:  28 % - Solving linear system
Memory: 759/880 810/936
  19          67     1.3e+07   0.0003186          67   22   19   40
--         Current Progress:  28 % - Assembling matrices
Memory: 758/880 807/936
--         Current Progress:  28 % - Matrix factorization
Memory: 754/880 814/936
--         Current Progress:  28 % - Assembling matrices
Memory: 758/880 808/936
  20          70     2.1e+07   0.0002888          70   23   20   42
--         Current Progress:  28 % - Matrix factorization
Memory: 749/880 815/936
--         Current Progress:  28 % - Solving linear system
Memory: 758/880 809/936
  21          72     3.4e+07   0.0002711          72   24   21   44
--         Current Progress:  28 % - Matrix factorization
Memory: 742/880 816/936
--         Current Progress:  28 % - Solving linear system
Memory: 759/880 810/936
  22          75       6e+07   0.0002629          75   25   22   46
--         Current Progress:  28 % - Matrix factorization
Memory: 737/880 813/936
--         Current Progress:  28 % - Solving linear system
Memory: 756/880 808/936
  23          76     1.1e+08   0.0002566          76   26   23   48
--         Current Progress:  28 % - Matrix factorization
Memory: 740/880 817/936
--         Current Progress:  28 % - Solving linear system
Memory: 760/880 811/936
  24          76     1.9e+08   0.0002477          76   27   24   50
--         Current Progress:  28 % - Matrix factorization
Memory: 731/880 767/936
--         Current Progress:  28 % - Solving linear system
Memory: 759/880 810/936
  25          75     3.5e+08   0.0002424          75   28   25   52
---        Current Progress:  37 % - Constraint handling
Memory: 763/880 814/936
---        Current Progress:  37 % - Matrix factorization
Memory: 762/880 816/936
---        Current Progress:  37 % - Solving linear system
Memory: 760/880 811/936
  26          74     6.3e+08   0.0002443          74   29   26   54
---        Current Progress:  38 % - Matrix factorization
Memory: 757/880 807/936
---        Current Progress:  38 % - Assembling matrices
Memory: 758/880 809/936
  27          73     1.1e+09   0.0002462          73   30   27   56
---        Current Progress:  39 % - Assembling matrices
Memory: 759/880 809/936
---        Current Progress:  39 % - Matrix factorization
Memory: 753/880 816/936
---        Current Progress:  39 % - Assembling matrices
Memory: 757/880 808/936
  28          71       2e+09   0.0002474          71   31   28   58
----       Current Progress:  40 % - Assembling matrices
Memory: 759/880 809/936
----       Current Progress:  40 % - Matrix factorization
Memory: 747/880 816/936
----       Current Progress:  40 % - Solving linear system
Memory: 760/880 810/936
  29          69     3.6e+09   0.0002587          69   32   29   60
----       Current Progress:  40 % - Matrix factorization
Memory: 744/880 815/936
----       Current Progress:  40 % - Solving linear system
Memory: 760/880 810/936
  30          66     6.7e+09   0.0002851          66   33   30   62
----       Current Progress:  41 % - Solving linear system
Memory: 759/880 809/936
----       Current Progress:  41 % - Matrix factorization
Memory: 744/880 818/936
----       Current Progress:  41 % - Solving linear system
Memory: 761/880 811/936
  31          63     1.3e+10   0.0003318          63   34   31   64
----       Current Progress:  41 % - Matrix factorization
Memory: 744/880 818/936
----       Current Progress:  41 % - Solving linear system
Memory: 759/880 809/936
  32          59     2.7e+10   0.0004329          59   35   32   66
----       Current Progress:  42 % - Matrix factorization
Memory: 757/880 807/936
----       Current Progress:  42 % - Solving linear system
Memory: 761/880 811/936
  33          54     6.7e+10   0.0006801          54   36   33   68
----       Current Progress:  43 % - Matrix factorization
Memory: 759/880 809/936
----       Current Progress:  43 % - Solving linear system
Memory: 761/880 811/936
  34          49     2.2e+11   0.0013707          49   37   34   70
----       Current Progress:  43 % - Assembling matrices
Memory: 758/880 808/936
----       Current Progress:  43 % - Matrix factorization
Memory: 763/880 816/936
----       Current Progress:  43 % - Solving linear system
Memory: 761/880 811/936
  35          42     1.1e+12   0.0040275          42   38   35   72
----       Current Progress:  44 % - Assembling matrices
Memory: 760/880 810/936
----       Current Progress:  44 % - Matrix factorization
Memory: 758/880 816/936
----       Current Progress:  44 % - Solving linear system
Memory: 757/880 813/936
  36          19     7.2e+12   0.0151673          19   39   36   74
----       Current Progress:  46 % - Assembling matrices
Memory: 759/880 809/936
----       Current Progress:  46 % - Matrix factorization
Memory: 755/880 817/936
----       Current Progress:  46 % - Assembling matrices
Memory: 759/880 809/936
  37         7.6     1.1e+13   0.0312774         7.8   40   37   76
----       Current Progress:  47 % - Assembling matrices
Memory: 758/880 808/936
----       Current Progress:  47 % - Matrix factorization
Memory: 749/880 814/936
----       Current Progress:  47 % - Assembling matrices
Memory: 758/880 808/936
  38         3.2     2.3e+13   0.0615056         3.4   41   38   78
----       Current Progress:  47 % - Matrix factorization
Memory: 752/880 817/936
----       Current Progress:  47 % - Assembling matrices
Memory: 758/880 808/936
  39         1.7     2.8e+13   0.0667518         1.8   42   39   80
----       Current Progress:  47 % - Matrix factorization
Memory: 748/880 817/936
----       Current Progress:  47 % - Solving linear system
Memory: 760/880 810/936
  40         1.1     3.8e+13   0.1080606         1.3   43   40   82
----       Current Progress:  47 % - Assembling matrices
Memory: 758/880 808/936
----       Current Progress:  47 % - Matrix factorization
Memory: 742/880 814/936
----       Current Progress:  47 % - Solving linear system
Memory: 759/880 809/936
  41        0.97       4e+13   0.1064606         1.1   44   41   84
----       Current Progress:  47 % - Assembling matrices
Memory: 760/880 810/936
----       Current Progress:  47 % - Matrix factorization
Memory: 748/880 818/936
----       Current Progress:  47 % - Solving linear system
Memory: 761/880 811/936
  42         2.1       4e+13   0.0216299         2.1   45   42   86
----       Current Progress:  47 % - Assembling matrices
Memory: 758/880 808/936
----       Current Progress:  47 % - Matrix factorization
Memory: 747/880 816/936
----       Current Progress:  47 % - Solving linear system
Memory: 759/880 809/936
  43         2.9     3.9e+13   0.0155789           3   46   43   88
----       Current Progress:  47 % - Matrix factorization
Memory: 745/880 817/936
----       Current Progress:  47 % - Solving linear system
Memory: 760/880 810/936
  44         1.9     3.8e+13   0.0257154           2   47   44   90
----       Current Progress:  47 % - Matrix factorization
Memory: 739/880 816/936
----       Current Progress:  47 % - Solving linear system
Memory: 759/880 809/936
  45         1.6     3.8e+13   0.0313650         1.6   48   45   92
----       Current Progress:  47 % - Matrix factorization
Memory: 732/880 768/936
----       Current Progress:  47 % - Solving linear system
Memory: 760/880 810/936
  46         1.1     3.8e+13   0.0668430         1.2   49   46   94
----       Current Progress:  47 % - 
Memory: 758/880 808/936
----       Current Progress:  47 % - Matrix factorization
Memory: 761/880 817/936
----       Current Progress:  47 % - Solving linear system
Memory: 761/880 811/936
  47        0.55     6.9e+13   0.1984422        0.68   50   47   96
----       Current Progress:  47 % - Assembling matrices
Memory: 758/880 808/936
----       Current Progress:  47 % - Matrix factorization
Memory: 757/880 816/936
----       Current Progress:  47 % - Assembling matrices
Memory: 759/880 809/936
  48        0.14     2.2e+14   1.0000000        0.43   51   48   98
----       Current Progress:  48 % - Assembling matrices
Memory: 760/880 810/936
----       Current Progress:  48 % - Matrix factorization
Memory: 755/880 818/936
----       Current Progress:  48 % - Assembling matrices
Memory: 759/880 809/936
  49      0.0044     3.1e+13   1.0000000        0.19   52   49  100
----       Current Progress:  49 % - Assembling matrices
----       Current Progress:  49 % - Matrix factorization
Memory: 751/880 817/936
----       Current Progress:  49 % - Assembling matrices
Memory: 758/880 808/936
  50     0.00069     1.2e+12   1.0000000      0.0044   53   50  102
----       Current Progress:  49 % - Matrix factorization
Memory: 749/880 814/936
----       Current Progress:  49 % - Assembling matrices
Memory: 759/880 809/936
  51     3.1e-05     2.3e+09   1.0000000     0.00068   54   51  104
-----      Current Progress:  50 % - Assembling sparsity pattern
Memory: 760/880 810/936
-----      Current Progress:  50 % - Matrix factorization
Memory: 748/880 825/936
-----      Current Progress:  50 % - Solving linear system
Memory: 768/880 818/936
  52     5.9e-08         3.2   1.0000000       3e-05   56   52  106
-----      Current Progress:  50 % - Constraint handling
Memory: 671/880 701/936
Solution time: 44 s.
Physical memory: 852 MB
Virtual memory: 897 MB
Ended at Sep 30, 2026, 2:36:12 AM.
----- Stationary Solver 1 in Study 1/Solution 1 (sol1) ------------------------>
<---- Compile Equations: Stationary in Study 1/Solution 1 (sol1) ---------------
Started at Sep 30, 2026, 2:36:12 AM.
Geometry shape function: Linear Lagrange
Geometry shape function: Quadratic Lagrange
-----      Current Progress:  52 % - Compile Equations: Stationary
Memory: 757/880 788/936
-----      Current Progress:  52 % - Creating visualization mesh
Memory: 762/880 793/936
Time: 1 s.
Physical memory: 765 MB
Virtual memory: 796 MB
Ended at Sep 30, 2026, 2:36:13 AM.
----- Compile Equations: Stationary in Study 1/Solution 1 (sol1) -------------->
<---- Dependent Variables 2 in Study 1/Solution 1 (sol1) -----------------------
Started at Sep 30, 2026, 2:36:13 AM.
Initial values of variables solved for: Solution 1 (sol1), Solution Store 1 (sol2).
Values of variables not solved for: Solution 1 (sol1).
-----      Current Progress:  52 % - Dependent Variables 2
Memory: 767/880 797/936
Solution time: 0 s.
Physical memory: 768 MB
Virtual memory: 799 MB
Ended at Sep 30, 2026, 2:36:13 AM.
----- Dependent Variables 2 in Study 1/Solution 1 (sol1) ---------------------->
<---- Stationary Solver 2 in Study 1/Solution 1 (sol1) -------------------------
Started at Sep 30, 2026, 2:36:13 AM.
Nonlinear solver
Number of degrees of freedom solved for: 129213.
-----      Current Progress:  55 % - Assembling matrices
Memory: 772/880 803/936
-----      Current Progress:  55 % - Assembling sparsity pattern
Memory: 774/880 805/936
-----      Current Progress:  55 % - Assembling matrices
Memory: 802/880 833/936
-----      Current Progress:  55 % - 
Memory: 801/880 832/936
Nonsymmetric matrix found.
Scales for dependent variables:
Electron solution variable (comp1.Ne): 3.3e+25
Hole solution variable (comp1.Ph): 2.6e+27
Boundary electron concentration (comp1.semi.n_bnd): 4e+23
Boundary hole concentration (comp1.semi.p_bnd): 6e+30
Trap occupancy (comp1.semi.tasr1.ctb1.ft): 1.1e+22
Electric potential (comp1.V): 8.3e+17
Orthonormal null-space function used.
-----      Current Progress:  55 % - Matrix factorization
Memory: 853/880 894/936
Iter      SolEst      ResEst     Damping    Stepsize #Res #Jac #Sol
-----      Current Progress:  55 % - Solving linear system
Memory: 884/887 930/936
-----      Current Progress:  59 % - Solving linear system
Memory: 888/888 934/937
-----      Current Progress:  59 % - Assembling matrices
Memory: 887/888 933/937
   1     7.5e+32     1.1e+07   0.0010000     2.5e+27    6    1    6
-----      Current Progress:  59 % - Assembling sparsity pattern
Memory: 872/888 918/937
-----      Current Progress:  59 % - Assembling matrices
Memory: 890/894 935/941
-----      Current Progress:  59 % - Matrix factorization
Memory: 865/901 904/946
