*******************************************
***COMSOL 6.0.0.318 progress output file***
*******************************************
Sat Oct 03 11:40:16 UZT 2026
COMSOL Multiphysics 6.0 (Build: 318) starting in batch mode
Running: C:\comsol_tranzistor\ish\model\MoS2Fet.class
params.txt o'qildi: C:\comsol_tranzistor\ish\model\params.txt
---------- Current Progress: 100 % - Updating selections
Memory: 384/384 406/406
           Current Progress:   0 % - Rectangle
Memory: 413/413 448/448
           Current Progress:   1 % - Rectangle 2
Memory: 414/414 448/448
           Current Progress:   3 % - Rectangle 2a
Memory: 415/415 449/449
           Current Progress:   4 % - Polygon
           Current Progress:   5 % - Polygon 2
Memory: 418/418 450/450
           Current Progress:   6 % - Mirror
Memory: 419/419 451/451
-          Current Progress:  19 % - Mirror 2
---        Current Progress:  31 % - Rectangle 3
Memory: 419/419 452/452
---        Current Progress:  33 % - Ellipse 1
Memory: 420/420 452/452
---        Current Progress:  34 % - Ellipse 2
Memory: 421/421 452/452
---        Current Progress:  35 % - Union
----       Current Progress:  43 % - Resolving domains
Memory: 422/422 453/453
----       Current Progress:  48 % - Rectangle 4
Memory: 424/424 455/455
----       Current Progress:  49 % - Intersection
-----      Current Progress:  57 % - Resolving domains
Memory: 426/426 456/456
------     Current Progress:  61 % - Difference 4
Memory: 425/426 455/456
-------    Current Progress:  73 % - Resolving domains
Memory: 425/426 456/457
-------    Current Progress:  74 % - Rectangle 5
-------    Current Progress:  75 % - Difference
--------   Current Progress:  86 % - Resolving domains
Memory: 426/426 457/457
--------   Current Progress:  88 % - Form Union
Memory: 425/426 456/457
---------  Current Progress:  99 % - Resolving domains
Memory: 426/427 456/457
---------- Current Progress: 100 % - Updating selections
Memory: 431/432 460/461
Geometriya quruldi. Domenlar soni: 10 (kutilgan: 10)
CHECKPOINT: sel_insulators OK
CHECKPOINT: sel_semi_domains OK
---------- Current Progress: 100 % - Creating visualization mesh
Memory: 441/441 463/463
CHECKPOINT: chegara selectionlari OK
CHECKPOINT: semi yaratildi
CHECKPOINT: semi.selection() -> faqat MoS2
CHECKPOINT: semi Formulation=FVM
CHECKPOINT: adm1 OK
CHECKPOINT: gc1 OK
CHECKPOINT: sfit (D_it, chiziqli-potensial) OK
CHECKPOINT: sfcd1 OK
CHECKPOINT: mc1/mc2 OK
CHECKPOINT: ion holati OK
CHECKPOINT: mesh size features OK
Number of vertex elements: 37
           Current Progress:   6 % - Adjusting boundary mesh
Memory: 507/554 525/577
Number of boundary elements: 15129
--         Current Progress:  20 % - Inserting interior points
Memory: 526/554 549/577
--         Current Progress:  23 % - Inserting interior points
Memory: 527/554 549/577
---        Current Progress:  35 % - Improving element quality
Memory: 530/554 553/577
------     Current Progress:  67 % - Preparing for advancing front meshing
-------    Current Progress:  70 % - Inserting interior points
Memory: 532/554 554/577
-------    Current Progress:  72 % - Inserting interior points
-------    Current Progress:  77 % - Inserting interior points
Memory: 533/554 554/577
---------  Current Progress:  95 % - Inserting interior points
Memory: 550/554 571/577
---------  Current Progress:  95 % - Improving element quality
Memory: 502/554 521/577
Number of elements: 152778
---------  Current Progress:  99 % - Finalizing mesh
Memory: 530/554 555/577
Minimum element quality: 0.2344
---------- Current Progress: 100 % - Finalizing mesh
Memory: 491/554 512/577
MESH_DOMAINS_TOTAL=10
Model qurildi (mode=transfer).
CHECKPOINT: natijalar papka OK
CHECKPOINT: view1 (full) sozlandi
-----      Current Progress:  50 % - Generating image
Memory: 561/575 571/577
---------- Current Progress: 100 % - Creating visualization mesh
Memory: 589/589 599/599
Eksport: natijalar\geom_full.png
CHECKPOINT: view1 (src edge) sozlandi
-----      Current Progress:  50 % - Generating image
Memory: 750/765 654/665
Eksport: natijalar\geom_source_edge.png
<---- Compile Equations: Semiconductor Equilibrium in Study 1/Solution 1 (sol1) -
Started at Oct 3, 2026, 11:40:44 AM.
Geometry shape function: Linear Lagrange
Running on 11th Gen Intel(R) Core(TM) i7-1165G7 at 2.80 GHz.
Using 1 socket with 4 cores in total on WIN-FNSSP1NOF49.
Available memory: 7.97 GB.
           Current Progress:   2 % - Compile Equations: Semiconductor Equilibrium
Memory: 789/810 781/804
           Current Progress:   3 % - Compile Equations: Semiconductor Equilibrium
Memory: 694/810 684/804
           Current Progress:   3 % - Creating visualization mesh
Memory: 697/810 689/804
Time: 2 s.
Physical memory: 789 MB
Virtual memory: 781 MB
Ended at Oct 3, 2026, 11:40:46 AM.
----- Compile Equations: Semiconductor Equilibrium in Study 1/Solution 1 (sol1) >
<---- Dependent Variables 1 in Study 1/Solution 1 (sol1) -----------------------
Started at Oct 3, 2026, 11:40:46 AM.
           Current Progress:   3 % - Dependent Variables 1
Memory: 704/810 695/804
Solution time: 0 s.
Physical memory: 704 MB
Virtual memory: 695 MB
Ended at Oct 3, 2026, 11:40:46 AM.
----- Dependent Variables 1 in Study 1/Solution 1 (sol1) ---------------------->
<---- Stationary Solver 1 in Study 1/Solution 1 (sol1) -------------------------
Started at Oct 3, 2026, 11:40:46 AM.
Nonlinear solver
Number of degrees of freedom solved for: 138873.
           Current Progress:   5 % - Assembling sparsity pattern
Memory: 728/810 715/804
Nonsymmetric matrix found.
Scales for dependent variables:
Electron solution variable (comp1.Ne): 2.5e+24
Hole solution variable (comp1.Ph): 2.4e+28
Electric potential (comp1.V): 8.1e+22
Orthonormal null-space function used.
           Current Progress:   5 % - Matrix factorization
Memory: 762/810 765/804
Iter      SolEst      ResEst     Damping    Stepsize #Res #Jac #Sol
           Current Progress:   5 % - Assembling matrices
Memory: 755/810 763/804
   1         1.9     2.6e+15   0.1000000         2.2    2    1    2
           Current Progress:   9 % - Assembling sparsity pattern
Memory: 752/810 761/804
           Current Progress:   9 % - Matrix factorization
Memory: 766/810 776/804
           Current Progress:   9 % - Assembling matrices
Memory: 772/810 782/804
   2         6.4     1.3e+05   0.3137584          10    3    2    4
-          Current Progress:  14 % - Assembling sparsity pattern
Memory: 764/810 773/804
-          Current Progress:  14 % - Matrix factorization
Memory: 746/810 787/804
-          Current Progress:  14 % - Solving linear system
Memory: 777/810 786/804
   3         2.6     1.4e+05   0.1000000         2.9    5    3    7
--         Current Progress:  27 % - Matrix factorization
Memory: 747/810 787/804
--         Current Progress:  27 % - Solving linear system
Memory: 778/810 786/804
   4           1     1.4e+06   0.4488471         2.2    6    4    9
---        Current Progress:  30 % - Matrix factorization
Memory: 739/810 744/804
---        Current Progress:  30 % - Solving linear system
Memory: 778/810 787/804
   5         0.5     1.6e+06   0.2397520        0.65    8    5   12
---        Current Progress:  32 % - Matrix factorization
Memory: 747/810 789/804
---        Current Progress:  32 % - Solving linear system
Memory: 772/810 786/804
   6        0.26     3.1e+06   0.4612828        0.43    9    6   14
---        Current Progress:  34 % - Matrix factorization
Memory: 742/810 746/804
---        Current Progress:  34 % - Solving linear system
Memory: 779/810 788/804
   7        0.21     4.4e+06   0.7052355        0.65   10    7   16
---        Current Progress:  34 % - Assembling matrices
Memory: 775/810 785/804
---        Current Progress:  34 % - Matrix factorization
Memory: 770/810 789/804
---        Current Progress:  34 % - Assembling matrices
Memory: 778/810 787/804
   8      0.0082     1.1e+06   1.0000000        0.26   11    8   18
----       Current Progress:  44 % - Assembling matrices
Memory: 775/810 785/804
----       Current Progress:  44 % - Matrix factorization
Memory: 764/810 789/804
----       Current Progress:  44 % - Assembling matrices
Memory: 778/810 787/804
   9     1.5e-06         8.4   1.0000000       0.008   12    9   20
-----      Current Progress:  50 % - Assembling matrices
Memory: 775/810 785/804
-----      Current Progress:  50 % - Matrix factorization
Memory: 758/810 789/804
-----      Current Progress:  50 % - Solving linear system
Memory: 778/810 787/804
  10     6.1e-13       3e-07   1.0000000     1.2e-06   14   10   22
-----      Current Progress:  50 % - Constraint handling
Memory: 666/810 655/804
Solution time: 10 s.
Physical memory: 779 MB
Virtual memory: 789 MB
Ended at Oct 3, 2026, 11:40:56 AM.
----- Stationary Solver 1 in Study 1/Solution 1 (sol1) ------------------------>
<---- Compile Equations: Stationary in Study 1/Solution 1 (sol1) ---------------
Started at Oct 3, 2026, 11:40:56 AM.
Geometry shape function: Linear Lagrange
-----      Current Progress:  52 % - Compile Equations: Stationary
Memory: 760/810 755/804
-----      Current Progress:  52 % - Creating visualization mesh
Memory: 749/810 739/804
Time: 2 s.
Physical memory: 763 MB
Virtual memory: 758 MB
Ended at Oct 3, 2026, 11:40:58 AM.
----- Compile Equations: Stationary in Study 1/Solution 1 (sol1) -------------->
<---- Dependent Variables 2 in Study 1/Solution 1 (sol1) -----------------------
Started at Oct 3, 2026, 11:40:58 AM.
Initial values of variables solved for: Solution 1 (sol1), Solution Store 1 (sol2).
Values of variables not solved for: Solution 1 (sol1).
-----      Current Progress:  52 % - Dependent Variables 2
Memory: 765/810 756/804
Solution time: 0 s.
Physical memory: 765 MB
Virtual memory: 756 MB
Ended at Oct 3, 2026, 11:40:58 AM.
----- Dependent Variables 2 in Study 1/Solution 1 (sol1) ---------------------->
<---- Stationary Solver 2 in Study 1/Solution 1 (sol1) -------------------------
Started at Oct 3, 2026, 11:40:58 AM.
Nonlinear solver
Number of degrees of freedom solved for: 138873.
-----      Current Progress:  55 % - Assembling matrices
Memory: 784/810 774/804
-----      Current Progress:  55 % - Assembling sparsity pattern
Memory: 789/810 780/804
-----      Current Progress:  55 % - Assembling matrices
Memory: 842/862 837/858
Nonsymmetric matrix found.
Scales for dependent variables:
Electron solution variable (comp1.Ne): 2.5e+24
Hole solution variable (comp1.Ph): 1.9e+28
Electric potential (comp1.V): 2.4e+18
Orthonormal null-space function used.
-----      Current Progress:  55 % - Matrix factorization
Memory: 865/865 881/881
Iter      SolEst      ResEst     Damping    Stepsize #Res #Jac #Sol
-----      Current Progress:  55 % - Assembling matrices
Memory: 949/949 1005/1005
   1     4.5e-15     3.1e+03   0.1000000     5.1e-15    2    1    2
-----      Current Progress:  59 % - Assembling sparsity pattern
Memory: 929/949 984/1005
-----      Current Progress:  59 % - Assembling matrices
Memory: 964/982 1018/1037
-----      Current Progress:  59 % - Matrix factorization
Memory: 830/982 961/1037
-----      Current Progress:  59 % - Assembling matrices
Memory: 904/982 965/1037
   2       2e-15       3e+03   1.0000000     2.4e-15    4    2    4
---------- Current Progress: 100 % - Constraint handling
Memory: 898/982 959/1037
Solution time: 5 s.
Physical memory: 964 MB
Virtual memory: 1018 MB
Ended at Oct 3, 2026, 11:41:03 AM.
----- Stationary Solver 2 in Study 1/Solution 1 (sol1) ------------------------>
V_it0 o'lchandi: -4.03800 V
<---- Compile Equations: Semiconductor Equilibrium in Study 1/Solution 1 (sol1) -
Started at Oct 3, 2026, 11:41:06 AM.
Geometry shape function: Linear Lagrange
Running on 11th Gen Intel(R) Core(TM) i7-1165G7 at 2.80 GHz.
Using 1 socket with 4 cores in total on WIN-FNSSP1NOF49.
Available memory: 7.97 GB.
           Current Progress:   2 % - Compile Equations: Semiconductor Equilibrium
Memory: 835/982 867/1037
           Current Progress:   3 % - Compile Equations: Semiconductor Equilibrium
Memory: 830/982 861/1037
           Current Progress:   3 % - Creating visualization mesh
Memory: 804/982 840/1037
Time: 1 s.
Physical memory: 830 MB
Virtual memory: 862 MB
Ended at Oct 3, 2026, 11:41:07 AM.
----- Compile Equations: Semiconductor Equilibrium in Study 1/Solution 1 (sol1) >
<---- Dependent Variables 1 in Study 1/Solution 1 (sol1) -----------------------
Started at Oct 3, 2026, 11:41:07 AM.
           Current Progress:   3 % - Dependent Variables 1
Memory: 822/982 857/1037
Solution time: 0 s.
Physical memory: 822 MB
Virtual memory: 857 MB
Ended at Oct 3, 2026, 11:41:07 AM.
----- Dependent Variables 1 in Study 1/Solution 1 (sol1) ---------------------->
<---- Stationary Solver 1 in Study 1/Solution 1 (sol1) -------------------------
Started at Oct 3, 2026, 11:41:07 AM.
Nonlinear solver
Number of degrees of freedom solved for: 138873.
           Current Progress:   5 % - Assembling sparsity pattern
Memory: 844/982 877/1037
Nonsymmetric matrix found.
Scales for dependent variables:
Electron solution variable (comp1.Ne): 2.5e+24
Hole solution variable (comp1.Ph): 2.4e+28
Electric potential (comp1.V): 8.1e+22
Orthonormal null-space function used.
           Current Progress:   5 % - Matrix factorization
Memory: 865/982 917/1037
Iter      SolEst      ResEst     Damping    Stepsize #Res #Jac #Sol
           Current Progress:   5 % - Assembling matrices
Memory: 929/982 979/1037
   1         6.1     2.2e+16   0.1000000         7.2    2    1    2
           Current Progress:   9 % - Assembling sparsity pattern
Memory: 919/982 972/1037
           Current Progress:   9 % - Matrix factorization
Memory: 896/982 942/1037
           Current Progress:   9 % - Assembling matrices
Memory: 897/982 945/1037
           Current Progress:   9 % - Solving linear system
Memory: 899/982 946/1037
   2         9.5     6.8e+03   0.1088408          11    4    2    5
-          Current Progress:  14 % - Assembling sparsity pattern
Memory: 898/982 945/1037
-          Current Progress:  14 % - Matrix factorization
Memory: 875/982 947/1037
-          Current Progress:  14 % - Solving linear system
Memory: 898/982 945/1037
   3        0.66     8.3e+04   0.5439083         1.4    5    3    7
---        Current Progress:  33 % - Matrix factorization
Memory: 871/982 947/1037
---        Current Progress:  33 % - Solving linear system
Memory: 898/982 945/1037
   4        0.41     1.1e+05   0.3219456        0.57    6    4    9
---        Current Progress:  33 % - Matrix factorization
Memory: 800/982 888/1037
---        Current Progress:  33 % - Solving linear system
Memory: 833/982 888/1037
   5        0.25     3.3e+05   0.5644483        0.51    7    5   11
---        Current Progress:  33 % - Matrix factorization
Memory: 795/982 870/1037
---        Current Progress:  33 % - Solving linear system
Memory: 833/982 888/1037
   6       0.041     6.2e+05   1.0000000        0.56    8    6   13
---        Current Progress:  39 % - Assembling matrices
Memory: 842/982 896/1037
---        Current Progress:  39 % - Matrix factorization
Memory: 833/982 901/1037
---        Current Progress:  39 % - Assembling matrices
Memory: 845/982 899/1037
   7     5.3e-05          45   1.0000000       0.037    9    7   15
----       Current Progress:  48 % - Assembling matrices
Memory: 843/982 897/1037
----       Current Progress:  48 % - Matrix factorization
Memory: 826/982 902/1037
----       Current Progress:  48 % - Solving linear system
Memory: 845/982 900/1037
   8       1e-09       8e-08   1.0000000     5.1e-05   11    8   17
-----      Current Progress:  50 % - Constraint handling
Memory: 755/982 793/1037
Solution time: 8 s.
Physical memory: 929 MB
Virtual memory: 979 MB
Ended at Oct 3, 2026, 11:41:16 AM.
----- Stationary Solver 1 in Study 1/Solution 1 (sol1) ------------------------>
<---- Compile Equations: Stationary in Study 1/Solution 1 (sol1) ---------------
Started at Oct 3, 2026, 11:41:16 AM.
Geometry shape function: Linear Lagrange
-----      Current Progress:  52 % - Compile Equations: Stationary
Memory: 845/982 877/1037
-----      Current Progress:  52 % - Creating visualization mesh
Memory: 830/982 863/1037
Time: 2 s.
Physical memory: 845 MB
Virtual memory: 877 MB
Ended at Oct 3, 2026, 11:41:17 AM.
----- Compile Equations: Stationary in Study 1/Solution 1 (sol1) -------------->
<---- Dependent Variables 2 in Study 1/Solution 1 (sol1) -----------------------
Started at Oct 3, 2026, 11:41:17 AM.
Initial values of variables solved for: Solution 1 (sol1), Solution Store 1 (sol2).
Values of variables not solved for: Solution 1 (sol1).
-----      Current Progress:  52 % - Dependent Variables 2
Memory: 829/982 861/1037
Solution time: 0 s.
Physical memory: 831 MB
Virtual memory: 862 MB
Ended at Oct 3, 2026, 11:41:18 AM.
----- Dependent Variables 2 in Study 1/Solution 1 (sol1) ---------------------->
<---- Stationary Solver 2 in Study 1/Solution 1 (sol1) -------------------------
Started at Oct 3, 2026, 11:41:18 AM.
Nonlinear solver
Number of degrees of freedom solved for: 138873.
-----      Current Progress:  55 % - Assembling matrices
Memory: 844/982 875/1037
-----      Current Progress:  55 % - Assembling sparsity pattern
Memory: 860/982 892/1037
-----      Current Progress:  55 % - Assembling matrices
Memory: 900/982 932/1037
Nonsymmetric matrix found.
Scales for dependent variables:
Electron solution variable (comp1.Ne): 4.1e+25
Hole solution variable (comp1.Ph): 4.5e+29
Electric potential (comp1.V): 5e+19
-----      Current Progress:  55 % - Constraint handling
Memory: 902/982 933/1037
Orthonormal null-space function used.
-----      Current Progress:  55 % - Matrix factorization
Memory: 948/982 993/1037
Iter      SolEst      ResEst     Damping    Stepsize #Res #Jac #Sol
-----      Current Progress:  55 % - Assembling matrices
Memory: 1013/1013 1067/1069
   1         3.5     9.8e+04   0.1000000         4.2    2    1    2
-----      Current Progress:  59 % - Assembling sparsity pattern
Memory: 998/1015 1052/1072
-----      Current Progress:  59 % - Assembling matrices
Memory: 1023/1039 1077/1096
-----      Current Progress:  59 % - Matrix factorization
Memory: 986/1039 1080/1096
-----      Current Progress:  59 % - Assembling matrices
Memory: 1021/1039 1075/1096
   2        0.24     8.4e+04   0.1000000        0.29    4    2    5
------     Current Progress:  64 % - Assembling sparsity pattern
Memory: 947/1039 1013/1096
------     Current Progress:  64 % - Assembling matrices
Memory: 934/1039 989/1096
------     Current Progress:  64 % - Matrix factorization
Memory: 869/1039 996/1096
------     Current Progress:  64 % - Solving linear system
Memory: 937/1039 994/1096
   3        0.29     8.9e+04   0.0595649        0.31    5    3    7
------     Current Progress:  64 % - Assembling matrices
Memory: 936/1039 993/1096
------     Current Progress:  64 % - Matrix factorization
Memory: 911/1039 997/1096
------     Current Progress:  64 % - Assembling matrices
Memory: 938/1039 995/1096
   4        0.33     1.4e+05   0.1480933        0.44    6    4    9
------     Current Progress:  64 % - Matrix factorization
Memory: 877/1039 998/1096
------     Current Progress:  64 % - Solving linear system
Memory: 937/1039 994/1096
   5        0.17     1.4e+05   0.0769707        0.18    8    5   12
--------   Current Progress:  82 % - Solving linear system
Memory: 931/1039 988/1096
--------   Current Progress:  82 % - Assembling matrices
Memory: 937/1039 994/1096
--------   Current Progress:  82 % - Matrix factorization
Memory: 921/1039 998/1096
--------   Current Progress:  82 % - Assembling matrices
Memory: 938/1039 996/1096
   6        0.18     1.6e+05   0.1723448        0.25    9    6   14
--------   Current Progress:  82 % - Matrix factorization
Memory: 891/1039 999/1096
--------   Current Progress:  82 % - Solving linear system
Memory: 938/1039 995/1096
--------   Current Progress:  82 % - Assembling matrices
Memory: 939/1039 996/1096
   7        0.13     1.5e+05   0.1000000        0.14   11    7   17
--------   Current Progress:  83 % - Assembling matrices
Memory: 938/1039 995/1096
--------   Current Progress:  83 % - Matrix factorization
Memory: 874/1039 999/1096
--------   Current Progress:  83 % - Solving linear system
Memory: 938/1039 995/1096
   8        0.16     1.8e+05   0.3052011        0.35   12    8   19
--------   Current Progress:  83 % - Assembling matrices
--------   Current Progress:  83 % - Matrix factorization
Memory: 920/1039 999/1096
--------   Current Progress:  83 % - Assembling matrices
Memory: 939/1039 997/1096
   9       0.035     1.5e+05   0.1905129       0.042   14    9   22
---------  Current Progress:  91 % - Assembling matrices
Memory: 938/1039 995/1096
---------  Current Progress:  91 % - Matrix factorization
Memory: 899/1039 999/1096
---------  Current Progress:  91 % - Assembling matrices
Memory: 939/1039 997/1096
  10        0.07     1.4e+05   0.0650433       0.075   15   10   24
---------  Current Progress:  91 % - Matrix factorization
Memory: 873/1039 999/1096
---------  Current Progress:  91 % - Solving linear system
Memory: 939/1039 997/1096
  11       0.064     1.2e+05   0.3550309       0.087   16   11   26
---------  Current Progress:  91 % - Assembling matrices
Memory: 944/1039 1001/1096
---------  Current Progress:  91 % - Matrix factorization
Memory: 913/1039 1005/1096
---------  Current Progress:  91 % - Assembling matrices
Memory: 945/1039 1002/1096
  12        0.07     8.7e+04   0.5023068        0.11   17   12   28
---------  Current Progress:  91 % - Matrix factorization
Memory: 879/1039 1006/1096
---------  Current Progress:  91 % - Solving linear system
Memory: 946/1039 1003/1096
  13       0.038     5.1e+04   1.0000000        0.13   18   13   30
---------  Current Progress:  91 % - Assembling matrices
Memory: 945/1039 1002/1096
---------  Current Progress:  91 % - Matrix factorization
Memory: 919/1039 1006/1096
---------  Current Progress:  91 % - Assembling matrices
Memory: 946/1039 1003/1096
  14       0.001     9.7e+02   1.0000000       0.045   19   14   32
---------  Current Progress:  97 % - Assembling matrices
Memory: 945/1039 1002/1096
---------  Current Progress:  97 % - Matrix factorization
Memory: 909/1039 996/1096
---------  Current Progress:  97 % - Assembling matrices
Memory: 946/1039 1004/1096
  15     3.8e-07     0.00058   1.0000000      0.0012   21   15   34
---------- Current Progress: 100 % - Constraint handling
Memory: 937/1039 994/1096
Solution time: 21 s.
Physical memory: 1.02 GB
Virtual memory: 1.08 GB
Ended at Oct 3, 2026, 11:41:39 AM.
----- Stationary Solver 2 in Study 1/Solution 1 (sol1) ------------------------>
<---- Compile Equations: Semiconductor Equilibrium in Study 1/Solution 1 (sol1) -
Started at Oct 3, 2026, 11:41:41 AM.
Geometry shape function: Linear Lagrange
Running on 11th Gen Intel(R) Core(TM) i7-1165G7 at 2.80 GHz.
Using 1 socket with 4 cores in total on WIN-FNSSP1NOF49.
Available memory: 7.97 GB.
           Current Progress:   2 % - Compile Equations: Semiconductor Equilibrium
Memory: 893/1039 931/1096
           Current Progress:   3 % - Compile Equations: Semiconductor Equilibrium
Memory: 872/1039 904/1096
           Current Progress:   3 % - Creating visualization mesh
Memory: 870/1039 902/1096
Time: 1 s.
Physical memory: 894 MB
Virtual memory: 931 MB
Ended at Oct 3, 2026, 11:41:42 AM.
----- Compile Equations: Semiconductor Equilibrium in Study 1/Solution 1 (sol1) >
<---- Dependent Variables 1 in Study 1/Solution 1 (sol1) -----------------------
Started at Oct 3, 2026, 11:41:42 AM.
           Current Progress:   3 % - Dependent Variables 1
Memory: 874/1039 906/1096
Solution time: 0 s.
Physical memory: 874 MB
Virtual memory: 906 MB
Ended at Oct 3, 2026, 11:41:42 AM.
----- Dependent Variables 1 in Study 1/Solution 1 (sol1) ---------------------->
<---- Stationary Solver 1 in Study 1/Solution 1 (sol1) -------------------------
Started at Oct 3, 2026, 11:41:42 AM.
Nonlinear solver
Number of degrees of freedom solved for: 138873.
           Current Progress:   5 % - Assembling sparsity pattern
Memory: 890/1039 922/1096
Nonsymmetric matrix found.
Scales for dependent variables:
Electron solution variable (comp1.Ne): 2.5e+24
Hole solution variable (comp1.Ph): 2.4e+28
Electric potential (comp1.V): 8e+22
Orthonormal null-space function used.
           Current Progress:   5 % - Matrix factorization
Memory: 927/1039 973/1096
Iter      SolEst      ResEst     Damping    Stepsize #Res #Jac #Sol
           Current Progress:   5 % - Solving linear system
Memory: 963/1039 1012/1096
   1         3.9     1.8e+16   0.1000000         4.5    2    1    2
           Current Progress:   9 % - Assembling sparsity pattern
Memory: 959/1039 1007/1096
           Current Progress:   9 % - Assembling matrices
Memory: 967/1039 1015/1096
           Current Progress:   9 % - Matrix factorization
Memory: 965/1039 1024/1096
           Current Progress:   9 % - Solving linear system
Memory: 852/1039 900/1096
   2         2.9     6.1e+04   0.3968309         7.9    3    2    4
-          Current Progress:  14 % - Assembling sparsity pattern
Memory: 837/1039 885/1096
-          Current Progress:  14 % - Assembling matrices
Memory: 860/1039 908/1096
-          Current Progress:  14 % - Matrix factorization
Memory: 854/1039 911/1096
-          Current Progress:  14 % - Assembling matrices
Memory: 862/1039 910/1096
-          Current Progress:  14 % - Solving linear system
Memory: 863/1039 911/1096
   3         1.3     5.6e+04   0.1000000         1.4    5    3    7
--         Current Progress:  27 % - Matrix factorization
Memory: 822/1039 853/1096
--         Current Progress:  27 % - Assembling matrices
Memory: 862/1039 910/1096
   4         0.4     1.3e+05   0.4516686        0.71    6    4    9
---        Current Progress:  32 % - Assembling matrices
Memory: 859/1039 907/1096
---        Current Progress:  32 % - Matrix factorization
Memory: 848/1039 912/1096
---        Current Progress:  32 % - Assembling matrices
Memory: 862/1039 911/1096
   5         0.3     2.9e+05   0.4857289        0.53    7    5   11
---        Current Progress:  32 % - Matrix factorization
Memory: 844/1039 913/1096
---        Current Progress:  32 % - Solving linear system
Memory: 862/1039 911/1096
   6       0.061     9.8e+05   1.0000000        0.58    8    6   13
---        Current Progress:  38 % - Matrix factorization
Memory: 832/1039 913/1096
---        Current Progress:  38 % - Solving linear system
Memory: 859/1039 910/1096
   7      0.0001       1e+02   1.0000000       0.052    9    7   15
----       Current Progress:  47 % - Matrix factorization
Memory: 829/1039 862/1096
----       Current Progress:  47 % - Solving linear system
Memory: 865/1039 919/1096
   8     3.2e-09       5e-07   1.0000000     9.7e-05   11    8   17
-----      Current Progress:  50 % - Constraint handling
Memory: 803/1039 834/1096
Solution time: 8 s.
Physical memory: 967 MB
Virtual memory: 1024 MB
Ended at Oct 3, 2026, 11:41:51 AM.
----- Stationary Solver 1 in Study 1/Solution 1 (sol1) ------------------------>
<---- Compile Equations: Stationary in Study 1/Solution 1 (sol1) ---------------
Started at Oct 3, 2026, 11:41:51 AM.
Geometry shape function: Linear Lagrange
-----      Current Progress:  52 % - Compile Equations: Stationary
Memory: 861/1039 894/1096
-----      Current Progress:  52 % - Creating visualization mesh
Memory: 855/1039 887/1096
Time: 2 s.
Physical memory: 861 MB
Virtual memory: 894 MB
Ended at Oct 3, 2026, 11:41:52 AM.
----- Compile Equations: Stationary in Study 1/Solution 1 (sol1) -------------->
<---- Dependent Variables 2 in Study 1/Solution 1 (sol1) -----------------------
Started at Oct 3, 2026, 11:41:52 AM.
Initial values of variables solved for: Solution 1 (sol1), Solution Store 1 (sol2).
Values of variables not solved for: Solution 1 (sol1).
-----      Current Progress:  52 % - Dependent Variables 2
Memory: 862/1039 893/1096
Solution time: 0 s.
Physical memory: 862 MB
Virtual memory: 893 MB
Ended at Oct 3, 2026, 11:41:52 AM.
----- Dependent Variables 2 in Study 1/Solution 1 (sol1) ---------------------->
<---- Stationary Solver 2 in Study 1/Solution 1 (sol1) -------------------------
Started at Oct 3, 2026, 11:41:52 AM.
Nonlinear solver
Number of degrees of freedom solved for: 138873.
-----      Current Progress:  55 % - Assembling matrices
Memory: 880/1039 911/1096
-----      Current Progress:  55 % - Assembling sparsity pattern
Memory: 877/1039 908/1096
-----      Current Progress:  55 % - Assembling matrices
Memory: 911/1039 944/1096
Nonsymmetric matrix found.
Scales for dependent variables:
Electron solution variable (comp1.Ne): 3.9e+25
Hole solution variable (comp1.Ph): 4.3e+29
Electric potential (comp1.V): 4.8e+19
Orthonormal null-space function used.
-----      Current Progress:  55 % - Matrix factorization
Memory: 961/1039 1006/1096
Iter      SolEst      ResEst     Damping    Stepsize #Res #Jac #Sol
-----      Current Progress:  55 % - Assembling matrices
Memory: 1024/1039 1079/1096
   1         3.5     9.3e+04   0.1000000         4.2    2    1    2
-----      Current Progress:  59 % - Assembling sparsity pattern
Memory: 1006/1039 1060/1096
-----      Current Progress:  59 % - Assembling matrices
Memory: 1026/1041 1081/1097
-----      Current Progress:  59 % - Matrix factorization
Memory: 981/1041 1084/1097
-----      Current Progress:  59 % - Solving linear system
Memory: 1025/1041 1079/1097
-----      Current Progress:  59 % - Assembling matrices
Memory: 1026/1041 1081/1097
   2        0.25     3.9e+04   0.1000000        0.29    4    2    5
------     Current Progress:  64 % - Assembling sparsity pattern
Memory: 1005/1041 1060/1097
------     Current Progress:  64 % - Assembling matrices
Memory: 942/1041 1002/1097
------     Current Progress:  64 % - Matrix factorization
Memory: 888/1041 975/1097
------     Current Progress:  64 % - Assembling matrices
Memory: 933/1041 986/1097
   3         0.3     3.7e+04   0.0596200        0.31    5    3    7
------     Current Progress:  64 % - Matrix factorization
Memory: 892/1041 992/1097
------     Current Progress:  64 % - Assembling matrices
Memory: 935/1041 989/1097
   4        0.34     4.1e+04   0.1421117        0.45    6    4    9
------     Current Progress:  64 % - Matrix factorization
Memory: 868/1041 964/1097
------     Current Progress:  64 % - Solving linear system
Memory: 937/1041 991/1097
   5        0.21       4e+04   0.0765806        0.22    8    5   12
--------   Current Progress:  81 % - Assembling matrices
Memory: 935/1041 989/1097
--------   Current Progress:  81 % - Matrix factorization
Memory: 918/1041 994/1097
--------   Current Progress:  81 % - Assembling matrices
Memory: 937/1041 991/1097
   6        0.15     5.4e+04   0.2372488        0.34    9    6   14
--------   Current Progress:  81 % - Matrix factorization
Memory: 891/1041 994/1097
--------   Current Progress:  81 % - Solving linear system
Memory: 936/1041 990/1097
   7       0.061     6.7e+04   0.4549073        0.14   10    7   16
--------   Current Progress:  87 % - Solving linear system
Memory: 916/1041 986/1097
--------   Current Progress:  87 % - Assembling matrices
Memory: 936/1041 990/1097
--------   Current Progress:  87 % - Matrix factorization
Memory: 862/1041 894/1097
--------   Current Progress:  87 % - Assembling matrices
Memory: 938/1041 992/1097
   8       0.087     5.2e+04   0.2940704        0.11   11    8   18
--------   Current Progress:  87 % - Matrix factorization
Memory: 886/1041 995/1097
--------   Current Progress:  87 % - Solving linear system
Memory: 937/1041 992/1097
   9       0.084     3.4e+04   0.5654433        0.14   12    9   20
--------   Current Progress:  87 % - Assembling matrices
--------   Current Progress:  87 % - Matrix factorization
Memory: 901/1041 996/1097
--------   Current Progress:  87 % - Assembling matrices
Memory: 939/1041 993/1097
  10       0.056     1.7e+04   1.0000000        0.16   13   10   22
--------   Current Progress:  87 % - Matrix factorization
Memory: 863/1041 896/1097
--------   Current Progress:  87 % - Solving linear system
Memory: 937/1041 993/1097
  11      0.0021     4.3e+02   1.0000000       0.066   14   11   24
---------  Current Progress:  96 % - Assembling matrices
Memory: 938/1041 993/1097
---------  Current Progress:  96 % - Matrix factorization
Memory: 897/1041 997/1097
---------  Current Progress:  96 % - Assembling matrices
Memory: 938/1041 993/1097
  12     1.7e-06        0.83   1.0000000      0.0021   15   12   26
---------- Current Progress: 100 % - Assembling matrices
---------- Current Progress: 100 % - Matrix factorization
Memory: 863/1041 896/1097
---------- Current Progress: 100 % - Assembling matrices
Memory: 939/1041 994/1097
---------- Current Progress: 100 % - Constraint handling
Memory: 934/1041 989/1097
  13     8.5e-13     5.6e-06   1.0000000     2.2e-06   17   13   28
Solution time: 19 s.
Physical memory: 1.03 GB
Virtual memory: 1.08 GB
Ended at Oct 3, 2026, 11:42:11 AM.
----- Stationary Solver 2 in Study 1/Solution 1 (sol1) ------------------------>
<---- Compile Equations: Semiconductor Equilibrium in Study 1/Solution 1 (sol1) -
Started at Oct 3, 2026, 11:42:13 AM.
Geometry shape function: Linear Lagrange
Running on 11th Gen Intel(R) Core(TM) i7-1165G7 at 2.80 GHz.
Using 1 socket with 4 cores in total on WIN-FNSSP1NOF49.
Available memory: 7.97 GB.
           Current Progress:   3 % - Compile Equations: Semiconductor Equilibrium
Memory: 877/1041 908/1097
           Current Progress:   3 % - Creating visualization mesh
Memory: 878/1041 909/1097
Time: 1 s.
Physical memory: 879 MB
Virtual memory: 910 MB
Ended at Oct 3, 2026, 11:42:14 AM.
----- Compile Equations: Semiconductor Equilibrium in Study 1/Solution 1 (sol1) >
<---- Dependent Variables 1 in Study 1/Solution 1 (sol1) -----------------------
Started at Oct 3, 2026, 11:42:14 AM.
           Current Progress:   3 % - Dependent Variables 1
Memory: 882/1041 913/1097
Solution time: 0 s.
Physical memory: 882 MB
Virtual memory: 913 MB
Ended at Oct 3, 2026, 11:42:14 AM.
----- Dependent Variables 1 in Study 1/Solution 1 (sol1) ---------------------->
<---- Stationary Solver 1 in Study 1/Solution 1 (sol1) -------------------------
Started at Oct 3, 2026, 11:42:14 AM.
Nonlinear solver
Number of degrees of freedom solved for: 138873.
           Current Progress:   5 % - Assembling sparsity pattern
Memory: 898/1041 928/1097
Nonsymmetric matrix found.
Scales for dependent variables:
Electron solution variable (comp1.Ne): 2.5e+24
Hole solution variable (comp1.Ph): 2.4e+28
Electric potential (comp1.V): 8e+22
Orthonormal null-space function used.
           Current Progress:   5 % - Matrix factorization
Memory: 931/1041 974/1097
Iter      SolEst      ResEst     Damping    Stepsize #Res #Jac #Sol
           Current Progress:   5 % - Assembling matrices
Memory: 975/1041 1024/1097
   1         2.5     1.2e+16   0.1000000         2.9    2    1    2
           Current Progress:   9 % - Assembling sparsity pattern
Memory: 968/1041 1017/1097
           Current Progress:   9 % - Matrix factorization
Memory: 948/1041 1029/1097
           Current Progress:   9 % - Solving linear system
Memory: 979/1041 1027/1097
   2         3.6     4.9e+04   0.3405858         6.3    3    2    4
-          Current Progress:  14 % - Assembling sparsity pattern
Memory: 964/1041 1012/1097
-          Current Progress:  14 % - Matrix factorization
Memory: 906/1041 947/1097
-          Current Progress:  14 % - Solving linear system
Memory: 944/1041 991/1097
   3         1.4     4.5e+04   0.1000000         1.6    5    3    7
--         Current Progress:  27 % - Matrix factorization
Memory: 904/1041 947/1097
--         Current Progress:  27 % - Solving linear system
Memory: 944/1041 991/1097
   4        0.49     1.4e+05   0.4463717        0.96    6    4    9
---        Current Progress:  32 % - Assembling matrices
Memory: 940/1041 987/1097
---        Current Progress:  32 % - Matrix factorization
Memory: 937/1041 992/1097
---        Current Progress:  32 % - Solving linear system
Memory: 941/1041 994/1097
   5        0.27     5.1e+05   0.5654486        0.51    7    5   11
---        Current Progress:  32 % - Assembling matrices
Memory: 940/1041 987/1097
---        Current Progress:  32 % - Matrix factorization
Memory: 934/1041 992/1097
---        Current Progress:  32 % - Assembling matrices
Memory: 939/1041 985/1097
   6       0.053     1.2e+06   1.0000000        0.49    8    6   13
---        Current Progress:  38 % - Assembling matrices
Memory: 940/1041 987/1097
---        Current Progress:  38 % - Matrix factorization
Memory: 931/1041 992/1097
---        Current Progress:  38 % - Assembling matrices
Memory: 943/1041 990/1097
   7     7.9e-05       1e+02   1.0000000       0.046    9    7   15
----       Current Progress:  48 % - Assembling matrices
Memory: 940/1041 987/1097
----       Current Progress:  48 % - Matrix factorization
Memory: 927/1041 992/1097
----       Current Progress:  48 % - Solving linear system
Memory: 943/1041 990/1097
----       Current Progress:  48 % - Assembling matrices
Memory: 942/1041 988/1097
   8       2e-09     3.3e-07   1.0000000     7.6e-05   11    8   17
-----      Current Progress:  50 % - Constraint handling
Memory: 767/1041 797/1097
Solution time: 8 s.
Physical memory: 981 MB
Virtual memory: 1029 MB
Ended at Oct 3, 2026, 11:42:22 AM.
----- Stationary Solver 1 in Study 1/Solution 1 (sol1) ------------------------>
<---- Compile Equations: Stationary in Study 1/Solution 1 (sol1) ---------------
Started at Oct 3, 2026, 11:42:22 AM.
Geometry shape function: Linear Lagrange
-----      Current Progress:  52 % - Compile Equations: Stationary
Memory: 875/1041 909/1097
-----      Current Progress:  52 % - Creating visualization mesh
Memory: 858/1041 891/1097
Time: 1 s.
Physical memory: 875 MB
Virtual memory: 909 MB
Ended at Oct 3, 2026, 11:42:24 AM.
----- Compile Equations: Stationary in Study 1/Solution 1 (sol1) -------------->
<---- Dependent Variables 2 in Study 1/Solution 1 (sol1) -----------------------
Started at Oct 3, 2026, 11:42:24 AM.
Initial values of variables solved for: Solution 1 (sol1), Solution Store 1 (sol2).
Values of variables not solved for: Solution 1 (sol1).
-----      Current Progress:  52 % - Dependent Variables 2
Memory: 881/1041 913/1097
Solution time: 0 s.
Physical memory: 881 MB
Virtual memory: 913 MB
Ended at Oct 3, 2026, 11:42:24 AM.
----- Dependent Variables 2 in Study 1/Solution 1 (sol1) ---------------------->
<---- Stationary Solver 2 in Study 1/Solution 1 (sol1) -------------------------
Started at Oct 3, 2026, 11:42:24 AM.
Nonlinear solver
Number of degrees of freedom solved for: 138873.
-----      Current Progress:  55 % - Assembling matrices
Memory: 890/1041 922/1097
-----      Current Progress:  55 % - Assembling sparsity pattern
Memory: 893/1041 925/1097
-----      Current Progress:  55 % - Assembling matrices
Memory: 922/1041 954/1097
Nonsymmetric matrix found.
Scales for dependent variables:
Electron solution variable (comp1.Ne): 3.6e+25
Hole solution variable (comp1.Ph): 4e+29
Electric potential (comp1.V): 4.4e+19
Orthonormal null-space function used.
-----      Current Progress:  55 % - Constraint handling
Memory: 936/1041 968/1097
-----      Current Progress:  55 % - Matrix factorization
Memory: 970/1041 1014/1097
Iter      SolEst      ResEst     Damping    Stepsize #Res #Jac #Sol
-----      Current Progress:  55 % - Assembling matrices
Memory: 1034/1041 1088/1097
   1         3.5     1.9e+05   0.1000000         4.2    2    1    2
-----      Current Progress:  59 % - Assembling sparsity pattern
Memory: 1017/1041 1072/1097
-----      Current Progress:  59 % - Assembling matrices
Memory: 1036/1055 1090/1112
-----      Current Progress:  59 % - Matrix factorization
Memory: 997/1055 1094/1112
-----      Current Progress:  59 % - Assembling matrices
Memory: 1034/1055 1088/1112
   2        0.26     3.5e+04   0.1000000        0.31    4    2    5
------     Current Progress:  64 % - Assembling sparsity pattern
Memory: 1014/1055 1069/1112
------     Current Progress:  64 % - Assembling matrices
Memory: 1010/1055 1062/1112
------     Current Progress:  64 % - Matrix factorization
Memory: 996/1055 1066/1112
------     Current Progress:  64 % - Assembling matrices
Memory: 1011/1055 1064/1112
   3         0.3     3.2e+04   0.0613888        0.32    5    3    7
------     Current Progress:  64 % - Matrix factorization
Memory: 966/1055 1066/1112
------     Current Progress:  64 % - Solving linear system
Memory: 1010/1055 1062/1112
   4        0.36     2.9e+04   0.1342895        0.46    6    4    9
------     Current Progress:  64 % - Assembling matrices
------     Current Progress:  64 % - Matrix factorization
Memory: 935/1055 965/1112
------     Current Progress:  64 % - Assembling matrices
Memory: 1011/1055 1064/1112
------     Current Progress:  64 % - Solving linear system
Memory: 1011/1055 1063/1112
   5        0.26     2.8e+04   0.0822588        0.28    8    5   12
-------    Current Progress:  79 % - Assembling matrices
Memory: 1010/1055 1062/1112
-------    Current Progress:  79 % - Matrix factorization
Memory: 975/1055 1066/1112
-------    Current Progress:  79 % - Assembling matrices
Memory: 1011/1055 1064/1112
   6        0.29     2.7e+04   0.0384272        0.31   10    6   15
-------    Current Progress:  79 % - Matrix factorization
Memory: 949/1055 1066/1112
-------    Current Progress:  79 % - Solving linear system
Memory: 1010/1055 1062/1112
   7        0.32     2.6e+04   0.0384272        0.33   12    7   18
-------    Current Progress:  79 % - Assembling matrices
-------    Current Progress:  79 % - Constraint handling
Memory: 1017/1055 1072/1112
-------    Current Progress:  79 % - Matrix factorization
Memory: 994/1055 1066/1112
-------    Current Progress:  79 % - Assembling matrices
Memory: 1011/1055 1064/1112
   8        0.33     2.5e+04   0.0389125        0.35   14    8   21
-------    Current Progress:  79 % - Matrix factorization
Memory: 945/1055 1066/1112
-------    Current Progress:  79 % - Solving linear system
Memory: 1011/1055 1063/1112
   9        0.34     2.4e+04   0.0445591        0.36   16    9   24
-------    Current Progress:  79 % - Assembling matrices
Memory: 1010/1055 1062/1112
-------    Current Progress:  79 % - Matrix factorization
Memory: 984/1055 1066/1112
-------    Current Progress:  79 % - Assembling matrices
Memory: 1011/1055 1064/1112
  10        0.35     2.3e+04   0.0445591        0.37   18   10   27
-------    Current Progress:  79 % - Matrix factorization
Memory: 958/1055 1066/1112
-------    Current Progress:  79 % - Solving linear system
Memory: 1010/1055 1062/1112
-------    Current Progress:  79 % - Assembling matrices
Memory: 1011/1055 1064/1112
  11        0.35     2.2e+04   0.0486823        0.37   20   11   30
-------    Current Progress:  79 % - Matrix factorization
Memory: 1005/1055 1057/1112
-------    Current Progress:  79 % - Assembling matrices
Memory: 1011/1055 1064/1112
  12        0.35     2.1e+04   0.0493836        0.37   22   12   33
--------   Current Progress:  80 % - Assembling matrices
Memory: 1010/1055 1062/1112
--------   Current Progress:  80 % - Matrix factorization
Memory: 967/1055 1066/1112
--------   Current Progress:  80 % - Assembling matrices
Memory: 1011/1055 1064/1112
  13        0.34       2e+04   0.0569953        0.36   24   13   36
--------   Current Progress:  82 % - Assembling matrices
Memory: 1010/1055 1062/1112
--------   Current Progress:  82 % - Matrix factorization
Memory: 942/1055 1037/1112
--------   Current Progress:  82 % - Assembling matrices
Memory: 1011/1055 1064/1112
--------   Current Progress:  82 % - Solving linear system
Memory: 1009/1055 1067/1112
  14        0.33       2e+04   0.0569953        0.35   26   14   39
--------   Current Progress:  84 % - Assembling matrices
Memory: 1010/1055 1062/1112
--------   Current Progress:  84 % - Matrix factorization
Memory: 970/1055 1066/1112
--------   Current Progress:  84 % - Assembling matrices
Memory: 1011/1055 1064/1112
  15        0.31     1.9e+04   0.0642750        0.34   28   15   42
--------   Current Progress:  86 % - Assembling matrices
Memory: 1010/1055 1062/1112
--------   Current Progress:  86 % - Matrix factorization
Memory: 942/1055 1037/1112
--------   Current Progress:  86 % - Solving linear system
Memory: 1011/1055 1063/1112
  16        0.29     1.8e+04   0.0642750        0.31   30   16   45
--------   Current Progress:  87 % - Assembling matrices
Memory: 1010/1055 1062/1112
--------   Current Progress:  87 % - Matrix factorization
Memory: 985/1055 1066/1112
--------   Current Progress:  87 % - Assembling matrices
Memory: 1011/1055 1064/1112
  17        0.27     1.6e+04   0.0772783        0.29   32   17   48
--------   Current Progress:  88 % - Assembling matrices
Memory: 1010/1055 1062/1112
--------   Current Progress:  88 % - Matrix factorization
Memory: 958/1055 1066/1112
--------   Current Progress:  88 % - Solving linear system
Memory: 1010/1055 1062/1112
--------   Current Progress:  88 % - Assembling matrices
Memory: 1011/1055 1064/1112
  18        0.24     1.5e+04   0.0772783        0.26   34   18   51
--------   Current Progress:  89 % - Assembling matrices
Memory: 1010/1055 1062/1112
--------   Current Progress:  89 % - Matrix factorization
Memory: 1001/1055 1056/1112
--------   Current Progress:  89 % - Assembling matrices
Memory: 1011/1055 1064/1112
  19        0.21     1.4e+04   0.0887256        0.23   36   19   54
---------  Current Progress:  90 % - Assembling matrices
Memory: 1010/1055 1062/1112
---------  Current Progress:  90 % - Matrix factorization
Memory: 973/1055 1066/1112
---------  Current Progress:  90 % - Assembling matrices
Memory: 1011/1055 1064/1112
  20        0.18     1.3e+04   0.0908967         0.2   38   20   57
---------  Current Progress:  91 % - Assembling matrices
Memory: 1010/1055 1062/1112
---------  Current Progress:  91 % - Matrix factorization
Memory: 950/1055 1066/1112
---------  Current Progress:  91 % - Solving linear system
Memory: 1010/1055 1062/1112
  21        0.15     1.2e+04   0.1105341        0.17   40   21   60
---------  Current Progress:  91 % - Assembling matrices
---------  Current Progress:  91 % - Matrix factorization
Memory: 992/1055 1066/1112
---------  Current Progress:  91 % - Assembling matrices
Memory: 1011/1055 1064/1112
  22        0.12     1.1e+04   0.1264148        0.14   42   22   63
---------  Current Progress:  92 % - Assembling matrices
Memory: 1010/1055 1062/1112
---------  Current Progress:  92 % - Matrix factorization
Memory: 973/1055 1066/1112
---------  Current Progress:  92 % - Assembling matrices
Memory: 1011/1055 1064/1112
  23       0.087     9.3e+03   0.1697993        0.11   44   23   66
---------  Current Progress:  93 % - Assembling matrices
Memory: 1010/1055 1062/1112
---------  Current Progress:  93 % - Matrix factorization
Memory: 946/1055 1066/1112
---------  Current Progress:  93 % - Solving linear system
Memory: 1006/1055 1058/1112
  24       0.053     7.6e+03   0.2482540       0.074   46   24   69
---------  Current Progress:  94 % - Assembling matrices
Memory: 1010/1055 1062/1112
---------  Current Progress:  94 % - Matrix factorization
Memory: 988/1055 1066/1112
---------  Current Progress:  94 % - Assembling matrices
Memory: 1011/1055 1064/1112
  25       0.019     5.2e+03   0.4342842       0.041   48   25   72
---------  Current Progress:  96 % - Assembling matrices
Memory: 1010/1055 1062/1112
---------  Current Progress:  96 % - Matrix factorization
Memory: 966/1055 1066/1112
---------  Current Progress:  96 % - Solving linear system
Memory: 1007/1055 1059/1112
  26      0.0034     1.7e+03   1.0000000       0.013   49   26   74
---------  Current Progress:  97 % - Solving linear system
Memory: 997/1055 1058/1112
---------  Current Progress:  97 % - Assembling matrices
Memory: 1010/1055 1062/1112
---------  Current Progress:  97 % - Constraint handling
Memory: 1005/1055 1058/1112
---------  Current Progress:  97 % - Matrix factorization
Memory: 995/1055 1066/1112
---------  Current Progress:  97 % - Assembling matrices
Memory: 1011/1055 1064/1112
  27     6.9e-05          15   1.0000000      0.0024   50   27   76
---------  Current Progress:  99 % - Assembling matrices
Memory: 1010/1055 1062/1112
---------  Current Progress:  99 % - Matrix factorization
Memory: 963/1055 1066/1112
---------  Current Progress:  99 % - Solving linear system
Memory: 1006/1055 1058/1112
---------  Current Progress:  99 % - Assembling matrices
Memory: 1010/1055 1062/1112
  28     5.5e-08     1.5e-06   1.0000000     8.2e-05   52   28   78
---------- Current Progress: 100 % - Constraint handling
Memory: 866/1055 896/1112
Solution time: 40 s.
Physical memory: 1.04 GB
Virtual memory: 1.09 GB
Ended at Oct 3, 2026, 11:43:04 AM.
----- Stationary Solver 2 in Study 1/Solution 1 (sol1) ------------------------>
<---- Compile Equations: Semiconductor Equilibrium in Study 1/Solution 1 (sol1) -
Started at Oct 3, 2026, 11:43:06 AM.
Geometry shape function: Linear Lagrange
Running on 11th Gen Intel(R) Core(TM) i7-1165G7 at 2.80 GHz.
Using 1 socket with 4 cores in total on WIN-FNSSP1NOF49.
Available memory: 7.97 GB.
           Current Progress:   2 % - Compile Equations: Semiconductor Equilibrium
Memory: 876/1055 909/1112
           Current Progress:   3 % - Compile Equations: Semiconductor Equilibrium
Memory: 886/1055 917/1112
           Current Progress:   3 % - Creating visualization mesh
Memory: 887/1055 918/1112
Time: 1 s.
Physical memory: 887 MB
Virtual memory: 919 MB
Ended at Oct 3, 2026, 11:43:07 AM.
----- Compile Equations: Semiconductor Equilibrium in Study 1/Solution 1 (sol1) >
<---- Dependent Variables 1 in Study 1/Solution 1 (sol1) -----------------------
Started at Oct 3, 2026, 11:43:07 AM.
           Current Progress:   3 % - Dependent Variables 1
Memory: 891/1055 922/1112
Solution time: 0 s.
Physical memory: 892 MB
Virtual memory: 923 MB
Ended at Oct 3, 2026, 11:43:07 AM.
----- Dependent Variables 1 in Study 1/Solution 1 (sol1) ---------------------->
<---- Stationary Solver 1 in Study 1/Solution 1 (sol1) -------------------------
Started at Oct 3, 2026, 11:43:07 AM.
Nonlinear solver
Number of degrees of freedom solved for: 138873.
           Current Progress:   5 % - Assembling sparsity pattern
Memory: 906/1055 937/1112
Nonsymmetric matrix found.
Scales for dependent variables:
Electron solution variable (comp1.Ne): 2.5e+24
Hole solution variable (comp1.Ph): 2.4e+28
Electric potential (comp1.V): 8e+22
Orthonormal null-space function used.
           Current Progress:   5 % - Matrix factorization
Memory: 938/1055 983/1112
Iter      SolEst      ResEst     Damping    Stepsize #Res #Jac #Sol
           Current Progress:   5 % - Assembling matrices
Memory: 985/1055 1034/1112
   1         1.6     5.2e+15   0.1000000         1.8    2    1    2
           Current Progress:   9 % - Assembling sparsity pattern
Memory: 977/1055 1026/1112
           Current Progress:   9 % - Matrix factorization
Memory: 959/1055 1039/1112
           Current Progress:   9 % - Solving linear system
Memory: 988/1055 1037/1112
   2         3.8     5.6e+04   0.3388280         6.9    3    2    4
-          Current Progress:  14 % - Assembling sparsity pattern
Memory: 983/1055 1032/1112
-          Current Progress:  14 % - Matrix factorization
Memory: 962/1055 1038/1112
-          Current Progress:  14 % - Solving linear system
Memory: 953/1055 1000/1112
   3         1.6     5.4e+04   0.1000000         1.8    5    3    7
--         Current Progress:  27 % - Matrix factorization
Memory: 916/1055 956/1112
--         Current Progress:  27 % - Solving linear system
Memory: 953/1055 1000/1112
   4         0.5     2.9e+05   0.4526048        0.94    6    4    9
---        Current Progress:  32 % - Assembling matrices
Memory: 950/1055 997/1112
---        Current Progress:  32 % - Matrix factorization
Memory: 943/1055 1002/1112
---        Current Progress:  32 % - Assembling matrices
Memory: 952/1055 999/1112
   5        0.26     8.4e+05   0.5125713        0.44    7    5   11
---        Current Progress:  32 % - Matrix factorization
Memory: 940/1055 1002/1112
---        Current Progress:  32 % - Assembling matrices
Memory: 952/1055 999/1112
   6       0.089     2.3e+06   0.9236162         0.6    8    6   13
---        Current Progress:  36 % - Assembling matrices
Memory: 950/1055 997/1112
---        Current Progress:  36 % - Matrix factorization
Memory: 939/1055 1002/1112
---        Current Progress:  36 % - Assembling matrices
Memory: 952/1055 999/1112
   7     0.00075       4e+04   1.0000000       0.083    9    7   15
----       Current Progress:  46 % - Assembling matrices
Memory: 950/1055 997/1112
----       Current Progress:  46 % - Matrix factorization
Memory: 938/1055 1002/1112
----       Current Progress:  46 % - Assembling matrices
Memory: 952/1055 999/1112
   8     3.8e-08     3.6e-05   1.0000000     0.00071   11    8   17
-----      Current Progress:  50 % - Constraint handling
Memory: 775/1055 804/1112
Solution time: 8 s.
Physical memory: 988 MB
Virtual memory: 1039 MB
Ended at Oct 3, 2026, 11:43:15 AM.
----- Stationary Solver 1 in Study 1/Solution 1 (sol1) ------------------------>
<---- Compile Equations: Stationary in Study 1/Solution 1 (sol1) ---------------
Started at Oct 3, 2026, 11:43:15 AM.
Geometry shape function: Linear Lagrange
-----      Current Progress:  52 % - Compile Equations: Stationary
Memory: 851/1055 885/1112
-----      Current Progress:  52 % - Creating visualization mesh
Memory: 856/1055 890/1112
Time: 1 s.
Physical memory: 862 MB
Virtual memory: 895 MB
Ended at Oct 3, 2026, 11:43:16 AM.
----- Compile Equations: Stationary in Study 1/Solution 1 (sol1) -------------->
<---- Dependent Variables 2 in Study 1/Solution 1 (sol1) -----------------------
Started at Oct 3, 2026, 11:43:16 AM.
Initial values of variables solved for: Solution 1 (sol1), Solution Store 1 (sol2).
Values of variables not solved for: Solution 1 (sol1).
-----      Current Progress:  52 % - Dependent Variables 2
Memory: 863/1055 896/1112
Solution time: 0 s.
Physical memory: 863 MB
Virtual memory: 896 MB
Ended at Oct 3, 2026, 11:43:16 AM.
----- Dependent Variables 2 in Study 1/Solution 1 (sol1) ---------------------->
<---- Stationary Solver 2 in Study 1/Solution 1 (sol1) -------------------------
Started at Oct 3, 2026, 11:43:16 AM.
Nonlinear solver
Number of degrees of freedom solved for: 138873.
-----      Current Progress:  55 % - Assembling matrices
Memory: 879/1055 912/1112
-----      Current Progress:  55 % - Assembling sparsity pattern
Memory: 884/1055 916/1112
-----      Current Progress:  55 % - Assembling matrices
Memory: 916/1055 949/1112
Nonsymmetric matrix found.
Scales for dependent variables:
Electron solution variable (comp1.Ne): 2.7e+25
Hole solution variable (comp1.Ph): 2.9e+29
Electric potential (comp1.V): 3.3e+19
Orthonormal null-space function used.
-----      Current Progress:  55 % - Matrix factorization
Memory: 931/1055 993/1112
Iter      SolEst      ResEst     Damping    Stepsize #Res #Jac #Sol
-----      Current Progress:  55 % - Solving linear system
Memory: 1035/1055 1089/1112
   1         3.5     1.8e+06   0.1000000         4.2    2    1    2
-----      Current Progress:  59 % - Assembling sparsity pattern
Memory: 1015/1055 1070/1112
-----      Current Progress:  59 % - Assembling matrices
Memory: 1035/1055 1089/1112
-----      Current Progress:  59 % - Matrix factorization
Memory: 1007/1055 1093/1112
-----      Current Progress:  59 % - Assembling matrices
Memory: 1035/1055 1089/1112
   2         0.3     3.6e+04   0.1000000        0.36    4    2    5
------     Current Progress:  64 % - Assembling sparsity pattern
Memory: 1013/1055 1068/1112
------     Current Progress:  64 % - Assembling matrices
Memory: 1033/1055 1088/1112
------     Current Progress:  64 % - Matrix factorization
Memory: 969/1055 1092/1112
------     Current Progress:  64 % - Assembling matrices
Memory: 1035/1055 1089/1112
   3         0.3     3.2e+04   0.0739841        0.32    5    3    7
------     Current Progress:  64 % - Matrix factorization
Memory: 974/1055 1092/1112
------     Current Progress:  64 % - Assembling matrices
Memory: 1035/1055 1089/1112
   4        0.39     2.9e+04   0.1297734        0.48    6    4    9
------     Current Progress:  64 % - Matrix factorization
Memory: 986/1055 1092/1112
------     Current Progress:  64 % - Solving linear system
Memory: 1034/1055 1088/1112
   5        0.31     2.8e+04   0.0987714        0.35    8    5   12
-------    Current Progress:  78 % - Solving linear system
Memory: 1027/1055 1082/1112
-------    Current Progress:  78 % - Assembling matrices
Memory: 1033/1055 1088/1112
-------    Current Progress:  78 % - Matrix factorization
Memory: 1009/1055 1092/1112
-------    Current Progress:  78 % - Assembling matrices
Memory: 1035/1055 1089/1112
   6        0.33     2.6e+04   0.0732284        0.36   10    6   15
-------    Current Progress:  78 % - Matrix factorization
Memory: 987/1055 1092/1112
-------    Current Progress:  78 % - Solving linear system
Memory: 1028/1055 1083/1112
-------    Current Progress:  78 % - Assembling matrices
Memory: 1035/1055 1089/1112
   7        0.35     2.5e+04   0.0732284        0.38   12    7   18
-------    Current Progress:  78 % - Matrix factorization
Memory: 969/1055 1092/1112
-------    Current Progress:  78 % - Solving linear system
Memory: 1035/1055 1089/1112
   8        0.35     2.4e+04   0.0732284        0.38   14    8   21
-------    Current Progress:  78 % - Assembling matrices
Memory: 1033/1055 1088/1112
-------    Current Progress:  78 % - Matrix factorization
Memory: 1009/1055 1092/1112
-------    Current Progress:  78 % - Assembling matrices
Memory: 1035/1055 1089/1112
   9        0.35     2.3e+04   0.0732284        0.38   16    9   24
-------    Current Progress:  78 % - Matrix factorization
Memory: 991/1055 1092/1112
-------    Current Progress:  78 % - Assembling matrices
Memory: 1034/1055 1088/1112
  10        0.33     2.2e+04   0.0732284        0.36   18   10   27
--------   Current Progress:  81 % - Assembling matrices
Memory: 1033/1055 1088/1112
--------   Current Progress:  81 % - Matrix factorization
Memory: 966/1055 1062/1112
--------   Current Progress:  81 % - Solving linear system
Memory: 1035/1055 1089/1112
--------   Current Progress:  81 % - Assembling matrices
  11        0.31     2.1e+04   0.0732284        0.34   20   11   30
--------   Current Progress:  83 % - Assembling matrices
Memory: 1033/1055 1088/1112
--------   Current Progress:  83 % - Matrix factorization
Memory: 980/1055 1092/1112
--------   Current Progress:  83 % - Solving linear system
Memory: 1034/1055 1088/1112
  12        0.29     1.9e+04   0.0732284        0.32   22   12   33
--------   Current Progress:  84 % - Assembling matrices
Memory: 1033/1055 1088/1112
--------   Current Progress:  84 % - Constraint handling
Memory: 1038/1055 1098/1112
--------   Current Progress:  84 % - Matrix factorization
Memory: 1023/1055 1092/1112
--------   Current Progress:  84 % - Assembling matrices
Memory: 1035/1055 1089/1112
--------   Current Progress:  84 % - Solving linear system
Memory: 1033/1055 1088/1112
  13        0.27     1.8e+04   0.0732284        0.29   24   13   36
--------   Current Progress:  85 % - Assembling matrices
--------   Current Progress:  85 % - Matrix factorization
Memory: 991/1055 1092/1112
--------   Current Progress:  85 % - Assembling matrices
Memory: 1035/1055 1089/1112
  14        0.24     1.7e+04   0.0821907        0.27   26   14   39
--------   Current Progress:  86 % - Assembling matrices
Memory: 1033/1055 1088/1112
--------   Current Progress:  86 % - Matrix factorization
Memory: 966/1055 1062/1112
--------   Current Progress:  86 % - Solving linear system
Memory: 1035/1055 1089/1112
  15        0.21     1.6e+04   0.0865959        0.24   28   15   42
--------   Current Progress:  88 % - Assembling matrices
Memory: 1033/1055 1088/1112
--------   Current Progress:  88 % - Matrix factorization
Memory: 1014/1055 1092/1112
--------   Current Progress:  88 % - Assembling matrices
Memory: 1035/1055 1089/1112
  16        0.18     1.5e+04   0.1014751        0.21   30   16   45
--------   Current Progress:  89 % - Assembling matrices
Memory: 1033/1055 1088/1112
--------   Current Progress:  89 % - Matrix factorization
Memory: 1009/1055 1092/1112
--------   Current Progress:  89 % - Assembling matrices
Memory: 1035/1055 1089/1112
  17        0.15     1.4e+04   0.1075549        0.17   32   17   48
---------  Current Progress:  90 % - Assembling matrices
Memory: 955/1055 1088/1112
---------  Current Progress:  90 % - Matrix factorization
Memory: 888/1055 1062/1112
---------  Current Progress:  90 % - Solving linear system
Memory: 956/1055 1089/1112
  18        0.12     1.2e+04   0.1422437        0.14   34   18   51
---------  Current Progress:  91 % - Assembling matrices
Memory: 955/1055 1088/1112
---------  Current Progress:  91 % - Matrix factorization
Memory: 931/1055 1092/1112
---------  Current Progress:  91 % - Assembling matrices
Memory: 957/1055 1089/1112
  19       0.086     1.1e+04   0.2034453        0.11   36   19   54
---------  Current Progress:  92 % - Assembling matrices
Memory: 955/1055 1088/1112
---------  Current Progress:  92 % - Matrix factorization
Memory: 914/1055 1092/1112
---------  Current Progress:  92 % - Assembling matrices
Memory: 957/1055 1089/1112
  20       0.044     8.3e+03   0.3405936       0.074   38   20   57
---------  Current Progress:  94 % - Assembling matrices
Memory: 956/1055 1088/1112
---------  Current Progress:  94 % - Matrix factorization
Memory: 892/1055 1092/1112
---------  Current Progress:  94 % - Solving linear system
Memory: 956/1055 1088/1112
  21       0.018       5e+03   1.0000000       0.036   39   21   59
---------  Current Progress:  95 % - Assembling matrices
---------  Current Progress:  95 % - Matrix factorization
Memory: 933/1055 1092/1112
---------  Current Progress:  95 % - Assembling matrices
Memory: 957/1055 1089/1112
  22     0.00064          46   1.0000000      0.0056   40   22   61
---------  Current Progress:  98 % - Assembling matrices
Memory: 956/1055 1088/1112
---------  Current Progress:  98 % - Matrix factorization
Memory: 902/1055 1092/1112
---------  Current Progress:  98 % - Solving linear system
Memory: 956/1055 1088/1112
---------  Current Progress:  98 % - Assembling matrices
Memory: 953/1055 1086/1112
  23       7e-07     2.4e-05   1.0000000     0.00076   42   23   63
---------- Current Progress: 100 % - Constraint handling
Memory: 815/1055 923/1112
Solution time: 34 s.
Physical memory: 1.04 GB
Virtual memory: 1.1 GB
Ended at Oct 3, 2026, 11:43:50 AM.
----- Stationary Solver 2 in Study 1/Solution 1 (sol1) ------------------------>
CHECKPOINT: VG native continuation sweep sozlandi (41 nuqta)
<---- Compile Equations: Semiconductor Equilibrium in Study 1/Solution 1 (sol1) -
Started at Oct 3, 2026, 11:43:52 AM.
Geometry shape function: Linear Lagrange
Running on 11th Gen Intel(R) Core(TM) i7-1165G7 at 2.80 GHz.
Using 1 socket with 4 cores in total on WIN-FNSSP1NOF49.
Available memory: 7.97 GB.
           Current Progress:   1 % - Compile Equations: Semiconductor Equilibrium
Memory: 852/1055 920/1112
           Current Progress:   1 % - Creating visualization mesh
Time: 1 s.
Physical memory: 852 MB
Virtual memory: 920 MB
Ended at Oct 3, 2026, 11:43:53 AM.
----- Compile Equations: Semiconductor Equilibrium in Study 1/Solution 1 (sol1) >
<---- Dependent Variables 1 in Study 1/Solution 1 (sol1) -----------------------
Started at Oct 3, 2026, 11:43:53 AM.
           Current Progress:   1 % - Dependent Variables 1
Memory: 857/1055 924/1112
Solution time: 0 s.
Physical memory: 857 MB
Virtual memory: 924 MB
Ended at Oct 3, 2026, 11:43:53 AM.
----- Dependent Variables 1 in Study 1/Solution 1 (sol1) ---------------------->
<---- Stationary Solver 1 in Study 1/Solution 1 (sol1) -------------------------
Started at Oct 3, 2026, 11:43:53 AM.
Nonlinear solver
Number of degrees of freedom solved for: 138873.
           Current Progress:   2 % - Assembling sparsity pattern
Memory: 873/1055 940/1112
Nonsymmetric matrix found.
Scales for dependent variables:
Electron solution variable (comp1.Ne): 2.5e+24
Hole solution variable (comp1.Ph): 2.4e+28
Electric potential (comp1.V): 8e+22
Orthonormal null-space function used.
           Current Progress:   2 % - Matrix factorization
Memory: 909/1055 991/1112
Iter      SolEst      ResEst     Damping    Stepsize #Res #Jac #Sol
           Current Progress:   2 % - Assembling matrices
Memory: 950/1055 1036/1112
   1         1.6     5.2e+15   0.1000000         1.8    2    1    2
           Current Progress:   3 % - Assembling sparsity pattern
Memory: 944/1055 1029/1112
           Current Progress:   3 % - Matrix factorization
Memory: 925/1055 1042/1112
           Current Progress:   3 % - Solving linear system
Memory: 955/1055 1040/1112
   2         3.8     5.6e+04   0.3388280         6.9    3    2    4
           Current Progress:   5 % - Assembling sparsity pattern
Memory: 952/1055 1037/1112
           Current Progress:   5 % - Matrix factorization
Memory: 891/1055 944/1112
           Current Progress:   5 % - Solving linear system
Memory: 926/1055 997/1112
   3         1.6     5.4e+04   0.1000000         1.8    5    3    7
-          Current Progress:  10 % - Matrix factorization
Memory: 892/1055 945/1112
-          Current Progress:  10 % - Solving linear system
Memory: 932/1055 1001/1112
   4         0.5     2.9e+05   0.4526048        0.94    6    4    9
-          Current Progress:  12 % - Assembling matrices
Memory: 928/1055 997/1112
-          Current Progress:  12 % - Matrix factorization
Memory: 920/1055 1002/1112
-          Current Progress:  12 % - Assembling matrices
Memory: 930/1055 1000/1112
   5        0.26     8.4e+05   0.5125713        0.44    7    5   11
-          Current Progress:  12 % - Matrix factorization
Memory: 917/1055 1002/1112
-          Current Progress:  12 % - Assembling matrices
Memory: 930/1055 1000/1112
   6       0.089     2.3e+06   0.9236162         0.6    8    6   13
-          Current Progress:  13 % - Assembling matrices
Memory: 928/1055 997/1112
-          Current Progress:  13 % - Matrix factorization
Memory: 914/1055 1002/1112
-          Current Progress:  13 % - Solving linear system
Memory: 931/1055 1000/1112
   7     0.00075       4e+04   1.0000000       0.083    9    7   15
-          Current Progress:  16 % - Assembling matrices
Memory: 928/1055 997/1112
-          Current Progress:  16 % - Matrix factorization
Memory: 912/1055 1002/1112
-          Current Progress:  16 % - Solving linear system
Memory: 931/1055 1000/1112
-          Current Progress:  16 % - Assembling matrices
Memory: 929/1055 999/1112
   8     3.8e-08     3.6e-05   1.0000000     0.00071   11    8   17
-          Current Progress:  18 % - Constraint handling
Memory: 761/1055 813/1112
Solution time: 8 s.
Physical memory: 956 MB
Virtual memory: 1042 MB
Ended at Oct 3, 2026, 11:44:01 AM.
----- Stationary Solver 1 in Study 1/Solution 1 (sol1) ------------------------>
<---- Compile Equations: Stationary in Study 1/Solution 1 (sol1) ---------------
Started at Oct 3, 2026, 11:44:01 AM.
Geometry shape function: Linear Lagrange
-          Current Progress:  19 % - Compile Equations: Stationary
Memory: 850/1055 905/1112
-          Current Progress:  19 % - Creating visualization mesh
Memory: 851/1055 906/1112
Time: 1 s.
Physical memory: 851 MB
Virtual memory: 906 MB
Ended at Oct 3, 2026, 11:44:02 AM.
----- Compile Equations: Stationary in Study 1/Solution 1 (sol1) -------------->
<---- Dependent Variables 2 in Study 1/Solution 1 (sol1) -----------------------
Started at Oct 3, 2026, 11:44:02 AM.
Initial values of variables solved for: Solution 1 (sol1), Solution Store 1 (sol2).
Values of variables not solved for: Solution 1 (sol1).
-          Current Progress:  19 % - Dependent Variables 2
Memory: 856/1055 911/1112
Solution time: 0 s.
Physical memory: 856 MB
Virtual memory: 911 MB
Ended at Oct 3, 2026, 11:44:02 AM.
----- Dependent Variables 2 in Study 1/Solution 1 (sol1) ---------------------->
<---- Stationary Solver 2 in Study 1/Solution 1 (sol1) -------------------------
Started at Oct 3, 2026, 11:44:02 AM.
Continuation solver
Nonlinear solver
Number of degrees of freedom solved for: 138873.
    
Continuation parameter VG = 80.
--         Current Progress:  20 % - Assembling matrices
Memory: 872/1055 927/1112
--         Current Progress:  20 % - Assembling sparsity pattern
Memory: 878/1055 933/1112
--         Current Progress:  20 % - Assembling matrices
Memory: 905/1055 959/1112
Nonsymmetric matrix found.
Scales for dependent variables:
Electron solution variable (comp1.Ne): 2.7e+25
Hole solution variable (comp1.Ph): 2.9e+29
Electric potential (comp1.V): 3.3e+19
Orthonormal null-space function used.
--         Current Progress:  20 % - Matrix factorization
Memory: 949/1055 1018/1112
Iter      SolEst      ResEst     Damping    Stepsize #Res #Jac #Sol
--         Current Progress:  20 % - Assembling matrices
Memory: 1020/1055 1096/1112
   1         3.5     1.8e+06   0.1000000         4.2    2    1    2
--         Current Progress:  20 % - Assembling sparsity pattern
Memory: 1003/1055 1079/1112
--         Current Progress:  20 % - Assembling matrices
Memory: 1021/1055 1097/1114
--         Current Progress:  20 % - Matrix factorization
Memory: 983/1055 1101/1114
--         Current Progress:  20 % - Assembling matrices
Memory: 1021/1055 1097/1114
   2         0.3     3.6e+04   0.1000000        0.36    4    2    5
--         Current Progress:  20 % - Assembling sparsity pattern
Memory: 1002/1055 1078/1114
--         Current Progress:  20 % - Assembling matrices
Memory: 1006/1055 1068/1114
--         Current Progress:  20 % - Matrix factorization
Memory: 961/1055 1072/1114
--         Current Progress:  20 % - Solving linear system
Memory: 1007/1055 1068/1114
   3         0.3     3.2e+04   0.0739841        0.32    5    3    7
--         Current Progress:  20 % - Assembling matrices
Memory: 1006/1055 1068/1114
--         Current Progress:  20 % - Matrix factorization
Memory: 931/1055 971/1114
--         Current Progress:  20 % - Solving linear system
Memory: 1006/1055 1068/1114
   4        0.39     2.9e+04   0.1297734        0.48    6    4    9
--         Current Progress:  20 % - Assembling matrices
--         Current Progress:  20 % - Matrix factorization
Memory: 979/1055 1072/1114
--         Current Progress:  20 % - Assembling matrices
Memory: 1008/1055 1069/1114
   5        0.31     2.8e+04   0.0987714        0.35    8    5   12
--         Current Progress:  21 % - Assembling matrices
Memory: 1006/1055 1068/1114
--         Current Progress:  21 % - Matrix factorization
Memory: 968/1055 1072/1114
--         Current Progress:  21 % - Assembling matrices
Memory: 1008/1055 1069/1114
   6        0.33     2.6e+04   0.0732271        0.36   10    6   15
--         Current Progress:  21 % - Matrix factorization
Memory: 952/1055 1072/1114
--         Current Progress:  21 % - Solving linear system
Memory: 1007/1055 1068/1114
   7        0.35     2.5e+04   0.0732271        0.38   12    7   18
--         Current Progress:  21 % - Assembling matrices
Memory: 1006/1055 1068/1114
--         Current Progress:  21 % - Matrix factorization
Memory: 1000/1055 1062/1114
--         Current Progress:  21 % - Assembling matrices
Memory: 1008/1055 1069/1114
--         Current Progress:  21 % - Solving linear system
   8        0.35     2.4e+04   0.0732271        0.38   14    8   21
--         Current Progress:  21 % - Assembling matrices
Memory: 1006/1055 1068/1114
--         Current Progress:  21 % - Matrix factorization
Memory: 953/1055 1072/1114
--         Current Progress:  21 % - Solving linear system
Memory: 1007/1055 1068/1114
   9        0.35     2.3e+04   0.0732271        0.38   16    9   24
--         Current Progress:  21 % - Assembling matrices
Memory: 1006/1055 1068/1114
--         Current Progress:  21 % - Matrix factorization
Memory: 927/1055 969/1114
--         Current Progress:  21 % - Assembling matrices
Memory: 1008/1055 1069/1114
--         Current Progress:  21 % - Solving linear system
  10        0.33     2.2e+04   0.0732271        0.36   18   10   27
--         Current Progress:  21 % - Assembling matrices
Memory: 1006/1055 1068/1114
--         Current Progress:  21 % - Matrix factorization
Memory: 983/1055 1072/1114
--         Current Progress:  21 % - Assembling matrices
Memory: 1008/1055 1069/1114
  11        0.31     2.1e+04   0.0732271        0.34   20   11   30
--         Current Progress:  21 % - Matrix factorization
Memory: 960/1055 1072/1114
--         Current Progress:  21 % - Solving linear system
Memory: 1002/1055 1064/1114
--         Current Progress:  21 % - Assembling matrices
Memory: 1008/1055 1069/1114
  12        0.29     1.9e+04   0.0732271        0.32   22   12   33
--         Current Progress:  21 % - Matrix factorization
Memory: 931/1055 971/1114
--         Current Progress:  21 % - Assembling matrices
Memory: 1008/1055 1069/1114
--         Current Progress:  21 % - Solving linear system
  13        0.27     1.8e+04   0.0732271        0.29   24   13   36
--         Current Progress:  21 % - Assembling matrices
Memory: 1006/1055 1068/1114
--         Current Progress:  21 % - Matrix factorization
Memory: 977/1055 1072/1114
--         Current Progress:  21 % - Assembling matrices
Memory: 1008/1055 1069/1114
  14        0.24     1.7e+04   0.0821903        0.27   26   14   39
--         Current Progress:  21 % - Matrix factorization
Memory: 950/1055 1072/1114
--         Current Progress:  21 % - Solving linear system
Memory: 1007/1055 1068/1114
--         Current Progress:  21 % - Assembling matrices
Memory: 1004/1055 1065/1114
  15        0.21     1.6e+04   0.0865937        0.24   28   15   42
--         Current Progress:  21 % - Matrix factorization
Memory: 937/1055 1041/1114
--         Current Progress:  21 % - Solving linear system
Memory: 1008/1055 1069/1114
  16        0.18     1.5e+04   0.1014751        0.21   30   16   45
--         Current Progress:  21 % - Assembling matrices
Memory: 1006/1055 1068/1114
--         Current Progress:  21 % - Matrix factorization
Memory: 987/1055 1072/1114
--         Current Progress:  21 % - Assembling matrices
Memory: 1008/1055 1069/1114
  17        0.15     1.4e+04   0.1075507        0.17   32   17   48
--         Current Progress:  21 % - Matrix factorization
Memory: 975/1055 1072/1114
--         Current Progress:  21 % - Assembling matrices
Memory: 1008/1055 1069/1114
  18        0.12     1.2e+04   0.1422367        0.14   34   18   51
--         Current Progress:  21 % - Matrix factorization
Memory: 966/1055 1072/1114
--         Current Progress:  21 % - Assembling matrices
Memory: 1008/1055 1069/1114
  19       0.086     1.1e+04   0.2034312        0.11   36   19   54
--         Current Progress:  21 % - Matrix factorization
Memory: 948/1055 1072/1114
--         Current Progress:  21 % - Solving linear system
Memory: 1007/1055 1068/1114
  20       0.044     8.3e+03   0.3405539       0.074   38   20   57
--         Current Progress:  21 % - Assembling matrices
Memory: 1006/1055 1068/1114
--         Current Progress:  21 % - Matrix factorization
Memory: 931/1055 971/1114
--         Current Progress:  21 % - Constraint handling
Memory: 1004/1055 1066/1114
  21       0.018       5e+03   1.0000000       0.036   39   21   59
--         Current Progress:  21 % - Assembling matrices
Memory: 1006/1055 1068/1114
--         Current Progress:  21 % - Matrix factorization
Memory: 975/1055 1072/1114
--         Current Progress:  21 % - Assembling matrices
Memory: 1008/1055 1069/1114
  22     0.00064          46   1.0000000      0.0056   40   22   61
--         Current Progress:  22 % - Assembling matrices
Memory: 1006/1055 1068/1114
--         Current Progress:  22 % - Matrix factorization
Memory: 947/1055 1072/1114
--         Current Progress:  22 % - Solving linear system
Memory: 1007/1055 1068/1114
  23       7e-07     2.4e-05   1.0000000     0.00076   42   23   63
    
Continuation parameter VG = 76.
--         Current Progress:  22 % - Assembling matrices
--         Current Progress:  22 % - Matrix factorization
Memory: 973/1055 1072/1114
Iter      SolEst      ResEst     Damping    Stepsize #Res #Jac #Sol
--         Current Progress:  22 % - Assembling matrices
Memory: 1009/1055 1070/1114
   1      0.0007     1.8e+12   1.0000000       0.017   44   24   65
--         Current Progress:  22 % - Matrix factorization
Memory: 949/1055 1075/1114
--         Current Progress:  22 % - Solving linear system
Memory: 1010/1055 1071/1114
   2     1.8e-06          13   1.0000000     0.00073   45   25   67
--         Current Progress:  22 % - Assembling matrices
Memory: 1009/1055 1070/1114
--         Current Progress:  22 % - Matrix factorization
Memory: 992/1055 1074/1114
--         Current Progress:  22 % - Assembling matrices
Memory: 1010/1055 1071/1114
   3     1.2e-12     2.3e-06   1.0000000     1.8e-06   47   26   69
    
Continuation parameter VG = 72.
--         Current Progress:  24 % - Assembling matrices
Memory: 1006/1055 1068/1114
--         Current Progress:  24 % - Matrix factorization
Memory: 1003/1055 1064/1114
Iter      SolEst      ResEst     Damping    Stepsize #Res #Jac #Sol
--         Current Progress:  24 % - Assembling matrices
Memory: 1009/1055 1070/1114
   1     0.00079       2e+14   1.0000000       0.018   49   27   71
--         Current Progress:  24 % - Matrix factorization
Memory: 975/1055 1075/1114
--         Current Progress:  24 % - Assembling matrices
Memory: 1010/1055 1071/1114
   2     2.1e-06          12   1.0000000     0.00082   50   28   73
--         Current Progress:  24 % - Matrix factorization
Memory: 950/1055 1074/1114
--         Current Progress:  24 % - Solving linear system
Memory: 1009/1055 1070/1114
   3     1.7e-12       2e-06   1.0000000     2.1e-06   52   29   75
    
Continuation parameter VG = 68.
--         Current Progress:  26 % - Assembling matrices
Memory: 1008/1055 1069/1114
--         Current Progress:  26 % - Matrix factorization
Memory: 977/1055 1073/1114
Iter      SolEst      ResEst     Damping    Stepsize #Res #Jac #Sol
--         Current Progress:  26 % - Assembling matrices
Memory: 1010/1055 1071/1114
   1      0.0009     2.1e+14   1.0000000       0.019   54   30   77
--         Current Progress:  26 % - Matrix factorization
Memory: 943/1055 1046/1114
--         Current Progress:  26 % - Solving linear system
Memory: 1011/1055 1072/1114
   2     2.4e-06          11   1.0000000     0.00094   55   31   79
--         Current Progress:  26 % - Assembling matrices
Memory: 1010/1055 1071/1114
--         Current Progress:  26 % - Matrix factorization
Memory: 988/1055 1075/1114
--         Current Progress:  26 % - Assembling matrices
Memory: 1011/1055 1072/1114
   3     2.4e-12     1.6e-06   1.0000000     2.4e-06   57   32   81
    
Continuation parameter VG = 64.
--         Current Progress:  28 % - Assembling matrices
Memory: 1009/1055 1070/1114
--         Current Progress:  28 % - Matrix factorization
Memory: 954/1055 1074/1114
Iter      SolEst      ResEst     Damping    Stepsize #Res #Jac #Sol
--         Current Progress:  28 % - Solving linear system
Memory: 1007/1055 1068/1114
   1       0.001     2.2e+14   1.0000000        0.02   59   33   83
--         Current Progress:  28 % - Assembling matrices
Memory: 1012/1055 1073/1114
--         Current Progress:  28 % - Matrix factorization
Memory: 965/1055 1077/1114
--         Current Progress:  28 % - Solving linear system
Memory: 1012/1055 1073/1114
   2     2.8e-06          10   1.0000000      0.0011   60   34   85
--         Current Progress:  28 % - Assembling matrices
Memory: 1011/1055 1072/1114
--         Current Progress:  28 % - Matrix factorization
Memory: 976/1055 1076/1114
--         Current Progress:  28 % - Assembling matrices
Memory: 1012/1055 1073/1114
   3     2.9e-12     1.2e-06   1.0000000     2.8e-06   62   35   87
    
Continuation parameter VG = 60.
--         Current Progress:  29 % - Assembling matrices
Memory: 1010/1055 1071/1114
--         Current Progress:  29 % - Matrix factorization
Memory: 967/1055 1075/1114
Iter      SolEst      ResEst     Damping    Stepsize #Res #Jac #Sol
--         Current Progress:  29 % - Solving linear system
Memory: 1007/1055 1068/1114
   1      0.0012     2.3e+14   1.0000000       0.022   64   36   89
---        Current Progress:  30 % - Assembling matrices
Memory: 1013/1055 1074/1114
---        Current Progress:  30 % - Matrix factorization
Memory: 962/1055 1078/1114
---        Current Progress:  30 % - Solving linear system
Memory: 1012/1055 1073/1114
   2     3.1e-06          10   1.0000000      0.0012   65   37   91
---        Current Progress:  30 % - Assembling matrices
---        Current Progress:  30 % - Matrix factorization
Memory: 937/1055 976/1114
---        Current Progress:  30 % - Assembling matrices
Memory: 1013/1055 1074/1114
   3     3.3e-12     1.1e-06   1.0000000     3.1e-06   67   38   93
    
Continuation parameter VG = 56.
---        Current Progress:  31 % - Assembling matrices
Memory: 1011/1055 1072/1114
---        Current Progress:  31 % - Matrix factorization
Memory: 968/1055 1076/1114
Iter      SolEst      ResEst     Damping    Stepsize #Res #Jac #Sol
---        Current Progress:  31 % - Solving linear system
Memory: 1008/1055 1070/1114
   1      0.0014     2.4e+14   1.0000000       0.023   69   39   95
---        Current Progress:  32 % - Assembling matrices
Memory: 1014/1055 1075/1114
---        Current Progress:  32 % - Matrix factorization
Memory: 947/1055 1079/1114
---        Current Progress:  32 % - Solving linear system
Memory: 1014/1055 1075/1114
   2     3.5e-06         9.9   1.0000000      0.0014   70   40   97
---        Current Progress:  32 % - Assembling matrices
Memory: 1013/1055 1074/1114
---        Current Progress:  32 % - Matrix factorization
Memory: 991/1055 1078/1114
---        Current Progress:  32 % - Assembling matrices
Memory: 1014/1055 1076/1114
   3     3.3e-12     8.7e-07   1.0000000     3.5e-06   72   41   99
    
Continuation parameter VG = 52.
---        Current Progress:  33 % - Assembling matrices
Memory: 1012/1055 1073/1114
---        Current Progress:  33 % - Matrix factorization
Memory: 957/1055 1077/1114
Iter      SolEst      ResEst     Damping    Stepsize #Res #Jac #Sol
---        Current Progress:  33 % - Solving linear system
Memory: 1013/1055 1074/1114
   1      0.0016     2.5e+14   1.0000000       0.025   74   42  101
---        Current Progress:  34 % - Solving linear system
Memory: 1005/1055 1072/1114
---        Current Progress:  34 % - Assembling matrices
Memory: 1015/1055 1076/1114
---        Current Progress:  34 % - Matrix factorization
Memory: 996/1055 1070/1114
---        Current Progress:  34 % - Assembling matrices
Memory: 1015/1055 1077/1114
   2     3.9e-06         9.6   1.0000000      0.0016   75   43  103
---        Current Progress:  34 % - Matrix factorization
Memory: 983/1055 1079/1114
---        Current Progress:  34 % - Assembling matrices
Memory: 1015/1055 1077/1114
   3     2.9e-12     7.7e-07   1.0000000     3.9e-06   77   44  105
    
Continuation parameter VG = 48.
---        Current Progress:  35 % - Assembling matrices
Memory: 1013/1055 1074/1114
---        Current Progress:  35 % - Matrix factorization
Memory: 945/1055 1049/1114
Iter      SolEst      ResEst     Damping    Stepsize #Res #Jac #Sol
---        Current Progress:  35 % - Assembling matrices
Memory: 1015/1055 1077/1114
   1      0.0018     2.6e+14   1.0000000       0.027   79   45  107
---        Current Progress:  36 % - Assembling matrices
Memory: 1016/1055 1077/1114
---        Current Progress:  36 % - Matrix factorization
Memory: 976/1055 1081/1114
---        Current Progress:  36 % - Assembling matrices
Memory: 1016/1055 1078/1114
   2     4.2e-06         9.1   1.0000000      0.0019   80   46  109
---        Current Progress:  36 % - Matrix factorization
Memory: 951/1055 1080/1114
---        Current Progress:  36 % - Solving linear system
Memory: 1015/1055 1077/1114
   3     3.2e-12     5.7e-07   1.0000000     4.2e-06   82   47  111
    
Continuation parameter VG = 44.
---        Current Progress:  37 % - Assembling matrices
Memory: 1014/1055 1076/1114
---        Current Progress:  37 % - Matrix factorization
Memory: 992/1055 1079/1114
Iter      SolEst      ResEst     Damping    Stepsize #Res #Jac #Sol
---        Current Progress:  37 % - Assembling matrices
Memory: 1016/1055 1078/1114
   1      0.0021     2.7e+14   1.0000000        0.03   84   48  113
---        Current Progress:  37 % - Matrix factorization
Memory: 970/1055 1082/1114
---        Current Progress:  37 % - Solving linear system
Memory: 1016/1055 1078/1114
   2     4.5e-06         8.4   1.0000000      0.0022   85   49  115
---        Current Progress:  38 % - Assembling matrices
Memory: 1016/1055 1077/1114
---        Current Progress:  38 % - Matrix factorization
Memory: 949/1055 1052/1114
---        Current Progress:  38 % - Solving linear system
Memory: 1017/1055 1079/1114
   3     5.9e-12     5.2e-07   1.0000000     4.5e-06   87   50  117
---        Current Progress:  39 % - Constraint handling
Memory: 1008/1055 1069/1114
    
Continuation parameter VG = 40.
---        Current Progress:  39 % - Assembling matrices
Memory: 1006/1055 1068/1114
---        Current Progress:  39 % - Matrix factorization
Memory: 951/1055 1072/1114
Iter      SolEst      ResEst     Damping    Stepsize #Res #Jac #Sol
---        Current Progress:  39 % - Solving linear system
Memory: 1008/1055 1069/1114
   1      0.0024     2.8e+14   1.0000000       0.032   89   51  119
---        Current Progress:  39 % - Assembling sparsity pattern
Memory: 993/1055 1054/1114
---        Current Progress:  39 % - Assembling matrices
Memory: 1010/1055 1071/1114
---        Current Progress:  39 % - Matrix factorization
Memory: 954/1055 1075/1114
---        Current Progress:  39 % - Solving linear system
Memory: 1009/1055 1070/1114
   2     4.7e-06         7.6   1.0000000      0.0025   90   52  121
----       Current Progress:  40 % - Assembling matrices
----       Current Progress:  40 % - Constraint handling
Memory: 1004/1055 1080/1114
----       Current Progress:  40 % - Matrix factorization
Memory: 997/1055 1074/1114
----       Current Progress:  40 % - Assembling matrices
Memory: 1010/1055 1071/1114
   3     1.1e-11     2.9e-07   1.0000000     4.7e-06   92   53  123
    
Continuation parameter VG = 36.
----       Current Progress:  41 % - Assembling matrices
Memory: 1006/1055 1067/1114
----       Current Progress:  41 % - Matrix factorization
Memory: 948/1055 1073/1114
Iter      SolEst      ResEst     Damping    Stepsize #Res #Jac #Sol
----       Current Progress:  41 % - Solving linear system
Memory: 1009/1055 1070/1114
   1      0.0028     2.9e+14   1.0000000       0.035   94   54  125
----       Current Progress:  41 % - Assembling matrices
Memory: 1011/1055 1072/1114
----       Current Progress:  41 % - Matrix factorization
Memory: 982/1055 1066/1114
----       Current Progress:  41 % - Assembling matrices
Memory: 1011/1055 1072/1114
   2       5e-06         6.7   1.0000000      0.0029   95   55  127
----       Current Progress:  42 % - Assembling matrices
Memory: 1010/1055 1071/1114
----       Current Progress:  42 % - Matrix factorization
Memory: 967/1055 1075/1114
----       Current Progress:  42 % - Assembling matrices
Memory: 1011/1055 1072/1114
   3     1.8e-11     2.5e-07   1.0000000       5e-06   97   56  129
    
Continuation parameter VG = 32.
----       Current Progress:  43 % - Constraint handling
Memory: 1004/1055 1066/1114
----       Current Progress:  43 % - Assembling matrices
Memory: 1009/1055 1070/1114
----       Current Progress:  43 % - Constraint handling
Memory: 1006/1055 1073/1114
----       Current Progress:  43 % - Matrix factorization
Memory: 999/1055 1074/1114
Iter      SolEst      ResEst     Damping    Stepsize #Res #Jac #Sol
----       Current Progress:  43 % - Assembling matrices
Memory: 1011/1055 1072/1114
   1      0.0033       3e+14   1.0000000       0.038   99   57  131
----       Current Progress:  43 % - Matrix factorization
Memory: 973/1055 1077/1114
----       Current Progress:  43 % - Assembling matrices
Memory: 1012/1055 1073/1114
   2     5.6e-06         5.9   1.0000000      0.0034  100   58  133
----       Current Progress:  44 % - Assembling matrices
Memory: 1011/1055 1072/1114
----       Current Progress:  44 % - Matrix factorization
Memory: 944/1055 1046/1114
----       Current Progress:  44 % - Solving linear system
Memory: 1010/1055 1073/1114
   3     2.6e-11     2.6e-07   1.0000000     5.6e-06  102   59  135
    
Continuation parameter VG = 28.
----       Current Progress:  45 % - Assembling matrices
Memory: 1010/1055 1071/1114
----       Current Progress:  45 % - Matrix factorization
Memory: 950/1055 1075/1114
Iter      SolEst      ResEst     Damping    Stepsize #Res #Jac #Sol
----       Current Progress:  45 % - Solving linear system
Memory: 1010/1055 1075/1114
   1      0.0038     3.1e+14   1.0000000       0.041  104   60  137
----       Current Progress:  45 % - Assembling matrices
Memory: 1013/1055 1074/1114
----       Current Progress:  45 % - Matrix factorization
Memory: 992/1055 1078/1114
----       Current Progress:  45 % - Assembling matrices
Memory: 1013/1055 1075/1114
   2     6.7e-06         5.6   1.0000000      0.0039  105   61  139
----       Current Progress:  46 % - Assembling matrices
Memory: 1012/1055 1073/1114
----       Current Progress:  46 % - Matrix factorization
Memory: 961/1055 1077/1114
----       Current Progress:  46 % - Solving linear system
Memory: 1012/1055 1073/1114
----       Current Progress:  46 % - Assembling matrices
   3     3.6e-11     1.8e-07   1.0000000     6.7e-06  107   62  141
    
Continuation parameter VG = 24.
----       Current Progress:  47 % - Assembling matrices
Memory: 1011/1055 1072/1114
----       Current Progress:  47 % - Matrix factorization
Memory: 995/1055 1076/1114
Iter      SolEst      ResEst     Damping    Stepsize #Res #Jac #Sol
----       Current Progress:  47 % - Assembling matrices
Memory: 1014/1055 1075/1114
   1      0.0043     3.3e+14   1.0000000       0.045  109   63  143
----       Current Progress:  47 % - Matrix factorization
Memory: 962/1055 1079/1114
----       Current Progress:  47 % - Solving linear system
Memory: 1013/1055 1074/1114
   2     8.5e-06         5.9   1.0000000      0.0044  110   64  145
----       Current Progress:  47 % - Assembling matrices
----       Current Progress:  47 % - Matrix factorization
Memory: 938/1055 978/1114
----       Current Progress:  47 % - Assembling matrices
Memory: 1015/1055 1076/1114
   3     4.8e-11     1.7e-07   1.0000000     8.5e-06  112   65  147
    
Continuation parameter VG = 20.
----       Current Progress:  49 % - Assembling matrices
Memory: 1012/1055 1073/1114
----       Current Progress:  49 % - Matrix factorization
Memory: 969/1055 1077/1114
Iter      SolEst      ResEst     Damping    Stepsize #Res #Jac #Sol
----       Current Progress:  49 % - Solving linear system
Memory: 1010/1055 1071/1114
   1      0.0049     3.5e+14   1.0000000       0.048  114   66  149
----       Current Progress:  49 % - Assembling matrices
Memory: 1015/1055 1076/1114
----       Current Progress:  49 % - Matrix factorization
Memory: 951/1055 1080/1114
----       Current Progress:  49 % - Solving linear system
Memory: 1014/1055 1076/1114
   2     1.1e-05         6.7   1.0000000      0.0051  115   67  151
----       Current Progress:  49 % - Assembling matrices
Memory: 1014/1055 1075/1114
----       Current Progress:  49 % - Matrix factorization
Memory: 997/1055 1079/1114
----       Current Progress:  49 % - Assembling matrices
Memory: 1016/1055 1077/1114
   3       6e-11     1.4e-07   1.0000000     1.1e-05  117   68  153
    
Continuation parameter VG = 16.
-----      Current Progress:  51 % - Assembling matrices
Memory: 1013/1055 1074/1114
-----      Current Progress:  51 % - Matrix factorization
Memory: 965/1055 1078/1114
Iter      SolEst      ResEst     Damping    Stepsize #Res #Jac #Sol
-----      Current Progress:  51 % - Solving linear system
Memory: 1015/1055 1076/1114
   1      0.0056     3.9e+14   1.0000000       0.052  119   69  155
-----      Current Progress:  51 % - Assembling matrices
Memory: 1016/1055 1077/1114
-----      Current Progress:  51 % - Matrix factorization
Memory: 949/1055 1052/1114
-----      Current Progress:  51 % - Solving linear system
Memory: 1017/1055 1078/1114
   2     1.4e-05         7.9   1.0000000      0.0057  120   70  157
-----      Current Progress:  51 % - Assembling matrices
Memory: 1015/1055 1076/1114
-----      Current Progress:  51 % - Matrix factorization
Memory: 989/1055 1080/1114
-----      Current Progress:  51 % - Assembling matrices
Memory: 1017/1055 1078/1114
   3     7.1e-11     7.4e-08   1.0000000     1.4e-05  122   71  159
    
Continuation parameter VG = 12.
-----      Current Progress:  53 % - Assembling matrices
Memory: 1014/1055 1075/1114
-----      Current Progress:  53 % - Matrix factorization
Memory: 951/1055 1079/1114
Iter      SolEst      ResEst     Damping    Stepsize #Res #Jac #Sol
-----      Current Progress:  53 % - Solving linear system
Memory: 1019/1055 1080/1114
   1      0.0063     4.7e+14   1.0000000       0.057  124   72  161
-----      Current Progress:  53 % - Assembling matrices
Memory: 1017/1055 1078/1114
-----      Current Progress:  53 % - Matrix factorization
Memory: 1002/1055 1082/1114
-----      Current Progress:  53 % - Assembling matrices
Memory: 1018/1055 1079/1114
   2     1.7e-05         9.2   1.0000000      0.0064  125   73  163
-----      Current Progress:  53 % - Matrix factorization
Memory: 976/1055 1081/1114
-----      Current Progress:  53 % - Assembling matrices
Memory: 1018/1055 1079/1114
   3     8.2e-11     8.2e-08   1.0000000     1.7e-05  127   74  165
    
Continuation parameter VG = 8.
-----      Current Progress:  55 % - Assembling matrices
Memory: 1007/1055 1068/1114
-----      Current Progress:  55 % - Constraint handling
Memory: 1002/1055 1064/1114
-----      Current Progress:  55 % - Matrix factorization
Memory: 990/1055 1072/1114
Iter      SolEst      ResEst     Damping    Stepsize #Res #Jac #Sol
-----      Current Progress:  55 % - Assembling matrices
Memory: 1009/1055 1070/1114
   1       0.007     5.5e+14   1.0000000       0.061  129   75  167
-----      Current Progress:  55 % - Matrix factorization
Memory: 972/1055 1075/1114
-----      Current Progress:  55 % - Assembling matrices
Memory: 1010/1055 1071/1114
   2       2e-05          10   1.0000000      0.0071  130   76  169
-----      Current Progress:  55 % - Matrix factorization
Memory: 950/1055 1074/1114
-----      Current Progress:  55 % - Solving linear system
Memory: 1009/1055 1070/1114
   3       9e-11     4.7e-08   1.0000000       2e-05  132   77  171
    
Continuation parameter VG = 4.
-----      Current Progress:  57 % - Assembling matrices
Memory: 1008/1055 1069/1114
-----      Current Progress:  57 % - Matrix factorization
Memory: 992/1055 1073/1114
Iter      SolEst      ResEst     Damping    Stepsize #Res #Jac #Sol
-----      Current Progress:  57 % - Assembling matrices
Memory: 1010/1055 1071/1114
   1      0.0077     6.5e+14   1.0000000       0.065  134   78  173
-----      Current Progress:  57 % - Matrix factorization
Memory: 973/1055 1076/1114
-----      Current Progress:  57 % - Assembling matrices
Memory: 1011/1055 1072/1114
   2     2.3e-05          12   1.0000000      0.0078  135   79  175
-----      Current Progress:  57 % - Matrix factorization
Memory: 947/1055 1075/1114
-----      Current Progress:  57 % - Solving linear system
Memory: 1011/1055 1072/1114
   3     9.5e-11     3.3e-08   1.0000000     2.3e-05  137   80  177
    
Continuation parameter VG = 0.
-----      Current Progress:  59 % - Assembling matrices
Memory: 1009/1055 1070/1114
-----      Current Progress:  59 % - Matrix factorization
Memory: 963/1055 1074/1114
Iter      SolEst      ResEst     Damping    Stepsize #Res #Jac #Sol
-----      Current Progress:  59 % - Solving linear system
Memory: 1007/1055 1068/1114
   1      0.0083     8.1e+14   1.0000000       0.069  139   81  179
-----      Current Progress:  59 % - Assembling matrices
Memory: 1012/1055 1073/1114
-----      Current Progress:  59 % - Matrix factorization
Memory: 946/1055 1077/1114
-----      Current Progress:  59 % - Solving linear system
Memory: 1012/1055 1073/1114
   2     2.6e-05          12   1.0000000      0.0083  140   82  181
-----      Current Progress:  59 % - Assembling matrices
Memory: 1011/1055 1072/1114
-----      Current Progress:  59 % - Matrix factorization
Memory: 992/1055 1076/1114
-----      Current Progress:  59 % - Assembling matrices
Memory: 1012/1055 1073/1114
   3     9.6e-11     3.5e-08   1.0000000     2.6e-05  142   83  183
    
Continuation parameter VG = -4.
------     Current Progress:  61 % - Assembling matrices
Memory: 1010/1055 1071/1114
------     Current Progress:  61 % - Matrix factorization
Memory: 965/1055 1075/1114
Iter      SolEst      ResEst     Damping    Stepsize #Res #Jac #Sol
------     Current Progress:  61 % - Solving linear system
Memory: 1011/1055 1072/1114
   1      0.0087       9e+14   1.0000000       0.072  144   84  185
------     Current Progress:  61 % - Assembling matrices
Memory: 1013/1055 1074/1114
------     Current Progress:  61 % - Matrix factorization
Memory: 949/1055 1078/1114
------     Current Progress:  61 % - Solving linear system
Memory: 1013/1055 1075/1114
   2     2.8e-05          13   1.0000000      0.0088  145   85  187
------     Current Progress:  61 % - Assembling matrices
Memory: 1012/1055 1073/1114
------     Current Progress:  61 % - Matrix factorization
Memory: 990/1055 1077/1114
------     Current Progress:  61 % - Assembling matrices
Memory: 1013/1055 1075/1114
   3     9.5e-11     2.6e-08   1.0000000     2.8e-05  147   86  189
    
Continuation parameter VG = -8.
------     Current Progress:  63 % - Assembling matrices
Memory: 1011/1055 1072/1114
------     Current Progress:  63 % - Matrix factorization
Memory: 959/1055 1076/1114
Iter      SolEst      ResEst     Damping    Stepsize #Res #Jac #Sol
------     Current Progress:  63 % - Solving linear system
Memory: 1012/1055 1073/1114
   1      0.0091     1.1e+15   1.0000000       0.074  149   87  191
------     Current Progress:  63 % - Assembling matrices
Memory: 1014/1055 1075/1114
------     Current Progress:  63 % - Constraint handling
Memory: 1010/1055 1071/1114
------     Current Progress:  63 % - Matrix factorization
Memory: 1003/1055 1079/1114
------     Current Progress:  63 % - Assembling matrices
Memory: 1015/1055 1076/1114
   2       3e-05          14   1.0000000      0.0092  150   88  193
------     Current Progress:  63 % - Matrix factorization
Memory: 980/1055 1078/1114
------     Current Progress:  63 % - Assembling matrices
Memory: 1015/1055 1076/1114
   3       9e-11     2.6e-08   1.0000000       3e-05  152   89  195
    
Continuation parameter VG = -12.
------     Current Progress:  65 % - Assembling matrices
Memory: 1012/1055 1073/1114
------     Current Progress:  65 % - Matrix factorization
Memory: 953/1055 1077/1114
Iter      SolEst      ResEst     Damping    Stepsize #Res #Jac #Sol
------     Current Progress:  65 % - Solving linear system
Memory: 1013/1055 1075/1114
   1      0.0094     1.3e+15   1.0000000       0.077  154   90  197
------     Current Progress:  65 % - Assembling matrices
Memory: 1015/1055 1076/1114
------     Current Progress:  65 % - Matrix factorization
Memory: 996/1055 1080/1114
------     Current Progress:  65 % - Assembling matrices
Memory: 1016/1055 1077/1114
   2     3.1e-05          14   1.0000000      0.0095  155   91  199
------     Current Progress:  65 % - Matrix factorization
Memory: 972/1055 1079/1114
------     Current Progress:  65 % - Assembling matrices
Memory: 1016/1055 1077/1114
   3     8.4e-11     2.5e-08   1.0000000     3.1e-05  157   92  201
    
Continuation parameter VG = -16.
------     Current Progress:  67 % - Assembling matrices
Memory: 1013/1055 1074/1114
------     Current Progress:  67 % - Matrix factorization
Memory: 946/1055 1049/1114
Iter      SolEst      ResEst     Damping    Stepsize #Res #Jac #Sol
------     Current Progress:  67 % - Solving linear system
Memory: 1018/1055 1079/1114
   1      0.0096     1.5e+15   1.0000000       0.078  159   93  203
------     Current Progress:  67 % - Assembling matrices
Memory: 1016/1055 1077/1114
------     Current Progress:  67 % - Matrix factorization
Memory: 1002/1055 1081/1114
------     Current Progress:  67 % - Assembling matrices
Memory: 1017/1055 1078/1114
   2     3.1e-05          14   1.0000000      0.0097  160   94  205
------     Current Progress:  67 % - Matrix factorization
Memory: 983/1055 1080/1114
------     Current Progress:  67 % - Assembling matrices
Memory: 1017/1055 1078/1114
   3     7.7e-11     2.8e-08   1.0000000     3.1e-05  162   95  207
    
Continuation parameter VG = -20.
------     Current Progress:  69 % - Assembling matrices
Memory: 1014/1055 1075/1114
------     Current Progress:  69 % - Matrix factorization
Memory: 952/1055 1079/1114
Iter      SolEst      ResEst     Damping    Stepsize #Res #Jac #Sol
------     Current Progress:  69 % - Solving linear system
Memory: 1016/1055 1077/1114
   1      0.0097     1.6e+15   1.0000000       0.079  164   96  209
------     Current Progress:  69 % - Assembling matrices
Memory: 1017/1055 1078/1114
------     Current Progress:  69 % - Constraint handling
Memory: 1011/1055 1072/1114
------     Current Progress:  69 % - Matrix factorization
Memory: 1006/1055 1082/1114
------     Current Progress:  69 % - Assembling matrices
Memory: 1018/1055 1079/1114
   2     3.1e-05          14   1.0000000      0.0098  165   97  211
------     Current Progress:  69 % - Matrix factorization
Memory: 987/1055 1081/1114
------     Current Progress:  69 % - Assembling matrices
Memory: 1018/1055 1079/1114
   3     6.9e-11     3.2e-08   1.0000000     3.1e-05  167   98  213
    
Continuation parameter VG = -24.
-------    Current Progress:  71 % - Assembling matrices
Memory: 1007/1055 1068/1114
-------    Current Progress:  71 % - Matrix factorization
Memory: 939/1055 1042/1114
Iter      SolEst      ResEst     Damping    Stepsize #Res #Jac #Sol
-------    Current Progress:  71 % - Solving linear system
Memory: 1009/1055 1071/1114
   1      0.0098     1.8e+15   1.0000000        0.08  169   99  215
-------    Current Progress:  71 % - Assembling matrices
Memory: 1010/1055 1071/1114
-------    Current Progress:  71 % - Matrix factorization
Memory: 985/1055 1075/1114
-------    Current Progress:  71 % - Assembling matrices
Memory: 1010/1055 1071/1114
   2     3.2e-05          14   1.0000000      0.0099  170  100  217
-------    Current Progress:  71 % - Matrix factorization
Memory: 965/1055 1074/1114
-------    Current Progress:  71 % - Solving linear system
Memory: 1009/1055 1070/1114
-------    Current Progress:  71 % - Assembling matrices
   3     6.2e-11     3.6e-08   1.0000000     3.2e-05  172  101  219
    
Continuation parameter VG = -28.
-------    Current Progress:  73 % - Assembling matrices
Memory: 1008/1055 1069/1114
-------    Current Progress:  73 % - Assembling sparsity pattern
Memory: 993/1055 1054/1114
-------    Current Progress:  73 % - Assembling matrices
Memory: 1008/1055 1069/1114
-------    Current Progress:  73 % - Matrix factorization
Memory: 955/1055 1073/1114
Iter      SolEst      ResEst     Damping    Stepsize #Res #Jac #Sol
-------    Current Progress:  73 % - Solving linear system
Memory: 1009/1055 1070/1114
   1      0.0097       2e+15   1.0000000        0.08  174  102  221
-------    Current Progress:  73 % - Assembling matrices
Memory: 1011/1055 1072/1114
-------    Current Progress:  73 % - Constraint handling
Memory: 1006/1055 1067/1114
-------    Current Progress:  73 % - Matrix factorization
Memory: 994/1055 1076/1114
-------    Current Progress:  73 % - Assembling matrices
Memory: 1011/1055 1072/1114
   2     3.2e-05          14   1.0000000      0.0098  175  103  223
-------    Current Progress:  73 % - Matrix factorization
Memory: 973/1055 1075/1114
-------    Current Progress:  73 % - Assembling matrices
Memory: 1011/1055 1072/1114
   3     5.5e-11     4.2e-08   1.0000000     3.2e-05  177  104  225
    
Continuation parameter VG = -32.
-------    Current Progress:  75 % - Assembling matrices
Memory: 1009/1055 1070/1114
-------    Current Progress:  75 % - Matrix factorization
Memory: 936/1055 1044/1114
Iter      SolEst      ResEst     Damping    Stepsize #Res #Jac #Sol
-------    Current Progress:  75 % - Solving linear system
Memory: 1012/1055 1078/1114
   1      0.0096     2.2e+15   1.0000000       0.079  179  105  227
-------    Current Progress:  75 % - Assembling matrices
Memory: 1012/1055 1073/1114
-------    Current Progress:  75 % - Matrix factorization
Memory: 992/1055 1077/1114
-------    Current Progress:  75 % - Assembling matrices
Memory: 1012/1055 1073/1114
   2     3.2e-05          13   1.0000000      0.0098  180  106  229
-------    Current Progress:  75 % - Matrix factorization
Memory: 969/1055 1076/1114
-------    Current Progress:  75 % - Assembling matrices
Memory: 1012/1055 1073/1114
   3     4.9e-11     4.8e-08   1.0000000     3.2e-05  182  107  231
    
Continuation parameter VG = -36.
-------    Current Progress:  76 % - Assembling matrices
Memory: 1010/1055 1071/1114
-------    Current Progress:  76 % - Matrix factorization
Memory: 944/1055 1075/1114
Iter      SolEst      ResEst     Damping    Stepsize #Res #Jac #Sol
-------    Current Progress:  76 % - Solving linear system
Memory: 1011/1055 1072/1114
   1      0.0095     2.3e+15   1.0000000       0.078  184  108  233
-------    Current Progress:  77 % - Assembling matrices
Memory: 1013/1055 1074/1114
-------    Current Progress:  77 % - Matrix factorization
Memory: 956/1055 1078/1114
-------    Current Progress:  77 % - Solving linear system
Memory: 1011/1055 1072/1114
   2     3.2e-05          13   1.0000000      0.0097  185  109  235
-------    Current Progress:  77 % - Assembling matrices
Memory: 1012/1055 1073/1114
-------    Current Progress:  77 % - Matrix factorization
Memory: 973/1055 1077/1114
-------    Current Progress:  77 % - Assembling matrices
Memory: 1014/1055 1075/1114
   3     4.2e-11     5.6e-08   1.0000000     3.1e-05  187  110  237
    
Continuation parameter VG = -40.
-------    Current Progress:  78 % - Assembling matrices
Memory: 1011/1055 1072/1114
-------    Current Progress:  78 % - Matrix factorization
Memory: 971/1055 1076/1114
Iter      SolEst      ResEst     Damping    Stepsize #Res #Jac #Sol
-------    Current Progress:  78 % - Assembling matrices
Memory: 1013/1055 1075/1114
   1      0.0093     2.4e+15   1.0000000       0.077  189  111  239
-------    Current Progress:  79 % - Assembling matrices
Memory: 1014/1055 1075/1114
-------    Current Progress:  79 % - Matrix factorization
Memory: 982/1055 1079/1114
-------    Current Progress:  79 % - Assembling matrices
Memory: 1015/1055 1076/1114
   2     3.1e-05          12   1.0000000      0.0095  190  112  241
-------    Current Progress:  79 % - Matrix factorization
Memory: 959/1055 1078/1114
-------    Current Progress:  79 % - Assembling matrices
Memory: 1015/1055 1076/1114
   3     3.5e-11     6.5e-08   1.0000000     3.1e-05  192  113  243
    
Continuation parameter VG = -44.
--------   Current Progress:  80 % - Assembling matrices
Memory: 1012/1055 1073/1114
--------   Current Progress:  80 % - Matrix factorization
Memory: 968/1055 1077/1114
Iter      SolEst      ResEst     Damping    Stepsize #Res #Jac #Sol
--------   Current Progress:  80 % - Solving linear system
Memory: 1010/1055 1071/1114
   1      0.0089     2.6e+15   1.0000000       0.074  194  114  245
--------   Current Progress:  81 % - Assembling matrices
Memory: 1015/1055 1076/1114
--------   Current Progress:  81 % - Matrix factorization
Memory: 941/1055 1051/1114
--------   Current Progress:  81 % - Solving linear system
Memory: 1016/1055 1077/1114
   2     3.1e-05          12   1.0000000      0.0092  195  115  247
--------   Current Progress:  81 % - Assembling matrices
Memory: 1014/1055 1075/1114
--------   Current Progress:  81 % - Matrix factorization
Memory: 989/1055 1079/1114
--------   Current Progress:  81 % - Assembling matrices
Memory: 1016/1055 1077/1114
   3     2.8e-11     6.5e-08   1.0000000     2.9e-05  197  116  249
    
Continuation parameter VG = -48.
--------   Current Progress:  82 % - Assembling matrices
Memory: 1013/1055 1074/1114
--------   Current Progress:  82 % - Matrix factorization
Memory: 949/1055 1078/1114
Iter      SolEst      ResEst     Damping    Stepsize #Res #Jac #Sol
--------   Current Progress:  82 % - Solving linear system
Memory: 1018/1055 1079/1114
   1      0.0087     2.6e+15   1.0000000       0.072  199  117  251
--------   Current Progress:  83 % - Assembling matrices
Memory: 1016/1055 1077/1114
--------   Current Progress:  83 % - Matrix factorization
Memory: 992/1055 1081/1114
--------   Current Progress:  83 % - Assembling matrices
Memory: 1017/1055 1078/1114
   2     2.9e-05          11   1.0000000       0.009  200  118  253
--------   Current Progress:  83 % - Matrix factorization
Memory: 962/1055 1080/1114
--------   Current Progress:  83 % - Assembling matrices
Memory: 1017/1055 1078/1114
   3     2.1e-11       7e-08   1.0000000     2.8e-05  202  119  255
    
Continuation parameter VG = -52.
--------   Current Progress:  84 % - Assembling matrices
Memory: 1015/1055 1076/1114
--------   Current Progress:  84 % - Matrix factorization
Memory: 971/1055 1079/1114
Iter      SolEst      ResEst     Damping    Stepsize #Res #Jac #Sol
--------   Current Progress:  84 % - Assembling matrices
Memory: 1015/1055 1076/1114
   1      0.0085     2.6e+15   1.0000000        0.07  204  120  257
--------   Current Progress:  85 % - Assembling matrices
Memory: 1017/1055 1079/1114
--------   Current Progress:  85 % - Matrix factorization
Memory: 950/1055 1053/1114
--------   Current Progress:  85 % - Solving linear system
Memory: 1018/1055 1079/1114
   2     2.7e-05          10   1.0000000      0.0088  205  121  259
--------   Current Progress:  85 % - Assembling matrices
Memory: 1016/1055 1077/1114
--------   Current Progress:  85 % - Matrix factorization
Memory: 986/1055 1081/1114
--------   Current Progress:  85 % - Assembling matrices
Memory: 1018/1055 1079/1114
   3     1.5e-11     7.5e-08   1.0000000     2.5e-05  207  122  261
    
Continuation parameter VG = -56.
--------   Current Progress:  86 % - Assembling matrices
Memory: 1007/1055 1068/1114
--------   Current Progress:  86 % - Matrix factorization
Memory: 976/1055 1062/1114
Iter      SolEst      ResEst     Damping    Stepsize #Res #Jac #Sol
--------   Current Progress:  86 % - Assembling matrices
Memory: 1009/1055 1070/1114
   1      0.0083     2.7e+15   1.0000000       0.069  209  123  263
--------   Current Progress:  86 % - Matrix factorization
Memory: 975/1055 1075/1114
--------   Current Progress:  86 % - Assembling matrices
Memory: 1010/1055 1071/1114
   2     2.5e-05          10   1.0000000      0.0087  210  124  265
--------   Current Progress:  87 % - Assembling matrices
Memory: 1009/1055 1070/1114
--------   Current Progress:  87 % - Matrix factorization
Memory: 949/1055 1074/1114
--------   Current Progress:  87 % - Solving linear system
Memory: 1009/1055 1070/1114
   3       1e-11     8.1e-08   1.0000000     2.1e-05  212  125  267
    
Continuation parameter VG = -60.
--------   Current Progress:  88 % - Assembling matrices
Memory: 1008/1055 1069/1114
--------   Current Progress:  88 % - Matrix factorization
Memory: 983/1055 1073/1114
Iter      SolEst      ResEst     Damping    Stepsize #Res #Jac #Sol
--------   Current Progress:  88 % - Assembling matrices
Memory: 1010/1055 1071/1114
   1      0.0081     2.8e+15   1.0000000       0.066  214  126  269
--------   Current Progress:  88 % - Matrix factorization
Memory: 964/1055 1076/1114
--------   Current Progress:  88 % - Solving linear system
Memory: 1010/1055 1071/1114
   2     2.1e-05         9.6   1.0000000      0.0086  215  127  271
--------   Current Progress:  89 % - Assembling matrices
--------   Current Progress:  89 % - 
Memory: 1005/1055 1066/1114
--------   Current Progress:  89 % - Matrix factorization
Memory: 998/1055 1075/1114
--------   Current Progress:  89 % - Assembling matrices
Memory: 1011/1055 1072/1114
   3     7.2e-12     8.5e-08   1.0000000     1.8e-05  217  128  273
    
Continuation parameter VG = -64.
---------  Current Progress:  90 % - Assembling matrices
Memory: 1006/1055 1067/1114
---------  Current Progress:  90 % - Matrix factorization
Memory: 968/1055 1074/1114
Iter      SolEst      ResEst     Damping    Stepsize #Res #Jac #Sol
---------  Current Progress:  90 % - Assembling matrices
Memory: 1011/1055 1072/1114
   1       0.008     2.8e+15   1.0000000       0.065  219  129  275
---------  Current Progress:  90 % - Matrix factorization
Memory: 952/1055 1077/1114
---------  Current Progress:  90 % - Solving linear system
Memory: 1011/1055 1072/1114
   2     1.8e-05         9.2   1.0000000      0.0085  220  130  277
---------  Current Progress:  91 % - Assembling matrices
---------  Current Progress:  91 % - Constraint handling
Memory: 1005/1055 1066/1114
---------  Current Progress:  91 % - Matrix factorization
Memory: 999/1055 1076/1114
---------  Current Progress:  91 % - Assembling matrices
Memory: 1012/1055 1073/1114
   3       5e-12     9.2e-08   1.0000000     1.6e-05  222  131  279
    
Continuation parameter VG = -68.
---------  Current Progress:  92 % - Assembling matrices
Memory: 1010/1055 1071/1114
---------  Current Progress:  92 % - Matrix factorization
Memory: 968/1055 1075/1114
Iter      SolEst      ResEst     Damping    Stepsize #Res #Jac #Sol
---------  Current Progress:  92 % - Assembling matrices
Memory: 1012/1055 1073/1114
   1       0.008     2.8e+15   1.0000000       0.064  224  132  281
---------  Current Progress:  92 % - Matrix factorization
Memory: 951/1055 1078/1114
---------  Current Progress:  92 % - Solving linear system
Memory: 1012/1055 1073/1114
   2     1.6e-05         8.8   1.0000000      0.0085  225  133  283
---------  Current Progress:  93 % - Assembling matrices
---------  Current Progress:  93 % - Matrix factorization
Memory: 999/1055 1077/1114
---------  Current Progress:  93 % - Assembling matrices
Memory: 1013/1055 1075/1114
---------  Current Progress:  93 % - Constraint handling
Memory: 1007/1055 1068/1114
   3     3.6e-12     9.4e-08   1.0000000     1.4e-05  227  134  285
    
Continuation parameter VG = -72.
---------  Current Progress:  94 % - Assembling matrices
Memory: 1011/1055 1072/1114
---------  Current Progress:  94 % - Matrix factorization
Memory: 965/1055 1076/1114
Iter      SolEst      ResEst     Damping    Stepsize #Res #Jac #Sol
---------  Current Progress:  94 % - Solving linear system
Memory: 1012/1055 1073/1114
   1       0.008     2.8e+15   1.0000000       0.064  229  135  287
---------  Current Progress:  94 % - Assembling matrices
Memory: 1014/1055 1075/1114
---------  Current Progress:  94 % - Matrix factorization
Memory: 947/1055 1050/1114
---------  Current Progress:  94 % - Solving linear system
Memory: 1015/1055 1076/1114
   2     1.4e-05         8.5   1.0000000      0.0086  230  136  289
---------  Current Progress:  95 % - Assembling matrices
Memory: 1013/1055 1074/1114
---------  Current Progress:  95 % - Matrix factorization
Memory: 990/1055 1078/1114
---------  Current Progress:  95 % - Assembling matrices
Memory: 1014/1055 1076/1114
   3     2.6e-12     1.1e-07   1.0000000     1.3e-05  232  137  291
    
Continuation parameter VG = -76.
---------  Current Progress:  96 % - Assembling matrices
Memory: 1012/1055 1073/1114
---------  Current Progress:  96 % - Matrix factorization
Memory: 960/1055 1077/1114
Iter      SolEst      ResEst     Damping    Stepsize #Res #Jac #Sol
---------  Current Progress:  96 % - Solving linear system
Memory: 1013/1055 1074/1114
   1       0.008     2.8e+15   1.0000000       0.063  234  138  293
---------  Current Progress:  96 % - Assembling matrices
Memory: 1015/1055 1076/1114
---------  Current Progress:  96 % - Matrix factorization
Memory: 1011/1055 1072/1114
---------  Current Progress:  96 % - Assembling matrices
Memory: 1016/1055 1077/1114
   2     1.3e-05         8.2   1.0000000      0.0086  235  139  295
---------  Current Progress:  96 % - Matrix factorization
Memory: 982/1055 1079/1114
---------  Current Progress:  96 % - Assembling matrices
Memory: 1016/1055 1077/1114
   3       2e-12     1.1e-07   1.0000000     1.2e-05  237  140  297
    
Continuation parameter VG = -80.
---------  Current Progress:  98 % - Assembling matrices
Memory: 1013/1055 1074/1114
---------  Current Progress:  98 % - Matrix factorization
Memory: 950/1055 1078/1114
Iter      SolEst      ResEst     Damping    Stepsize #Res #Jac #Sol
---------  Current Progress:  98 % - Solving linear system
Memory: 1014/1055 1075/1114
   1      0.0081     2.8e+15   1.0000000       0.063  239  141  299
---------  Current Progress:  98 % - Assembling matrices
Memory: 1016/1055 1077/1114
---------  Current Progress:  98 % - Matrix factorization
Memory: 999/1055 1081/1114
---------  Current Progress:  98 % - Assembling matrices
Memory: 1017/1055 1078/1114
   2     1.2e-05         7.9   1.0000000      0.0087  240  142  301
---------  Current Progress:  98 % - Matrix factorization
Memory: 971/1055 1080/1114
---------  Current Progress:  98 % - Assembling matrices
Memory: 1014/1055 1076/1114
---------  Current Progress:  98 % - Solving linear system
Memory: 1017/1055 1078/1114
   3     1.5e-12     1.1e-07   1.0000000     1.1e-05  242  143  303
---------- Current Progress: 100 % - Constraint handling
Memory: 873/1055 911/1114
Solution time: 179 s. (2 minutes, 59 seconds)
Physical memory: 1.02 GB
Virtual memory: 1.1 GB
Ended at Oct 3, 2026, 11:47:01 AM.
----- Stationary Solver 2 in Study 1/Solution 1 (sol1) ------------------------>
VD=0.200000: 41 / 41 nuqta qaytdi (ok=true)
<---- Compile Equations: Semiconductor Equilibrium in Study 1/Solution 1 (sol1) -
Started at Oct 3, 2026, 11:47:03 AM.
Geometry shape function: Linear Lagrange
Running on 11th Gen Intel(R) Core(TM) i7-1165G7 at 2.80 GHz.
Using 1 socket with 4 cores in total on WIN-FNSSP1NOF49.
Available memory: 7.97 GB.
           Current Progress:   1 % - Compile Equations: Semiconductor Equilibrium
Memory: 891/1055 930/1114
           Current Progress:   1 % - Creating visualization mesh
Memory: 891/1055 931/1114
Time: 1 s.
Physical memory: 891 MB
Virtual memory: 931 MB
Ended at Oct 3, 2026, 11:47:04 AM.
----- Compile Equations: Semiconductor Equilibrium in Study 1/Solution 1 (sol1) >
<---- Dependent Variables 1 in Study 1/Solution 1 (sol1) -----------------------
Started at Oct 3, 2026, 11:47:04 AM.
           Current Progress:   1 % - Dependent Variables 1
Memory: 895/1055 935/1114
Solution time: 0 s.
Physical memory: 895 MB
Virtual memory: 935 MB
Ended at Oct 3, 2026, 11:47:04 AM.
----- Dependent Variables 1 in Study 1/Solution 1 (sol1) ---------------------->
<---- Stationary Solver 1 in Study 1/Solution 1 (sol1) -------------------------
Started at Oct 3, 2026, 11:47:04 AM.
Nonlinear solver
Number of degrees of freedom solved for: 138873.
           Current Progress:   2 % - Assembling sparsity pattern
Memory: 914/1055 953/1114
Nonsymmetric matrix found.
Scales for dependent variables:
Electron solution variable (comp1.Ne): 2.5e+24
Hole solution variable (comp1.Ph): 2.4e+28
Electric potential (comp1.V): 8e+22
Orthonormal null-space function used.
           Current Progress:   2 % - Matrix factorization
Memory: 945/1055 998/1114
Iter      SolEst      ResEst     Damping    Stepsize #Res #Jac #Sol
           Current Progress:   2 % - Assembling matrices
Memory: 999/1055 1055/1114
   1         3.9       5e+15   0.1000000         4.4    2    1    2
           Current Progress:   3 % - Assembling sparsity pattern
Memory: 990/1055 1047/1114
           Current Progress:   3 % - Matrix factorization
Memory: 963/1055 1004/1114
           Current Progress:   3 % - Solving linear system
Memory: 1000/1055 1063/1114
   2           1     1.2e+05   0.4275432         2.4    3    2    4
           Current Progress:   5 % - Assembling sparsity pattern
Memory: 999/1055 1055/1114
           Current Progress:   5 % - Matrix factorization
Memory: 975/1055 1061/1114
           Current Progress:   5 % - Solving linear system
Memory: 1002/1055 1058/1114
   3        0.67     1.2e+05   0.0731079        0.72    5    3    7
           Current Progress:   9 % - Assembling matrices
Memory: 834/1055 887/1114
           Current Progress:   9 % - Matrix factorization
Memory: 815/1055 892/1114
           Current Progress:   9 % - Solving linear system
Memory: 837/1055 890/1114
   4        0.49     9.5e+05   0.4134981        0.96    6    4    9
-          Current Progress:  10 % - Matrix factorization
Memory: 812/1055 892/1114
-          Current Progress:  10 % - Solving linear system
Memory: 837/1055 890/1114
   5        0.38     1.3e+06   0.2360825        0.49    8    5   12
-          Current Progress:  10 % - Matrix factorization
Memory: 814/1055 892/1114
-          Current Progress:  10 % - Solving linear system
Memory: 837/1055 890/1114
   6        0.12     2.7e+07   1.0000000         0.7    9    6   14
-          Current Progress:  13 % - Matrix factorization
Memory: 811/1055 893/1114
-          Current Progress:  13 % - Solving linear system
Memory: 837/1055 891/1114
   7     0.00032     9.5e+03   1.0000000       0.087   10    7   16
-          Current Progress:  17 % - Matrix factorization
Memory: 810/1055 893/1114
-          Current Progress:  17 % - Solving linear system
Memory: 837/1055 891/1114
   8     1.2e-07       0.002   1.0000000      0.0003   12    8   18
-          Current Progress:  18 % - Constraint handling
Memory: 739/1055 774/1114
Solution time: 8 s.
Physical memory: 1000 MB
Virtual memory: 1063 MB
Ended at Oct 3, 2026, 11:47:12 AM.
----- Stationary Solver 1 in Study 1/Solution 1 (sol1) ------------------------>
<---- Compile Equations: Stationary in Study 1/Solution 1 (sol1) ---------------
Started at Oct 3, 2026, 11:47:12 AM.
Geometry shape function: Linear Lagrange
-          Current Progress:  19 % - Compile Equations: Stationary
Memory: 811/1055 851/1114
-          Current Progress:  19 % - Creating visualization mesh
Memory: 813/1055 852/1114
Time: 1 s.
Physical memory: 817 MB
Virtual memory: 855 MB
Ended at Oct 3, 2026, 11:47:13 AM.
----- Compile Equations: Stationary in Study 1/Solution 1 (sol1) -------------->
<---- Dependent Variables 2 in Study 1/Solution 1 (sol1) -----------------------
Started at Oct 3, 2026, 11:47:13 AM.
Initial values of variables solved for: Solution 1 (sol1), Solution Store 1 (sol2).
Values of variables not solved for: Solution 1 (sol1).
-          Current Progress:  19 % - Dependent Variables 2
Memory: 820/1055 858/1114
Solution time: 0 s.
Physical memory: 820 MB
Virtual memory: 858 MB
Ended at Oct 3, 2026, 11:47:13 AM.
----- Dependent Variables 2 in Study 1/Solution 1 (sol1) ---------------------->
<---- Stationary Solver 2 in Study 1/Solution 1 (sol1) -------------------------
Started at Oct 3, 2026, 11:47:13 AM.
Continuation solver
Nonlinear solver
Number of degrees of freedom solved for: 138873.
    
Continuation parameter VG = 80.
--         Current Progress:  20 % - Assembling matrices
Memory: 838/1055 876/1114
--         Current Progress:  20 % - Assembling sparsity pattern
Memory: 843/1055 880/1114
--         Current Progress:  20 % - Assembling matrices
Memory: 878/1055 916/1114
Nonsymmetric matrix found.
Scales for dependent variables:
Electron solution variable (comp1.Ne): 2.7e+25
Hole solution variable (comp1.Ph): 2.9e+29
Electric potential (comp1.V): 3.2e+19
Orthonormal null-space function used.
--         Current Progress:  20 % - Constraint handling
Memory: 876/1055 916/1114
--         Current Progress:  20 % - Matrix factorization
Memory: 929/1055 981/1114
Iter      SolEst      ResEst     Damping    Stepsize #Res #Jac #Sol
--         Current Progress:  20 % - Assembling matrices
Memory: 998/1055 1059/1114
   1         1.2     3.3e+08   0.1000000           2    2    1    2
--         Current Progress:  20 % - Assembling sparsity pattern
Memory: 980/1055 1042/1114
--         Current Progress:  20 % - Assembling matrices
Memory: 999/1055 1060/1114
--         Current Progress:  20 % - Matrix factorization
Memory: 945/1055 1064/1114
--         Current Progress:  20 % - Solving linear system
Memory: 998/1055 1059/1114
   2         1.5     5.4e+04   0.0182716         1.5    3    2    4
--         Current Progress:  20 % - Assembling sparsity pattern
Memory: 980/1055 1042/1114
--         Current Progress:  20 % - Assembling matrices
Memory: 998/1055 1059/1114
--         Current Progress:  20 % - Matrix factorization
Memory: 940/1055 1064/1114
--         Current Progress:  20 % - Solving linear system
Memory: 999/1055 1060/1114
   3        0.91       9e+04   0.1825797        0.99    4    3    6
--         Current Progress:  21 % - Assembling matrices
Memory: 998/1055 1059/1114
--         Current Progress:  21 % - Matrix factorization
Memory: 992/1055 1054/1114
--         Current Progress:  21 % - Assembling matrices
Memory: 1000/1055 1061/1114
   4         3.1     8.7e+04   0.0182580         3.1    5    4    8
--         Current Progress:  21 % - Matrix factorization
Memory: 962/1055 1064/1114
--         Current Progress:  21 % - Assembling matrices
Memory: 1000/1055 1061/1114
   5        0.44     3.8e+04   0.1697490         2.3    6    5   10
--         Current Progress:  21 % - Matrix factorization
Memory: 936/1055 1064/1114
--         Current Progress:  21 % - Solving linear system
Memory: 996/1055 1063/1114
   6         3.1     3.7e+04   0.0169749         3.2    7    6   12
--         Current Progress:  21 % - Assembling matrices
Memory: 998/1055 1059/1114
--         Current Progress:  21 % - Matrix factorization
Memory: 977/1055 1064/1114
--         Current Progress:  21 % - Assembling matrices
Memory: 1000/1055 1061/1114
   7           1     5.3e+04   0.1697490         2.6    8    7   14
--         Current Progress:  21 % - Matrix factorization
Memory: 957/1055 1064/1114
--         Current Progress:  21 % - Assembling matrices
Memory: 1000/1055 1061/1114
   8         2.5       5e+04   0.0445674         2.7    9    8   16
--         Current Progress:  21 % - Matrix factorization
Memory: 931/1055 1034/1114
--         Current Progress:  21 % - Solving linear system
Memory: 1000/1055 1061/1114
   9        0.21     4.2e+04   0.2490242         1.9   10    9   18
--         Current Progress:  21 % - Assembling matrices
Memory: 998/1055 1059/1114
--         Current Progress:  21 % - Matrix factorization
Memory: 969/1055 1064/1114
--         Current Progress:  21 % - Assembling matrices
Memory: 1000/1055 1061/1114
  10         2.4     4.1e+04   0.0249024         2.5   11   10   20
--         Current Progress:  21 % - Matrix factorization
Memory: 945/1055 1064/1114
--         Current Progress:  21 % - Solving linear system
Memory: 998/1055 1060/1114
  11        0.67     4.1e+04   0.2490242         2.2   12   11   22
--         Current Progress:  21 % - Assembling matrices
Memory: 998/1055 1059/1114
--         Current Progress:  21 % - Matrix factorization
Memory: 928/1055 991/1114
--         Current Progress:  21 % - Assembling matrices
Memory: 1000/1055 1061/1114
  12         1.3     3.6e+04   0.1293492         1.5   13   12   24
--         Current Progress:  21 % - Matrix factorization
Memory: 969/1055 1064/1114
--         Current Progress:  21 % - Assembling matrices
Memory: 1000/1055 1061/1114
  13        0.64     3.4e+04   0.0623957        0.69   15   13   27
--         Current Progress:  21 % - Matrix factorization
Memory: 942/1055 1064/1114
--         Current Progress:  21 % - Solving linear system
Memory: 998/1055 1060/1114
  14       0.068     2.6e+04   0.3959346         0.5   16   14   29
--         Current Progress:  21 % - Assembling matrices
--         Current Progress:  21 % - Matrix factorization
Memory: 975/1055 1064/1114
--         Current Progress:  21 % - Assembling matrices
Memory: 1000/1055 1061/1114
  15        0.25     2.1e+04   0.1793427        0.32   17   15   31
--         Current Progress:  21 % - Matrix factorization
Memory: 944/1055 1064/1114
--         Current Progress:  21 % - Solving linear system
Memory: 999/1055 1060/1114
  16        0.13     1.5e+04   0.2942032        0.21   19   16   34
--         Current Progress:  21 % - Assembling matrices
Memory: 998/1055 1060/1114
--         Current Progress:  21 % - Matrix factorization
Memory: 923/1055 963/1114
--         Current Progress:  21 % - Assembling matrices
Memory: 1000/1055 1061/1114
  17       0.053     2.7e+03   1.0000000        0.13   20   17   36
--         Current Progress:  21 % - Matrix factorization
Memory: 959/1055 1064/1114
--         Current Progress:  21 % - Assembling matrices
Memory: 1000/1055 1061/1114
  18      0.0063     2.7e+02   1.0000000        0.29   21   18   38
--         Current Progress:  21 % - Matrix factorization
Memory: 937/1055 1064/1114
--         Current Progress:  21 % - Solving linear system
Memory: 998/1055 1060/1114
  19     0.00011         3.4   1.0000000      0.0065   22   19   40
--         Current Progress:  22 % - Assembling matrices
--         Current Progress:  22 % - 
Memory: 992/1055 1054/1114
--         Current Progress:  22 % - Matrix factorization
Memory: 985/1055 1064/1114
--         Current Progress:  22 % - Assembling matrices
Memory: 1000/1055 1061/1114
  20     2.2e-05     1.6e-08   1.0000000         0.4   24   20   42
    
Continuation parameter VG = 76.
--         Current Progress:  22 % - Matrix factorization
Memory: 948/1055 1064/1114
Iter      SolEst      ResEst     Damping    Stepsize #Res #Jac #Sol
--         Current Progress:  22 % - Solving linear system
Memory: 1000/1055 1061/1114
   1      0.0031       2e+14   1.0000000       0.032   26   21   44
--         Current Progress:  22 % - Assembling matrices
Memory: 1001/1055 1063/1114
--         Current Progress:  22 % - Matrix factorization
Memory: 934/1055 1037/1114
--         Current Progress:  22 % - Solving linear system
Memory: 1002/1055 1063/1114
   2     6.2e-06         8.1   1.0000000      0.0032   27   22   46
--         Current Progress:  22 % - Assembling matrices
Memory: 1000/1055 1062/1114
--         Current Progress:  22 % - Matrix factorization
Memory: 980/1055 1066/1114
--         Current Progress:  22 % - Assembling matrices
Memory: 1002/1055 1063/1114
   3     4.3e-11     6.4e-08   1.0000000     6.2e-06   29   23   48
    
Continuation parameter VG = 72.
--         Current Progress:  24 % - Assembling matrices
Memory: 998/1055 1060/1114
--         Current Progress:  24 % - Matrix factorization
Memory: 946/1055 1064/1114
Iter      SolEst      ResEst     Damping    Stepsize #Res #Jac #Sol
--         Current Progress:  24 % - Solving linear system
Memory: 1000/1055 1061/1114
   1      0.0036     3.6e+14   1.0000000       0.036   31   24   50
--         Current Progress:  24 % - Assembling matrices
Memory: 1001/1055 1063/1114
--         Current Progress:  24 % - Matrix factorization
Memory: 995/1055 1057/1114
--         Current Progress:  24 % - Assembling matrices
Memory: 1002/1055 1063/1114
   2     8.6e-06         8.7   1.0000000      0.0037   32   25   52
--         Current Progress:  24 % - Matrix factorization
Memory: 966/1055 1066/1114
--         Current Progress:  24 % - Assembling matrices
Memory: 1002/1055 1063/1114
   3     5.3e-11     4.9e-08   1.0000000     8.6e-06   34   26   54
    
Continuation parameter VG = 68.
--         Current Progress:  26 % - Assembling matrices
Memory: 999/1055 1061/1114
--         Current Progress:  26 % - Matrix factorization
Memory: 936/1055 1065/1114
Iter      SolEst      ResEst     Damping    Stepsize #Res #Jac #Sol
--         Current Progress:  26 % - Solving linear system
Memory: 996/1055 1058/1114
   1      0.0042     4.3e+14   1.0000000       0.039   36   27   56
--         Current Progress:  26 % - Assembling matrices
Memory: 1003/1055 1064/1114
--         Current Progress:  26 % - Matrix factorization
Memory: 980/1055 1068/1114
--         Current Progress:  26 % - Assembling matrices
Memory: 1003/1055 1064/1114
   2     1.2e-05         9.6   1.0000000      0.0043   37   28   58
--         Current Progress:  26 % - Matrix factorization
Memory: 956/1055 1067/1114
--         Current Progress:  26 % - Solving linear system
Memory: 999/1055 1060/1114
--         Current Progress:  26 % - Assembling matrices
Memory: 1002/1055 1063/1114
   3     6.3e-11     3.8e-08   1.0000000     1.2e-05   39   29   60
    
Continuation parameter VG = 64.
--         Current Progress:  28 % - Assembling matrices
Memory: 982/1055 1048/1114
--         Current Progress:  28 % - Constraint handling
Memory: 1000/1055 1065/1114
--         Current Progress:  28 % - Matrix factorization
Memory: 987/1055 1066/1114
Iter      SolEst      ResEst     Damping    Stepsize #Res #Jac #Sol
--         Current Progress:  28 % - Assembling matrices
Memory: 1003/1055 1064/1114
   1      0.0048     5.1e+14   1.0000000       0.043   41   30   62
--         Current Progress:  28 % - Matrix factorization
Memory: 965/1055 1069/1114
--         Current Progress:  28 % - Assembling matrices
Memory: 1004/1055 1066/1114
   2     1.5e-05          11   1.0000000       0.005   42   31   64
--         Current Progress:  28 % - Matrix factorization
Memory: 936/1055 1068/1114
--         Current Progress:  28 % - Solving linear system
Memory: 1004/1055 1066/1114
   3     7.1e-11     2.9e-08   1.0000000     1.5e-05   44   32   66
    
Continuation parameter VG = 60.
--         Current Progress:  29 % - Assembling matrices
Memory: 1002/1055 1063/1114
--         Current Progress:  29 % - Matrix factorization
Memory: 939/1055 1067/1114
Iter      SolEst      ResEst     Damping    Stepsize #Res #Jac #Sol
--         Current Progress:  29 % - Solving linear system
Memory: 1003/1055 1065/1114
   1      0.0055       6e+14   1.0000000       0.048   46   33   68
---        Current Progress:  30 % - Assembling matrices
Memory: 1005/1055 1066/1114
---        Current Progress:  30 % - Matrix factorization
Memory: 989/1055 1070/1114
---        Current Progress:  30 % - Assembling matrices
Memory: 1005/1055 1067/1114
   2     1.9e-05          12   1.0000000      0.0057   47   34   70
---        Current Progress:  30 % - Matrix factorization
Memory: 964/1055 1070/1114
---        Current Progress:  30 % - Assembling matrices
Memory: 1005/1055 1067/1114
   3     7.9e-11     2.4e-08   1.0000000     1.9e-05   49   35   72
    
Continuation parameter VG = 56.
---        Current Progress:  31 % - Assembling matrices
Memory: 1003/1055 1065/1114
---        Current Progress:  31 % - Matrix factorization
Memory: 980/1055 1058/1114
Iter      SolEst      ResEst     Damping    Stepsize #Res #Jac #Sol
---        Current Progress:  31 % - Assembling matrices
Memory: 1005/1055 1067/1114
   1      0.0061     7.2e+14   1.0000000       0.052   51   36   74
---        Current Progress:  32 % - Assembling matrices
Memory: 1006/1055 1068/1114
---        Current Progress:  32 % - Matrix factorization
Memory: 963/1055 1072/1114
---        Current Progress:  32 % - Solving linear system
Memory: 1005/1055 1067/1114
   2     2.3e-05          13   1.0000000      0.0063   52   37   76
---        Current Progress:  32 % - Assembling matrices
---        Current Progress:  32 % - Matrix factorization
Memory: 929/1055 1041/1114
---        Current Progress:  32 % - Assembling matrices
Memory: 1006/1055 1068/1114
   3     8.4e-11       2e-08   1.0000000     2.3e-05   54   38   78
    
Continuation parameter VG = 52.
---        Current Progress:  33 % - Assembling matrices
Memory: 1004/1055 1066/1114
---        Current Progress:  33 % - Matrix factorization
Memory: 949/1055 1070/1114
Iter      SolEst      ResEst     Damping    Stepsize #Res #Jac #Sol
---        Current Progress:  33 % - Solving linear system
Memory: 1005/1055 1067/1114
   1      0.0068     8.5e+14   1.0000000       0.056   56   39   80
---        Current Progress:  34 % - Assembling matrices
Memory: 1007/1055 1069/1114
---        Current Progress:  34 % - Constraint handling
Memory: 1003/1055 1080/1114
---        Current Progress:  34 % - Matrix factorization
Memory: 997/1055 1073/1114
---        Current Progress:  34 % - Assembling matrices
Memory: 1007/1055 1069/1114
   2     2.7e-05          13   1.0000000       0.007   57   40   82
---        Current Progress:  34 % - Matrix factorization
Memory: 971/1055 1072/1114
---        Current Progress:  34 % - Assembling matrices
Memory: 1007/1055 1069/1114
   3     8.7e-11     1.7e-08   1.0000000     2.7e-05   59   41   84
    
Continuation parameter VG = 48.
---        Current Progress:  35 % - Assembling matrices
Memory: 1005/1055 1067/1114
---        Current Progress:  35 % - Matrix factorization
Memory: 938/1055 1041/1114
Iter      SolEst      ResEst     Damping    Stepsize #Res #Jac #Sol
---        Current Progress:  35 % - Solving linear system
Memory: 1009/1055 1071/1114
   1      0.0074       1e+15   1.0000000       0.061   61   42   86
---        Current Progress:  36 % - Assembling matrices
Memory: 1008/1055 1070/1114
---        Current Progress:  36 % - Matrix factorization
Memory: 984/1055 1074/1114
---        Current Progress:  36 % - Assembling matrices
Memory: 1008/1055 1070/1114
   2     3.1e-05          14   1.0000000      0.0077   62   43   88
---        Current Progress:  36 % - Matrix factorization
Memory: 957/1055 1073/1114
---        Current Progress:  36 % - Solving linear system
Memory: 1007/1055 1069/1114
---        Current Progress:  36 % - Assembling matrices
   3     8.8e-11     1.5e-08   1.0000000       3e-05   64   44   90
    
Continuation parameter VG = 44.
---        Current Progress:  37 % - Assembling matrices
Memory: 1006/1055 1068/1114
---        Current Progress:  37 % - 
Memory: 1000/1055 1064/1114
---        Current Progress:  37 % - Matrix factorization
Memory: 994/1055 1072/1114
Iter      SolEst      ResEst     Damping    Stepsize #Res #Jac #Sol
---        Current Progress:  37 % - Assembling matrices
Memory: 1008/1055 1070/1114
   1      0.0081     1.2e+15   1.0000000       0.065   66   45   92
---        Current Progress:  37 % - Matrix factorization
Memory: 975/1055 1075/1114
---        Current Progress:  37 % - Assembling matrices
Memory: 1010/1055 1071/1114
   2     3.4e-05          15   1.0000000      0.0084   67   46   94
---        Current Progress:  38 % - Assembling matrices
Memory: 1008/1055 1070/1114
---        Current Progress:  38 % - Matrix factorization
Memory: 949/1055 1074/1114
---        Current Progress:  38 % - Solving linear system
Memory: 1008/1055 1070/1114
---        Current Progress:  38 % - Assembling matrices
Memory: 1010/1055 1071/1114
   3     8.6e-11     1.4e-08   1.0000000     3.4e-05   69   47   96
---        Current Progress:  39 % - Constraint handling
Memory: 1000/1055 1062/1114
    
Continuation parameter VG = 40.
---        Current Progress:  39 % - Assembling matrices
Memory: 999/1055 1060/1114
---        Current Progress:  39 % - Matrix factorization
Memory: 938/1055 1064/1114
Iter      SolEst      ResEst     Damping    Stepsize #Res #Jac #Sol
---        Current Progress:  39 % - Solving linear system
Memory: 1000/1055 1062/1114
   1      0.0087     1.4e+15   1.0000000        0.07   71   48   98
---        Current Progress:  39 % - Assembling matrices
Memory: 1002/1055 1063/1114
---        Current Progress:  39 % - Matrix factorization
Memory: 982/1055 1067/1114
---        Current Progress:  39 % - Assembling matrices
Memory: 1002/1055 1064/1114
   2     3.6e-05          15   1.0000000      0.0091   72   49  100
----       Current Progress:  40 % - Assembling matrices
Memory: 1001/1055 1062/1114
----       Current Progress:  40 % - Matrix factorization
Memory: 950/1055 1066/1114
----       Current Progress:  40 % - Solving linear system
Memory: 1001/1055 1063/1114
----       Current Progress:  40 % - Assembling matrices
   3     8.3e-11     1.4e-08   1.0000000     3.6e-05   74   50  102
    
Continuation parameter VG = 36.
----       Current Progress:  41 % - Assembling matrices
Memory: 1000/1055 1062/1114
----       Current Progress:  41 % - Matrix factorization
Memory: 969/1055 1065/1114
Iter      SolEst      ResEst     Damping    Stepsize #Res #Jac #Sol
----       Current Progress:  41 % - Assembling matrices
Memory: 1002/1055 1064/1114
   1      0.0092     1.6e+15   1.0000000       0.073   76   51  104
----       Current Progress:  41 % - Assembling sparsity pattern
Memory: 985/1055 1046/1114
----       Current Progress:  41 % - Assembling matrices
Memory: 1003/1055 1065/1114
----       Current Progress:  41 % - Matrix factorization
Memory: 965/1055 1069/1114
----       Current Progress:  41 % - Assembling matrices
Memory: 1004/1055 1065/1114
   2     3.9e-05          15   1.0000000      0.0097   77   52  106
----       Current Progress:  42 % - Assembling matrices
Memory: 1002/1055 1064/1114
----       Current Progress:  42 % - Matrix factorization
Memory: 940/1055 1068/1114
----       Current Progress:  42 % - Solving linear system
Memory: 1003/1055 1064/1114
   3     7.8e-11     1.3e-08   1.0000000     3.9e-05   79   53  108
    
Continuation parameter VG = 32.
----       Current Progress:  43 % - Assembling matrices
Memory: 1002/1055 1063/1114
----       Current Progress:  43 % - Matrix factorization
Memory: 980/1055 1067/1114
Iter      SolEst      ResEst     Damping    Stepsize #Res #Jac #Sol
----       Current Progress:  43 % - Assembling matrices
Memory: 1004/1055 1065/1114
   1      0.0098     1.9e+15   1.0000000       0.077   81   54  110
----       Current Progress:  43 % - Matrix factorization
Memory: 954/1055 1070/1114
----       Current Progress:  43 % - Solving linear system
Memory: 1004/1055 1065/1114
   2       4e-05          15   1.0000000        0.01   82   55  112
----       Current Progress:  44 % - Assembling matrices
Memory: 1003/1055 1065/1114
----       Current Progress:  44 % - Constraint handling
Memory: 1006/1055 1075/1114
----       Current Progress:  44 % - Matrix factorization
Memory: 994/1055 1069/1114
----       Current Progress:  44 % - Assembling matrices
Memory: 1005/1055 1067/1114
   3     7.3e-11     1.4e-08   1.0000000       4e-05   84   56  114
    
Continuation parameter VG = 28.
----       Current Progress:  45 % - Assembling matrices
Memory: 998/1055 1060/1114
----       Current Progress:  45 % - Matrix factorization
Memory: 958/1055 1068/1114
Iter      SolEst      ResEst     Damping    Stepsize #Res #Jac #Sol
----       Current Progress:  45 % - Solving linear system
Memory: 1004/1055 1065/1114
   1        0.01     2.1e+15   1.0000000        0.08   86   57  116
----       Current Progress:  45 % - Assembling matrices
Memory: 1006/1055 1067/1114
----       Current Progress:  45 % - Matrix factorization
Memory: 939/1055 1071/1114
----       Current Progress:  45 % - Solving linear system
Memory: 1006/1055 1068/1114
   2     4.1e-05          16   1.0000000       0.011   87   58  118
----       Current Progress:  46 % - Assembling matrices
Memory: 1005/1055 1066/1114
----       Current Progress:  46 % - Matrix factorization
Memory: 969/1055 1070/1114
----       Current Progress:  46 % - Solving linear system
Memory: 1005/1055 1066/1114
----       Current Progress:  46 % - Assembling matrices
Memory: 1005/1055 1067/1114
   3     6.8e-11     1.3e-08   1.0000000     4.1e-05   89   59  120
    
Continuation parameter VG = 24.
----       Current Progress:  47 % - Assembling matrices
Memory: 1004/1055 1065/1114
----       Current Progress:  47 % - Matrix factorization
Memory: 999/1055 1060/1114
Iter      SolEst      ResEst     Damping    Stepsize #Res #Jac #Sol
----       Current Progress:  47 % - Assembling matrices
Memory: 1006/1055 1068/1114
   1       0.011     2.5e+15   1.0000000       0.083   91   60  122
----       Current Progress:  47 % - Matrix factorization
Memory: 970/1055 1073/1114
----       Current Progress:  47 % - Assembling matrices
Memory: 1007/1055 1069/1114
   2     4.2e-05          16   1.0000000       0.011   92   61  124
----       Current Progress:  47 % - Constraint handling
Memory: 1000/1055 1061/1114
----       Current Progress:  47 % - Matrix factorization
Memory: 992/1055 1071/1114
----       Current Progress:  47 % - Assembling matrices
Memory: 1007/1055 1069/1114
   3     6.3e-11     1.5e-08   1.0000000     4.2e-05   94   62  126
    
Continuation parameter VG = 20.
----       Current Progress:  49 % - Assembling matrices
Memory: 1005/1055 1067/1114
----       Current Progress:  49 % - Matrix factorization
Memory: 951/1055 1070/1114
Iter      SolEst      ResEst     Damping    Stepsize #Res #Jac #Sol
----       Current Progress:  49 % - Solving linear system
Memory: 1006/1055 1068/1114
   1       0.011     2.7e+15   1.0000000       0.085   96   63  128
----       Current Progress:  49 % - Assembling matrices
Memory: 1008/1055 1070/1114
----       Current Progress:  49 % - Matrix factorization
Memory: 1004/1055 1066/1114
----       Current Progress:  49 % - Assembling matrices
Memory: 1008/1055 1070/1114
   2     4.2e-05          16   1.0000000       0.012   97   64  130
----       Current Progress:  49 % - Matrix factorization
Memory: 959/1055 1073/1114
----       Current Progress:  49 % - Solving linear system
Memory: 1007/1055 1069/1114
----       Current Progress:  49 % - Assembling matrices
   3     5.7e-11     1.4e-08   1.0000000     4.2e-05   99   65  132
    
Continuation parameter VG = 16.
-----      Current Progress:  51 % - Assembling matrices
Memory: 1006/1055 1068/1114
-----      Current Progress:  51 % - Matrix factorization
Memory: 986/1055 1071/1114
Iter      SolEst      ResEst     Damping    Stepsize #Res #Jac #Sol
-----      Current Progress:  51 % - Assembling matrices
Memory: 1008/1055 1070/1114
   1       0.011       3e+15   1.0000000       0.087  101   66  134
-----      Current Progress:  51 % - Matrix factorization
Memory: 961/1055 1075/1114
-----      Current Progress:  51 % - Solving linear system
Memory: 1008/1055 1070/1114
   2     4.2e-05          16   1.0000000       0.012  102   67  136
-----      Current Progress:  51 % - Assembling matrices
-----      Current Progress:  51 % - Matrix factorization
Memory: 933/1055 973/1114
-----      Current Progress:  51 % - Assembling matrices
Memory: 1009/1055 1071/1114
   3     5.1e-11     1.5e-08   1.0000000     4.2e-05  104   68  138
    
Continuation parameter VG = 12.
-----      Current Progress:  53 % - Assembling matrices
Memory: 1007/1055 1069/1114
-----      Current Progress:  53 % - Matrix factorization
Memory: 968/1055 1073/1114
Iter      SolEst      ResEst     Damping    Stepsize #Res #Jac #Sol
-----      Current Progress:  53 % - Assembling matrices
Memory: 1009/1055 1071/1114
   1       0.012     3.4e+15   1.0000000       0.089  106   69  140
-----      Current Progress:  53 % - Matrix factorization
Memory: 946/1055 1076/1114
-----      Current Progress:  53 % - Solving linear system
Memory: 1007/1055 1070/1114
   2     4.1e-05          16   1.0000000       0.012  107   70  142
-----      Current Progress:  53 % - Assembling matrices
Memory: 1009/1055 1071/1114
-----      Current Progress:  53 % - Matrix factorization
Memory: 994/1055 1075/1114
-----      Current Progress:  53 % - Assembling matrices
Memory: 1010/1055 1072/1114
   3     4.5e-11     1.5e-08   1.0000000     4.1e-05  109   71  144
    
Continuation parameter VG = 8.
-----      Current Progress:  55 % - Assembling matrices
Memory: 1000/1055 1061/1114
-----      Current Progress:  55 % - Matrix factorization
Memory: 937/1055 1065/1114
Iter      SolEst      ResEst     Damping    Stepsize #Res #Jac #Sol
-----      Current Progress:  55 % - Solving linear system
Memory: 1001/1055 1062/1114
   1       0.012     3.6e+15   1.0000000        0.09  111   72  146
-----      Current Progress:  55 % - Assembling matrices
Memory: 1003/1055 1064/1114
-----      Current Progress:  55 % - Matrix factorization
Memory: 986/1055 1068/1114
-----      Current Progress:  55 % - Assembling matrices
Memory: 1003/1055 1065/1114
   2     3.9e-05          15   1.0000000       0.012  112   73  148
-----      Current Progress:  55 % - Matrix factorization
Memory: 957/1055 1067/1114
-----      Current Progress:  55 % - Assembling matrices
Memory: 1001/1055 1062/1114
   3     3.7e-11       2e-08   1.0000000     3.9e-05  114   74  150
    
Continuation parameter VG = 4.
-----      Current Progress:  57 % - Assembling matrices
Memory: 997/1055 1058/1114
-----      Current Progress:  57 % - Matrix factorization
Memory: 995/1055 1057/1114
Iter      SolEst      ResEst     Damping    Stepsize #Res #Jac #Sol
-----      Current Progress:  57 % - Assembling matrices
Memory: 1003/1055 1065/1114
   1       0.012     3.8e+15   1.0000000        0.09  116   75  152
-----      Current Progress:  57 % - Matrix factorization
Memory: 973/1055 1069/1114
-----      Current Progress:  57 % - Assembling matrices
Memory: 1004/1055 1066/1114
   2     3.8e-05          15   1.0000000       0.012  117   76  154
-----      Current Progress:  57 % - Matrix factorization
Memory: 947/1055 1068/1114
-----      Current Progress:  57 % - Solving linear system
Memory: 1003/1055 1065/1114
   3       3e-11     1.7e-08   1.0000000     3.7e-05  119   77  156
    
Continuation parameter VG = 0.
-----      Current Progress:  59 % - Assembling matrices
Memory: 1002/1055 1064/1114
-----      Current Progress:  59 % - Matrix factorization
Memory: 984/1055 1067/1114
Iter      SolEst      ResEst     Damping    Stepsize #Res #Jac #Sol
-----      Current Progress:  59 % - Assembling matrices
Memory: 1004/1055 1066/1114
   1       0.012       4e+15   1.0000000       0.091  121   78  158
-----      Current Progress:  59 % - Matrix factorization
Memory: 953/1055 1070/1114
-----      Current Progress:  59 % - Solving linear system
Memory: 1004/1055 1066/1114
   2     3.6e-05          15   1.0000000       0.012  122   79  160
-----      Current Progress:  59 % - Assembling matrices
Memory: 1004/1055 1065/1114
-----      Current Progress:  59 % - Matrix factorization
Memory: 973/1055 1059/1114
-----      Current Progress:  59 % - Assembling matrices
Memory: 1005/1055 1067/1114
   3     2.4e-11     1.9e-08   1.0000000     3.5e-05  124   80  162
    
Continuation parameter VG = -4.
------     Current Progress:  61 % - Assembling matrices
Memory: 1003/1055 1065/1114
------     Current Progress:  61 % - Matrix factorization
Memory: 961/1055 1068/1114
Iter      SolEst      ResEst     Damping    Stepsize #Res #Jac #Sol
------     Current Progress:  61 % - Assembling matrices
Memory: 1005/1055 1067/1114
   1       0.012     4.1e+15   1.0000000        0.09  126   81  164
------     Current Progress:  61 % - Matrix factorization
Memory: 943/1055 1071/1114
------     Current Progress:  61 % - Solving linear system
Memory: 1005/1055 1067/1114
   2     3.3e-05          14   1.0000000       0.012  127   82  166
------     Current Progress:  61 % - Assembling matrices
------     Current Progress:  61 % - Matrix factorization
Memory: 987/1055 1070/1114
------     Current Progress:  61 % - Assembling matrices
Memory: 1006/1055 1068/1114
   3     1.8e-11     2.1e-08   1.0000000     3.3e-05  129   83  168
    
Continuation parameter VG = -8.
------     Current Progress:  63 % - Assembling matrices
Memory: 1004/1055 1065/1114
------     Current Progress:  63 % - Matrix factorization
Memory: 957/1055 1069/1114
Iter      SolEst      ResEst     Damping    Stepsize #Res #Jac #Sol
------     Current Progress:  63 % - Solving linear system
Memory: 1005/1055 1067/1114
   1       0.012     4.1e+15   1.0000000        0.09  131   84  170
------     Current Progress:  63 % - Assembling matrices
Memory: 1007/1055 1069/1114
------     Current Progress:  63 % - Matrix factorization
Memory: 939/1055 1043/1114
------     Current Progress:  63 % - Solving linear system
Memory: 1007/1055 1069/1114
   2     3.1e-05          14   1.0000000       0.012  132   85  172
------     Current Progress:  63 % - Assembling matrices
Memory: 1006/1055 1068/1114
------     Current Progress:  63 % - Matrix factorization
Memory: 985/1055 1071/1114
------     Current Progress:  63 % - Assembling matrices
Memory: 1007/1055 1069/1114
   3     1.3e-11     2.3e-08   1.0000000       3e-05  134   86  174
    
Continuation parameter VG = -12.
------     Current Progress:  65 % - Assembling matrices
Memory: 1005/1055 1067/1114
------     Current Progress:  65 % - Matrix factorization
Memory: 949/1055 1070/1114
Iter      SolEst      ResEst     Damping    Stepsize #Res #Jac #Sol
------     Current Progress:  65 % - Solving linear system
Memory: 1006/1055 1068/1114
   1       0.011     3.9e+15   1.0000000       0.089  136   87  176
------     Current Progress:  65 % - Assembling matrices
Memory: 1008/1055 1070/1114
------     Current Progress:  65 % - Matrix factorization
Memory: 933/1055 973/1114
------     Current Progress:  65 % - Solving linear system
Memory: 1008/1055 1070/1114
   2     2.8e-05          14   1.0000000       0.012  137   88  178
------     Current Progress:  65 % - Assembling matrices
Memory: 1007/1055 1069/1114
------     Current Progress:  65 % - Matrix factorization
Memory: 982/1055 1073/1114
------     Current Progress:  65 % - Assembling matrices
Memory: 1008/1055 1070/1114
   3     9.5e-12     2.7e-08   1.0000000     2.7e-05  139   89  180
    
Continuation parameter VG = -16.
------     Current Progress:  67 % - Assembling matrices
Memory: 1006/1055 1068/1114
------     Current Progress:  67 % - Matrix factorization
Memory: 950/1055 1071/1114
Iter      SolEst      ResEst     Damping    Stepsize #Res #Jac #Sol
------     Current Progress:  67 % - Solving linear system
Memory: 1007/1055 1069/1114
   1       0.011     3.5e+15   1.0000000       0.088  141   90  182
------     Current Progress:  67 % - Assembling matrices
Memory: 1009/1055 1071/1114
------     Current Progress:  67 % - Constraint handling
Memory: 1016/1055 1082/1114
------     Current Progress:  67 % - Matrix factorization
Memory: 999/1055 1075/1114
------     Current Progress:  67 % - Assembling matrices
Memory: 1009/1055 1071/1114
   2     2.6e-05          13   1.0000000       0.012  142   91  184
------     Current Progress:  67 % - Matrix factorization
Memory: 974/1055 1074/1114
------     Current Progress:  67 % - Assembling matrices
Memory: 1010/1055 1071/1114
   3       7e-12     3.2e-08   1.0000000     2.5e-05  144   92  186
    
Continuation parameter VG = -20.
------     Current Progress:  69 % - Assembling matrices
Memory: 1007/1055 1069/1114
------     Current Progress:  69 % - Matrix factorization
Memory: 941/1055 1073/1114
Iter      SolEst      ResEst     Damping    Stepsize #Res #Jac #Sol
------     Current Progress:  69 % - Solving linear system
Memory: 1012/1055 1073/1114
   1       0.011     3.5e+15   1.0000000       0.087  146   93  188
------     Current Progress:  69 % - Assembling matrices
Memory: 1011/1055 1072/1114
------     Current Progress:  69 % - Matrix factorization
Memory: 990/1055 1076/1114
------     Current Progress:  69 % - Assembling matrices
Memory: 1011/1055 1072/1114
   2     2.4e-05          13   1.0000000       0.012  147   94  190
------     Current Progress:  69 % - Matrix factorization
Memory: 969/1055 1075/1114
------     Current Progress:  69 % - Assembling matrices
Memory: 1011/1055 1072/1114
   3     5.1e-12     3.8e-08   1.0000000     2.3e-05  149   95  192
    
Continuation parameter VG = -24.
-------    Current Progress:  71 % - Assembling matrices
Memory: 1000/1055 1062/1114
-------    Current Progress:  71 % - Matrix factorization
Memory: 984/1055 1065/1114
Iter      SolEst      ResEst     Damping    Stepsize #Res #Jac #Sol
-------    Current Progress:  71 % - Assembling matrices
Memory: 1002/1055 1064/1114
   1       0.011     3.5e+15   1.0000000       0.086  151   96  194
-------    Current Progress:  71 % - Matrix factorization
Memory: 960/1055 1069/1114
-------    Current Progress:  71 % - Solving linear system
Memory: 1002/1055 1064/1114
   2     2.2e-05          13   1.0000000       0.011  152   97  196
-------    Current Progress:  71 % - Assembling matrices
-------    Current Progress:  71 % - Matrix factorization
Memory: 935/1055 1038/1114
-------    Current Progress:  71 % - Solving linear system
Memory: 1003/1055 1065/1114
   3     3.6e-12       4e-08   1.0000000     2.1e-05  154   98  198
    
Continuation parameter VG = -28.
-------    Current Progress:  73 % - Assembling matrices
Memory: 1001/1055 1063/1114
-------    Current Progress:  73 % - Matrix factorization
Memory: 970/1055 1066/1114
Iter      SolEst      ResEst     Damping    Stepsize #Res #Jac #Sol
-------    Current Progress:  73 % - Assembling matrices
Memory: 1003/1055 1065/1114
   1        0.01     3.3e+15   1.0000000       0.084  156   99  200
-------    Current Progress:  73 % - Matrix factorization
Memory: 939/1055 1070/1114
-------    Current Progress:  73 % - Solving linear system
Memory: 1004/1055 1066/1114
   2     2.1e-05          13   1.0000000       0.011  157  100  202
-------    Current Progress:  73 % - Assembling matrices
Memory: 1003/1055 1065/1114
-------    Current Progress:  73 % - Matrix factorization
Memory: 986/1055 1069/1114
-------    Current Progress:  73 % - Assembling matrices
Memory: 1004/1055 1066/1114
   3     2.8e-12     4.6e-08   1.0000000       2e-05  159  101  204
    
Continuation parameter VG = -32.
-------    Current Progress:  75 % - Assembling sparsity pattern
Memory: 984/1055 1045/1114
-------    Current Progress:  75 % - Assembling matrices
Memory: 1002/1055 1064/1114
-------    Current Progress:  75 % - Matrix factorization
Memory: 982/1055 1068/1114
Iter      SolEst      ResEst     Damping    Stepsize #Res #Jac #Sol
-------    Current Progress:  75 % - Assembling matrices
Memory: 1004/1055 1066/1114
   1        0.01     3.3e+15   1.0000000       0.082  161  102  206
-------    Current Progress:  75 % - Matrix factorization
Memory: 966/1055 1071/1114
-------    Current Progress:  75 % - Assembling matrices
Memory: 1005/1055 1067/1114
   2       2e-05          12   1.0000000       0.011  162  103  208
-------    Current Progress:  75 % - Matrix factorization
Memory: 938/1055 1070/1114
-------    Current Progress:  75 % - Solving linear system
Memory: 1000/1055 1065/1114
   3     2.4e-12     1.2e-07   1.0000000     1.9e-05  164  104  210
    
Continuation parameter VG = -36.
-------    Current Progress:  76 % - Assembling matrices
Memory: 1003/1055 1065/1114
-------    Current Progress:  76 % - Matrix factorization
Memory: 970/1055 1069/1114
Iter      SolEst      ResEst     Damping    Stepsize #Res #Jac #Sol
-------    Current Progress:  76 % - Assembling matrices
Memory: 1005/1055 1067/1114
   1        0.01     3.2e+15   1.0000000        0.08  166  105  212
-------    Current Progress:  77 % - Assembling matrices
Memory: 1006/1055 1068/1114
-------    Current Progress:  77 % - Matrix factorization
Memory: 950/1055 1072/1114
-------    Current Progress:  77 % - Solving linear system
Memory: 1006/1055 1067/1114
   2     1.9e-05          12   1.0000000        0.01  167  106  214
-------    Current Progress:  77 % - Assembling matrices
Memory: 1005/1055 1067/1114
-------    Current Progress:  77 % - Matrix factorization
Memory: 930/1055 970/1114
-------    Current Progress:  77 % - Solving linear system
Memory: 1007/1055 1068/1114
   3     2.3e-12       6e-08   1.0000000     1.7e-05  169  107  216
    
Continuation parameter VG = -40.
-------    Current Progress:  78 % - Assembling matrices
Memory: 1005/1055 1066/1114
-------    Current Progress:  78 % - Matrix factorization
Memory: 971/1055 1070/1114
Iter      SolEst      ResEst     Damping    Stepsize #Res #Jac #Sol
-------    Current Progress:  78 % - Assembling matrices
Memory: 1007/1055 1068/1114
   1      0.0097       3e+15   1.0000000       0.078  171  108  218
-------    Current Progress:  79 % - Assembling matrices
Memory: 1007/1055 1069/1114
-------    Current Progress:  79 % - Matrix factorization
Memory: 950/1055 1073/1114
-------    Current Progress:  79 % - Solving linear system
Memory: 1007/1055 1068/1114
   2     1.8e-05          11   1.0000000        0.01  172  109  220
-------    Current Progress:  79 % - Assembling matrices
Memory: 1006/1055 1068/1114
-------    Current Progress:  79 % - Matrix factorization
Memory: 999/1055 1062/1114
-------    Current Progress:  79 % - Assembling matrices
Memory: 1008/1055 1069/1114
   3     2.1e-12     6.4e-08   1.0000000     1.6e-05  174  110  222
    
Continuation parameter VG = -44.
--------   Current Progress:  80 % - Assembling matrices
Memory: 1006/1055 1067/1114
--------   Current Progress:  80 % - Matrix factorization
Memory: 964/1055 1071/1114
Iter      SolEst      ResEst     Damping    Stepsize #Res #Jac #Sol
--------   Current Progress:  80 % - Assembling matrices
Memory: 1008/1055 1069/1114
   1      0.0093     2.9e+15   1.0000000       0.075  176  111  224
--------   Current Progress:  81 % - Assembling matrices
Memory: 1008/1055 1070/1114
--------   Current Progress:  81 % - Matrix factorization
Memory: 945/1055 1074/1114
--------   Current Progress:  81 % - Solving linear system
Memory: 1008/1055 1069/1114
   2     1.6e-05          10   1.0000000      0.0098  177  112  226
--------   Current Progress:  81 % - Assembling matrices
Memory: 1007/1055 1069/1114
--------   Current Progress:  81 % - Constraint handling
Memory: 1017/1055 1079/1114
--------   Current Progress:  81 % - Matrix factorization
Memory: 998/1055 1073/1114
--------   Current Progress:  81 % - Assembling matrices
Memory: 1009/1055 1070/1114
   3     1.8e-12     6.9e-08   1.0000000     1.5e-05  179  113  228
    
Continuation parameter VG = -48.
--------   Current Progress:  82 % - Assembling matrices
Memory: 1015/1055 1076/1114
--------   Current Progress:  82 % - Matrix factorization
Memory: 956/1055 1080/1114
Iter      SolEst      ResEst     Damping    Stepsize #Res #Jac #Sol
--------   Current Progress:  82 % - Solving linear system
Memory: 1016/1055 1077/1114
   1       0.009     2.9e+15   1.0000000       0.072  181  114  230
--------   Current Progress:  83 % - Assembling matrices
Memory: 1018/1055 1079/1114
--------   Current Progress:  83 % - Matrix factorization
Memory: 943/1055 982/1114
--------   Current Progress:  83 % - Solving linear system
Memory: 1017/1055 1082/1114
   2     1.5e-05         9.5   1.0000000      0.0095  182  115  232
--------   Current Progress:  83 % - Assembling matrices
Memory: 1017/1055 1078/1114
--------   Current Progress:  83 % - Matrix factorization
Memory: 994/1055 1082/1114
--------   Current Progress:  83 % - Assembling matrices
Memory: 1018/1055 1079/1114
   3     1.4e-12     7.7e-08   1.0000000     1.3e-05  184  116  234
    
Continuation parameter VG = -52.
--------   Current Progress:  84 % - Assembling matrices
Memory: 1016/1055 1077/1114
--------   Current Progress:  84 % - Matrix factorization
Memory: 964/1055 1081/1114
Iter      SolEst      ResEst     Damping    Stepsize #Res #Jac #Sol
--------   Current Progress:  84 % - Solving linear system
Memory: 1017/1055 1078/1114
   1      0.0087     2.8e+15   1.0000000       0.069  186  117  236
--------   Current Progress:  85 % - Assembling matrices
Memory: 1019/1055 1080/1114
--------   Current Progress:  85 % - Matrix factorization
Memory: 944/1055 983/1114
--------   Current Progress:  85 % - Solving linear system
Memory: 1019/1055 1080/1114
   2     1.3e-05         8.9   1.0000000      0.0092  187  118  238
--------   Current Progress:  85 % - Assembling matrices
Memory: 1018/1055 1079/1114
--------   Current Progress:  85 % - Matrix factorization
Memory: 993/1055 1083/1114
--------   Current Progress:  85 % - Assembling matrices
Memory: 1019/1055 1080/1114
   3     1.1e-12     8.2e-08   1.0000000     1.2e-05  189  119  240
    
Continuation parameter VG = -56.
--------   Current Progress:  86 % - Assembling matrices
Memory: 1008/1055 1069/1114
--------   Current Progress:  86 % - Matrix factorization
Memory: 944/1055 1073/1114
Iter      SolEst      ResEst     Damping    Stepsize #Res #Jac #Sol
--------   Current Progress:  86 % - Solving linear system
Memory: 1008/1055 1074/1114
   1      0.0084     2.9e+15   1.0000000       0.067  191  120  242
--------   Current Progress:  86 % - Assembling matrices
Memory: 1011/1055 1073/1114
--------   Current Progress:  86 % - Matrix factorization
Memory: 996/1055 1077/1114
--------   Current Progress:  86 % - Assembling matrices
Memory: 1012/1055 1073/1114
   2     1.1e-05         8.3   1.0000000      0.0089  192  121  244
--------   Current Progress:  87 % - Assembling matrices
Memory: 1010/1055 1072/1114
--------   Current Progress:  87 % - Matrix factorization
Memory: 972/1055 1076/1114
--------   Current Progress:  87 % - Assembling matrices
Memory: 1012/1055 1073/1114
   3       8e-13     8.7e-08   1.0000000       1e-05  194  122  246
    
Continuation parameter VG = -60.
--------   Current Progress:  88 % - Assembling matrices
Memory: 1009/1055 1070/1114
--------   Current Progress:  88 % - Matrix factorization
Memory: 942/1055 1045/1114
Iter      SolEst      ResEst     Damping    Stepsize #Res #Jac #Sol
--------   Current Progress:  88 % - Solving linear system
Memory: 1014/1055 1075/1114
   1      0.0081     2.8e+15   1.0000000       0.065  196  123  248
--------   Current Progress:  88 % - Assembling matrices
Memory: 1013/1055 1074/1114
--------   Current Progress:  88 % - Matrix factorization
Memory: 996/1055 1078/1114
--------   Current Progress:  88 % - Assembling matrices
Memory: 1013/1055 1074/1114
   2       1e-05         7.8   1.0000000      0.0087  197  124  250
--------   Current Progress:  89 % - Assembling matrices
Memory: 1011/1055 1073/1114
--------   Current Progress:  89 % - Matrix factorization
Memory: 977/1055 1077/1114
--------   Current Progress:  89 % - Assembling matrices
Memory: 1013/1055 1074/1114
   3     5.8e-13     9.6e-08   1.0000000     9.1e-06  199  125  252
    
Continuation parameter VG = -64.
---------  Current Progress:  90 % - Assembling matrices
Memory: 1010/1055 1072/1114
---------  Current Progress:  90 % - Matrix factorization
Memory: 945/1055 1076/1114
Iter      SolEst      ResEst     Damping    Stepsize #Res #Jac #Sol
---------  Current Progress:  90 % - Solving linear system
Memory: 1015/1055 1076/1114
   1      0.0078     2.7e+15   1.0000000       0.063  201  126  254
---------  Current Progress:  90 % - Assembling matrices
Memory: 1014/1055 1075/1114
---------  Current Progress:  90 % - Constraint handling
Memory: 1018/1055 1086/1114
---------  Current Progress:  90 % - Matrix factorization
Memory: 1000/1055 1079/1114
---------  Current Progress:  90 % - Assembling matrices
Memory: 1014/1055 1075/1114
   2     8.9e-06         7.3   1.0000000      0.0084  202  127  256
---------  Current Progress:  91 % - Assembling matrices
Memory: 1013/1055 1074/1114
---------  Current Progress:  91 % - Matrix factorization
Memory: 980/1055 1078/1114
---------  Current Progress:  91 % - Assembling matrices
Memory: 1014/1055 1075/1114
   3     4.2e-13     9.3e-08   1.0000000     8.1e-06  204  128  258
    
Continuation parameter VG = -68.
---------  Current Progress:  92 % - Assembling matrices
Memory: 1012/1055 1073/1114
---------  Current Progress:  92 % - Matrix factorization
Memory: 949/1055 1077/1114
Iter      SolEst      ResEst     Damping    Stepsize #Res #Jac #Sol
---------  Current Progress:  92 % - Solving linear system
Memory: 1013/1055 1074/1114
   1      0.0076     2.6e+15   1.0000000       0.062  206  129  260
---------  Current Progress:  92 % - Assembling matrices
Memory: 1015/1055 1076/1114
---------  Current Progress:  92 % - 
Memory: 1009/1055 1070/1114
---------  Current Progress:  92 % - Matrix factorization
Memory: 999/1055 1080/1114
---------  Current Progress:  92 % - Assembling matrices
Memory: 1015/1055 1076/1114
   2     7.8e-06         6.9   1.0000000      0.0081  207  130  262
---------  Current Progress:  93 % - Assembling matrices
Memory: 1014/1055 1075/1114
---------  Current Progress:  93 % - Matrix factorization
Memory: 981/1055 1079/1114
---------  Current Progress:  93 % - Assembling matrices
Memory: 1015/1055 1076/1114
   3     2.9e-13       1e-07   1.0000000       7e-06  209  131  264
    
Continuation parameter VG = -72.
---------  Current Progress:  94 % - Assembling matrices
Memory: 1013/1055 1074/1114
---------  Current Progress:  94 % - Matrix factorization
Memory: 956/1055 1078/1114
Iter      SolEst      ResEst     Damping    Stepsize #Res #Jac #Sol
---------  Current Progress:  94 % - Solving linear system
Memory: 1014/1055 1075/1114
   1      0.0073     2.6e+15   1.0000000       0.061  211  132  266
---------  Current Progress:  94 % - Assembling matrices
Memory: 1016/1055 1077/1114
---------  Current Progress:  94 % - Matrix factorization
Memory: 941/1055 980/1114
---------  Current Progress:  94 % - Solving linear system
Memory: 1014/1055 1076/1114
   2     6.7e-06         6.4   1.0000000      0.0077  212  133  268
---------  Current Progress:  95 % - Assembling matrices
Memory: 1015/1055 1076/1114
---------  Current Progress:  95 % - Matrix factorization
Memory: 994/1055 1080/1114
---------  Current Progress:  95 % - Assembling matrices
Memory: 1016/1055 1077/1114
   3     2.1e-13       1e-07   1.0000000     6.1e-06  214  134  270
    
Continuation parameter VG = -76.
---------  Current Progress:  96 % - Assembling matrices
Memory: 1014/1055 1075/1114
---------  Current Progress:  96 % - Matrix factorization
Memory: 967/1055 1079/1114
Iter      SolEst      ResEst     Damping    Stepsize #Res #Jac #Sol
---------  Current Progress:  96 % - Solving linear system
Memory: 1015/1055 1076/1114
   1      0.0069     2.6e+15   1.0000000       0.059  216  135  272
---------  Current Progress:  96 % - Assembling matrices
Memory: 1017/1055 1078/1114
---------  Current Progress:  96 % - Matrix factorization
Memory: 949/1055 1052/1114
---------  Current Progress:  96 % - Solving linear system
Memory: 1017/1055 1078/1114
   2     5.7e-06           6   1.0000000      0.0074  217  136  274
---------  Current Progress:  96 % - Assembling matrices
Memory: 1016/1055 1077/1114
---------  Current Progress:  96 % - Matrix factorization
Memory: 995/1055 1081/1114
---------  Current Progress:  96 % - Assembling matrices
Memory: 1017/1055 1078/1114
   3     1.5e-13     1.1e-07   1.0000000     5.2e-06  219  137  276
    
Continuation parameter VG = -80.
---------  Current Progress:  98 % - Assembling matrices
Memory: 1015/1055 1076/1114
---------  Current Progress:  98 % - Matrix factorization
Memory: 967/1055 1080/1114
Iter      SolEst      ResEst     Damping    Stepsize #Res #Jac #Sol
---------  Current Progress:  98 % - Solving linear system
Memory: 1016/1055 1077/1114
   1      0.0066     2.4e+15   1.0000000       0.058  221  138  278
---------  Current Progress:  98 % - Assembling matrices
Memory: 1018/1055 1079/1114
---------  Current Progress:  98 % - Matrix factorization
Memory: 949/1055 1053/1114
---------  Current Progress:  98 % - Solving linear system
Memory: 1018/1055 1079/1114
   2     4.7e-06         5.5   1.0000000       0.007  222  139  280
---------  Current Progress:  98 % - Assembling matrices
Memory: 1017/1055 1078/1114
---------  Current Progress:  98 % - Constraint handling
Memory: 1015/1055 1089/1114
---------  Current Progress:  98 % - Matrix factorization
Memory: 1005/1055 1082/1114
---------  Current Progress:  98 % - Assembling matrices
Memory: 1018/1055 1079/1114
   3     1.2e-13     1.1e-07   1.0000000     4.3e-06  224  140  282
---------- Current Progress: 100 % - Constraint handling
Memory: 874/1055 913/1114
Solution time: 172 s. (2 minutes, 52 seconds)
Physical memory: 1.02 GB
Virtual memory: 1.09 GB
Ended at Oct 3, 2026, 11:50:05 AM.
----- Stationary Solver 2 in Study 1/Solution 1 (sol1) ------------------------>
VD=0.400000: 41 / 41 nuqta qaytdi (ok=true)
<---- Compile Equations: Semiconductor Equilibrium in Study 1/Solution 1 (sol1) -
Started at Oct 3, 2026, 11:50:07 AM.
Geometry shape function: Linear Lagrange
Running on 11th Gen Intel(R) Core(TM) i7-1165G7 at 2.80 GHz.
Using 1 socket with 4 cores in total on WIN-FNSSP1NOF49.
Available memory: 7.97 GB.
           Current Progress:   1 % - Compile Equations: Semiconductor Equilibrium
Memory: 909/1055 946/1114
           Current Progress:   1 % - Creating visualization mesh
Time: 1 s.
Physical memory: 910 MB
Virtual memory: 947 MB
Ended at Oct 3, 2026, 11:50:08 AM.
----- Compile Equations: Semiconductor Equilibrium in Study 1/Solution 1 (sol1) >
<---- Dependent Variables 1 in Study 1/Solution 1 (sol1) -----------------------
Started at Oct 3, 2026, 11:50:08 AM.
           Current Progress:   1 % - Dependent Variables 1
Memory: 914/1055 951/1114
Solution time: 0 s.
Physical memory: 914 MB
Virtual memory: 951 MB
Ended at Oct 3, 2026, 11:50:08 AM.
----- Dependent Variables 1 in Study 1/Solution 1 (sol1) ---------------------->
<---- Stationary Solver 1 in Study 1/Solution 1 (sol1) -------------------------
Started at Oct 3, 2026, 11:50:08 AM.
Nonlinear solver
Number of degrees of freedom solved for: 138873.
           Current Progress:   2 % - Assembling sparsity pattern
Memory: 865/1055 902/1114
Nonsymmetric matrix found.
Scales for dependent variables:
Electron solution variable (comp1.Ne): 2.5e+24
Hole solution variable (comp1.Ph): 2.4e+28
Electric potential (comp1.V): 8e+22
Orthonormal null-space function used.
           Current Progress:   2 % - Matrix factorization
Memory: 908/1055 958/1114
Iter      SolEst      ResEst     Damping    Stepsize #Res #Jac #Sol
           Current Progress:   2 % - Assembling matrices
Memory: 977/1055 1036/1114
   1         5.4       5e+15   0.1000000         6.2    2    1    2
           Current Progress:   3 % - Assembling sparsity pattern
Memory: 970/1055 1029/1114
           Current Progress:   3 % - Matrix factorization
Memory: 953/1055 1042/1114
           Current Progress:   3 % - Solving linear system
Memory: 981/1055 1040/1114
   2         1.6     8.2e+03   0.0974793         1.8    4    2    5
           Current Progress:   5 % - Assembling matrices
Memory: 978/1055 1037/1114
           Current Progress:   5 % - Matrix factorization
Memory: 971/1055 1038/1114
           Current Progress:   5 % - Assembling matrices
Memory: 845/1055 897/1114
   3        0.84     1.1e+04   0.0921129        0.93    6    3    8
           Current Progress:   9 % - Assembling matrices
Memory: 842/1055 895/1114
           Current Progress:   9 % - Matrix factorization
Memory: 836/1055 899/1114
           Current Progress:   9 % - Assembling matrices
Memory: 845/1055 897/1114
           Current Progress:   9 % - Solving linear system
Memory: 846/1055 898/1114
   4        0.68     1.7e+04   0.0946175        0.75    8    4   11
           Current Progress:   9 % - Matrix factorization
Memory: 801/1055 840/1114
           Current Progress:   9 % - Solving linear system
Memory: 846/1055 899/1114
   5        0.54     3.3e+04   0.1019312         0.6   10    5   14
-          Current Progress:  10 % - Matrix factorization
Memory: 814/1055 900/1114
-          Current Progress:  10 % - Solving linear system
Memory: 846/1055 899/1114
   6        0.45     6.9e+04   0.1079368        0.51   12    6   17
-          Current Progress:  11 % - Matrix factorization
Memory: 813/1055 900/1114
-          Current Progress:  11 % - Solving linear system
Memory: 846/1055 899/1114
   7        0.38     1.6e+05   0.1226959        0.43   14    7   20
-          Current Progress:  11 % - Matrix factorization
Memory: 821/1055 900/1114
-          Current Progress:  11 % - Solving linear system
Memory: 845/1055 898/1114
   8        0.31     3.7e+05   0.1409624        0.36   16    8   23
-          Current Progress:  12 % - Assembling matrices
Memory: 842/1055 895/1114
-          Current Progress:  12 % - Matrix factorization
Memory: 826/1055 900/1114
-          Current Progress:  12 % - Solving linear system
Memory: 845/1055 898/1114
-          Current Progress:  12 % - Assembling matrices
Memory: 845/1055 897/1114
   9        0.24     8.9e+05   0.1675818        0.29   18    9   26
-          Current Progress:  12 % - Matrix factorization
Memory: 831/1055 900/1114
-          Current Progress:  12 % - Solving linear system
Memory: 841/1055 893/1114
-          Current Progress:  12 % - Assembling matrices
Memory: 845/1055 897/1114
  10        0.18     2.2e+06   0.2062502        0.23   20   10   29
-          Current Progress:  13 % - Assembling matrices
Memory: 842/1055 895/1114
-          Current Progress:  13 % - Matrix factorization
Memory: 835/1055 900/1114
-          Current Progress:  13 % - Assembling matrices
Memory: 845/1055 897/1114
-          Current Progress:  13 % - Solving linear system
Memory: 846/1055 899/1114
  11        0.13     5.7e+06   0.2671506        0.18   22   11   32
-          Current Progress:  14 % - Matrix factorization
Memory: 805/1055 841/1114
-          Current Progress:  14 % - Solving linear system
Memory: 846/1055 899/1114
  12        0.08     1.5e+07   0.3770674        0.12   24   12   35
-          Current Progress:  14 % - Assembling matrices
Memory: 839/1055 892/1114
-          Current Progress:  14 % - Matrix factorization
Memory: 837/1055 900/1114
-          Current Progress:  14 % - Assembling matrices
Memory: 845/1055 897/1114
  13       0.019     1.1e+08   1.0000000       0.071   25   13   37
-          Current Progress:  16 % - Assembling matrices
Memory: 842/1055 895/1114
-          Current Progress:  16 % - Matrix factorization
Memory: 830/1055 900/1114
-          Current Progress:  16 % - Solving linear system
Memory: 845/1055 898/1114
  14     1.6e-05     1.7e+03   1.0000000       0.014   26   14   39
-          Current Progress:  18 % - Assembling matrices
Memory: 842/1055 895/1114
-          Current Progress:  18 % - Matrix factorization
Memory: 825/1055 900/1114
-          Current Progress:  18 % - Solving linear system
Memory: 845/1055 898/1114
-          Current Progress:  18 % - Assembling matrices
Memory: 844/1055 896/1114
  15     3.3e-10     3.7e-06   1.0000000     1.3e-05   28   15   41
-          Current Progress:  18 % - Constraint handling
Memory: 746/1055 781/1114
Solution time: 16 s.
Physical memory: 982 MB
Virtual memory: 1042 MB
Ended at Oct 3, 2026, 11:50:23 AM.
----- Stationary Solver 1 in Study 1/Solution 1 (sol1) ------------------------>
<---- Compile Equations: Stationary in Study 1/Solution 1 (sol1) ---------------
Started at Oct 3, 2026, 11:50:23 AM.
Geometry shape function: Linear Lagrange
-          Current Progress:  19 % - Compile Equations: Stationary
Memory: 847/1055 886/1114
-          Current Progress:  19 % - Creating visualization mesh
Memory: 834/1055 873/1114
Time: 1 s.
Physical memory: 847 MB
Virtual memory: 886 MB
Ended at Oct 3, 2026, 11:50:25 AM.
----- Compile Equations: Stationary in Study 1/Solution 1 (sol1) -------------->
<---- Dependent Variables 2 in Study 1/Solution 1 (sol1) -----------------------
Started at Oct 3, 2026, 11:50:25 AM.
Initial values of variables solved for: Solution 1 (sol1), Solution Store 1 (sol2).
Values of variables not solved for: Solution 1 (sol1).
-          Current Progress:  19 % - Dependent Variables 2
Memory: 841/1055 879/1114
Solution time: 0 s.
Physical memory: 841 MB
Virtual memory: 879 MB
Ended at Oct 3, 2026, 11:50:25 AM.
----- Dependent Variables 2 in Study 1/Solution 1 (sol1) ---------------------->
<---- Stationary Solver 2 in Study 1/Solution 1 (sol1) -------------------------
Started at Oct 3, 2026, 11:50:25 AM.
Continuation solver
Nonlinear solver
Number of degrees of freedom solved for: 138873.
    
Continuation parameter VG = 80.
--         Current Progress:  20 % - Assembling matrices
Memory: 859/1055 896/1114
--         Current Progress:  20 % - Assembling sparsity pattern
Memory: 865/1055 902/1114
--         Current Progress:  20 % - Assembling matrices
Memory: 894/1055 932/1114
Nonsymmetric matrix found.
Scales for dependent variables:
Electron solution variable (comp1.Ne): 2.9e+25
Hole solution variable (comp1.Ph): 2.3e+29
Electric potential (comp1.V): 2.7e+19
Orthonormal null-space function used.
--         Current Progress:  20 % - Matrix factorization
Memory: 909/1055 946/1114
Iter      SolEst      ResEst     Damping    Stepsize #Res #Jac #Sol
--         Current Progress:  20 % - Solving linear system
Memory: 1018/1055 1079/1114
   1        0.29     6.6e+11   0.1000000        0.48    2    1    2
--         Current Progress:  20 % - Assembling sparsity pattern
Memory: 1000/1055 1062/1114
--         Current Progress:  20 % - Assembling matrices
Memory: 1016/1055 1078/1114
--         Current Progress:  20 % - Matrix factorization
Memory: 992/1055 1082/1114
--         Current Progress:  20 % - Assembling matrices
Memory: 1017/1055 1078/1114
   2        0.74     5.6e+04   0.0100000        0.75    3    2    4
--         Current Progress:  20 % - Assembling sparsity pattern
Memory: 995/1055 1057/1114
--         Current Progress:  20 % - Assembling matrices
Memory: 1010/1055 1072/1114
--         Current Progress:  20 % - Matrix factorization
Memory: 979/1055 1075/1114
--         Current Progress:  20 % - Assembling matrices
Memory: 1010/1055 1072/1114
   3        0.63     3.3e+04   0.1000000         0.9    4    3    6
--         Current Progress:  20 % - Matrix factorization
Memory: 951/1055 1075/1114
--         Current Progress:  20 % - Solving linear system
Memory: 1009/1055 1071/1114
   4         1.3     3.6e+04   0.0804213         1.6    5    4    8
--         Current Progress:  20 % - Assembling matrices
--         Current Progress:  20 % - Matrix factorization
Memory: 963/1055 1065/1114
--         Current Progress:  20 % - Assembling matrices
Memory: 1011/1055 1072/1114
   5        0.29     4.4e+04   0.1238572        0.54    6    5   10
--         Current Progress:  21 % - Assembling matrices
Memory: 1010/1055 1071/1114
--         Current Progress:  21 % - Matrix factorization
Memory: 980/1055 1075/1114
--         Current Progress:  21 % - Assembling matrices
Memory: 1011/1055 1072/1114
   6        0.78     4.4e+04   0.0368260        0.82    7    6   12
--         Current Progress:  21 % - Matrix factorization
Memory: 952/1055 1075/1114
--         Current Progress:  21 % - Solving linear system
Memory: 1010/1055 1071/1114
   7        0.25     5.8e+04   0.1468272        0.64    8    7   14
--         Current Progress:  21 % - Assembling matrices
--         Current Progress:  21 % - Matrix factorization
Memory: 930/1055 974/1114
--         Current Progress:  21 % - Assembling matrices
Memory: 1011/1055 1072/1114
   8         1.5     5.7e+04   0.0180328         1.5    9    8   16
--         Current Progress:  21 % - Matrix factorization
Memory: 966/1055 1075/1114
--         Current Progress:  21 % - Solving linear system
Memory: 1010/1055 1071/1114
   9        0.66     6.2e+04   0.1233783        0.98   10    9   18
--         Current Progress:  21 % - Assembling matrices
--         Current Progress:  21 % - Matrix factorization
Memory: 936/1055 1046/1114
--         Current Progress:  21 % - Assembling matrices
Memory: 1006/1055 1067/1114
  10        0.71     6.6e+04   0.1466831         1.3   11   10   20
--         Current Progress:  21 % - Matrix factorization
Memory: 975/1055 1075/1114
--         Current Progress:  21 % - Assembling matrices
Memory: 1011/1055 1072/1114
  11         2.5     6.3e+04   0.0839210           3   12   11   22
--         Current Progress:  21 % - Matrix factorization
Memory: 955/1055 1075/1114
--         Current Progress:  21 % - Solving linear system
Memory: 1010/1055 1071/1114
  12        0.75     6.1e+04   0.0484927        0.79   14   12   25
--         Current Progress:  21 % - Assembling matrices
--         Current Progress:  21 % - Matrix factorization
Memory: 942/1055 1046/1114
--         Current Progress:  21 % - Solving linear system
Memory: 1011/1055 1072/1114
  13        0.64     6.3e+04   0.2400414        0.97   15   13   27
--         Current Progress:  21 % - Assembling matrices
Memory: 1010/1055 1071/1114
--         Current Progress:  21 % - Matrix factorization
Memory: 986/1055 1075/1114
--         Current Progress:  21 % - Assembling matrices
Memory: 1011/1055 1073/1114
  14        0.34     5.8e+04   0.1000000        0.38   17   14   30
--         Current Progress:  21 % - Matrix factorization
Memory: 976/1055 1075/1114
--         Current Progress:  21 % - Assembling matrices
Memory: 1011/1055 1073/1114
  15        0.31     4.7e+04   0.4266388        0.61   18   15   32
--         Current Progress:  21 % - Matrix factorization
Memory: 954/1055 1075/1114
--         Current Progress:  21 % - Solving linear system
Memory: 1010/1055 1072/1114
  16        0.16     4.2e+04   0.1000000        0.18   20   16   35
--         Current Progress:  21 % - Assembling matrices
Memory: 1010/1055 1071/1114
--         Current Progress:  21 % - Matrix factorization
Memory: 942/1055 1046/1114
--         Current Progress:  21 % - Solving linear system
Memory: 1011/1055 1073/1114
  17        0.11     2.7e+04   0.3702256        0.17   21   17   37
--         Current Progress:  21 % - Assembling matrices
Memory: 1010/1055 1072/1114
--         Current Progress:  21 % - Matrix factorization
Memory: 986/1055 1075/1114
--         Current Progress:  21 % - Assembling matrices
Memory: 1011/1055 1073/1114
  18       0.082     1.2e+04   0.5540432        0.18   22   18   39
--         Current Progress:  21 % - Matrix factorization
Memory: 959/1055 1075/1114
--         Current Progress:  21 % - Solving linear system
Memory: 1010/1055 1072/1114
  19        0.08     2.2e+02   1.0000000        0.16   23   19   41
--         Current Progress:  21 % - Assembling matrices
--         Current Progress:  21 % - Constraint handling
Memory: 1006/1055 1067/1114
--         Current Progress:  21 % - Matrix factorization
Memory: 997/1055 1075/1114
--         Current Progress:  21 % - Assembling matrices
Memory: 1011/1055 1073/1114
  20      0.0055          46   1.0000000        0.16   24   20   43
--         Current Progress:  22 % - Assembling matrices
Memory: 1010/1055 1072/1114
--         Current Progress:  22 % - Matrix factorization
Memory: 972/1055 1075/1114
--         Current Progress:  22 % - Assembling matrices
Memory: 1011/1055 1073/1114
  21     1.7e-05        0.37   1.0000000      0.0053   25   21   45
--         Current Progress:  22 % - Matrix factorization
Memory: 954/1055 1075/1114
--         Current Progress:  22 % - Solving linear system
Memory: 1010/1055 1072/1114
  22     4.4e-05     1.8e-08   1.0000000           4   27   22   47
    
Continuation parameter VG = 76.
--         Current Progress:  22 % - Update tangent
Memory: 1006/1055 1067/1114
--         Current Progress:  22 % - Assembling matrices
Memory: 1010/1055 1072/1114
--         Current Progress:  22 % - Matrix factorization
Memory: 961/1055 1075/1114
Iter      SolEst      ResEst     Damping    Stepsize #Res #Jac #Sol
--         Current Progress:  22 % - Solving linear system
Memory: 1011/1055 1073/1114
   1        0.01     1.9e+14   1.0000000       0.083   29   23   49
--         Current Progress:  22 % - Assembling matrices
Memory: 1013/1055 1075/1114
--         Current Progress:  22 % - Matrix factorization
Memory: 938/1055 978/1114
--         Current Progress:  22 % - Solving linear system
Memory: 1013/1055 1075/1114
   2     3.9e-05          17   1.0000000       0.011   30   24   51
--         Current Progress:  22 % - Assembling matrices
Memory: 1012/1055 1074/1114
--         Current Progress:  22 % - Matrix factorization
Memory: 984/1055 1077/1114
--         Current Progress:  22 % - Assembling matrices
Memory: 1013/1055 1075/1114
   3     3.9e-11     1.7e-08   1.0000000     3.9e-05   32   25   53
    
Continuation parameter VG = 72.
--         Current Progress:  24 % - Assembling matrices
Memory: 1010/1055 1072/1114
--         Current Progress:  24 % - Matrix factorization
Memory: 941/1055 1046/1114
Iter      SolEst      ResEst     Damping    Stepsize #Res #Jac #Sol
--         Current Progress:  24 % - Assembling matrices
Memory: 1012/1055 1074/1114
   1       0.011     1.7e+15   1.0000000       0.085   34   26   55
--         Current Progress:  24 % - Matrix factorization
Memory: 973/1055 1079/1114
--         Current Progress:  24 % - Assembling matrices
Memory: 1013/1055 1075/1114
   2       4e-05          17   1.0000000       0.012   35   27   57
--         Current Progress:  24 % - Matrix factorization
Memory: 946/1055 1077/1114
--         Current Progress:  24 % - Solving linear system
Memory: 1013/1055 1075/1114
   3     3.6e-11     1.7e-08   1.0000000       4e-05   37   28   59
    
Continuation parameter VG = 68.
--         Current Progress:  26 % - Assembling matrices
Memory: 1011/1055 1073/1114
--         Current Progress:  26 % - Matrix factorization
Memory: 974/1055 1076/1114
Iter      SolEst      ResEst     Damping    Stepsize #Res #Jac #Sol
--         Current Progress:  26 % - Assembling matrices
Memory: 1013/1055 1075/1114
   1       0.011     1.9e+15   1.0000000       0.088   39   29   61
--         Current Progress:  26 % - Solving linear system
Memory: 1004/1055 1072/1114
--         Current Progress:  26 % - Assembling matrices
Memory: 1014/1055 1076/1114
--         Current Progress:  26 % - Constraint handling
Memory: 1012/1055 1087/1114
--         Current Progress:  26 % - Matrix factorization
Memory: 1000/1055 1080/1114
--         Current Progress:  26 % - Assembling matrices
Memory: 1014/1055 1076/1114
   2       4e-05          17   1.0000000       0.012   40   30   63
--         Current Progress:  26 % - Matrix factorization
Memory: 969/1055 1079/1114
--         Current Progress:  26 % - Assembling matrices
Memory: 1010/1055 1072/1114
   3     3.3e-11     1.9e-08   1.0000000       4e-05   42   31   65
    
Continuation parameter VG = 64.
--         Current Progress:  28 % - Assembling matrices
Memory: 1012/1055 1074/1114
--         Current Progress:  28 % - Matrix factorization
Memory: 992/1055 1077/1114
Iter      SolEst      ResEst     Damping    Stepsize #Res #Jac #Sol
--         Current Progress:  28 % - Assembling matrices
Memory: 1014/1055 1076/1114
   1       0.012     2.1e+15   1.0000000        0.09   44   32   67
--         Current Progress:  28 % - Matrix factorization
Memory: 952/1055 1081/1114
--         Current Progress:  28 % - Solving linear system
Memory: 1015/1055 1077/1114
   2       4e-05          17   1.0000000       0.013   45   33   69
--         Current Progress:  28 % - Assembling matrices
Memory: 1014/1055 1076/1114
--         Current Progress:  28 % - Matrix factorization
Memory: 983/1055 1080/1114
--         Current Progress:  28 % - Assembling matrices
Memory: 1016/1055 1077/1114
   3     3.1e-11     1.6e-08   1.0000000       4e-05   47   34   71
    
Continuation parameter VG = 60.
--         Current Progress:  29 % - Assembling matrices
Memory: 1013/1055 1075/1114
--         Current Progress:  29 % - Matrix factorization
Memory: 946/1055 1079/1114
Iter      SolEst      ResEst     Damping    Stepsize #Res #Jac #Sol
--         Current Progress:  29 % - Solving linear system
Memory: 1016/1055 1082/1114
   1       0.012     2.4e+15   1.0000000       0.091   49   35   73
---        Current Progress:  30 % - Assembling matrices
Memory: 1016/1055 1078/1114
---        Current Progress:  30 % - Matrix factorization
Memory: 979/1055 1082/1114
---        Current Progress:  30 % - Assembling matrices
Memory: 1017/1055 1078/1114
   2       4e-05          17   1.0000000       0.013   50   36   75
---        Current Progress:  30 % - Constraint handling
Memory: 1016/1055 1087/1114
---        Current Progress:  30 % - Matrix factorization
Memory: 1004/1055 1081/1114
---        Current Progress:  30 % - Assembling matrices
Memory: 1017/1055 1078/1114
   3     2.9e-11     1.6e-08   1.0000000       4e-05   52   37   77
    
Continuation parameter VG = 56.
---        Current Progress:  31 % - Assembling matrices
Memory: 1014/1055 1076/1114
---        Current Progress:  31 % - Matrix factorization
Memory: 967/1055 1080/1114
Iter      SolEst      ResEst     Damping    Stepsize #Res #Jac #Sol
---        Current Progress:  31 % - Solving linear system
Memory: 1015/1055 1077/1114
   1       0.012     2.6e+15   1.0000000       0.093   54   38   79
---        Current Progress:  32 % - Solving linear system
Memory: 1002/1055 1075/1114
---        Current Progress:  32 % - Assembling matrices
Memory: 1017/1055 1079/1114
---        Current Progress:  32 % - Matrix factorization
Memory: 942/1055 982/1114
---        Current Progress:  32 % - Assembling matrices
Memory: 1018/1055 1079/1114
   2       4e-05          16   1.0000000       0.013   55   39   81
---        Current Progress:  32 % - Matrix factorization
Memory: 955/1055 1082/1114
---        Current Progress:  32 % - Solving linear system
Memory: 1017/1055 1078/1114
   3     2.8e-11     2.3e-08   1.0000000       4e-05   57   40   83
    
Continuation parameter VG = 52.
---        Current Progress:  33 % - Assembling matrices
Memory: 1016/1055 1077/1114
---        Current Progress:  33 % - Matrix factorization
Memory: 976/1055 1081/1114
Iter      SolEst      ResEst     Damping    Stepsize #Res #Jac #Sol
---        Current Progress:  33 % - Assembling matrices
Memory: 1016/1055 1077/1114
   1       0.013     2.8e+15   1.0000000       0.094   59   41   85
---        Current Progress:  34 % - Assembling matrices
Memory: 1019/1055 1080/1114
---        Current Progress:  34 % - Matrix factorization
Memory: 951/1055 1054/1114
---        Current Progress:  34 % - Solving linear system
Memory: 1017/1055 1083/1114
   2       4e-05          16   1.0000000       0.013   60   42   87
---        Current Progress:  34 % - Assembling matrices
Memory: 1017/1055 1079/1114
---        Current Progress:  34 % - Matrix factorization
Memory: 988/1055 1083/1114
---        Current Progress:  34 % - Assembling matrices
Memory: 1019/1055 1080/1114
   3     2.8e-11     1.5e-08   1.0000000       4e-05   62   43   89
    
Continuation parameter VG = 48.
---        Current Progress:  35 % - Assembling matrices
Memory: 1016/1055 1078/1114
---        Current Progress:  35 % - Matrix factorization
Memory: 949/1055 1052/1114
Iter      SolEst      ResEst     Damping    Stepsize #Res #Jac #Sol
---        Current Progress:  35 % - Solving linear system
Memory: 1021/1055 1082/1114
   1       0.013       3e+15   1.0000000       0.095   64   44   91
---        Current Progress:  36 % - Assembling matrices
Memory: 1020/1055 1081/1114
---        Current Progress:  36 % - Matrix factorization
Memory: 997/1055 1085/1114
---        Current Progress:  36 % - Assembling matrices
Memory: 1020/1055 1081/1114
   2       4e-05          16   1.0000000       0.014   65   45   93
---        Current Progress:  36 % - Matrix factorization
Memory: 963/1055 1084/1114
---        Current Progress:  36 % - Solving linear system
Memory: 1019/1055 1080/1114
   3     2.8e-11     1.5e-08   1.0000000       4e-05   67   46   95
    
Continuation parameter VG = 44.
---        Current Progress:  37 % - Assembling matrices
Memory: 1018/1055 1079/1114
---        Current Progress:  37 % - Matrix factorization
Memory: 1001/1055 1083/1114
Iter      SolEst      ResEst     Damping    Stepsize #Res #Jac #Sol
---        Current Progress:  37 % - Assembling matrices
Memory: 1020/1055 1081/1114
   1       0.013     3.3e+15   1.0000000       0.095   69   47   97
---        Current Progress:  37 % - Matrix factorization
Memory: 980/1055 1086/1114
---        Current Progress:  37 % - Assembling matrices
Memory: 1021/1055 1082/1114
   2       4e-05          16   1.0000000       0.014   70   48   99
---        Current Progress:  38 % - Assembling matrices
Memory: 1020/1055 1081/1114
---        Current Progress:  38 % - Matrix factorization
Memory: 958/1055 1085/1114
---        Current Progress:  38 % - Solving linear system
Memory: 1020/1055 1081/1114
   3     2.8e-11     1.5e-08   1.0000000       4e-05   72   49  101
    
Continuation parameter VG = 40.
---        Current Progress:  39 % - Assembling matrices
Memory: 1010/1055 1072/1114
---        Current Progress:  39 % - Matrix factorization
Memory: 970/1055 1075/1114
Iter      SolEst      ResEst     Damping    Stepsize #Res #Jac #Sol
---        Current Progress:  39 % - Assembling matrices
Memory: 1012/1055 1074/1114
   1       0.013     3.5e+15   1.0000000       0.096   74   50  103
---        Current Progress:  39 % - Matrix factorization
Memory: 946/1055 1049/1114
---        Current Progress:  39 % - Solving linear system
Memory: 1013/1055 1075/1114
   2     3.9e-05          16   1.0000000       0.014   75   51  105
----       Current Progress:  40 % - Assembling sparsity pattern
Memory: 994/1055 1055/1114
----       Current Progress:  40 % - Assembling matrices
Memory: 1012/1055 1074/1114
----       Current Progress:  40 % - Matrix factorization
Memory: 948/1055 1077/1114
----       Current Progress:  40 % - Solving linear system
Memory: 1013/1055 1075/1114
   3     2.8e-11     1.5e-08   1.0000000     3.9e-05   77   52  107
    
Continuation parameter VG = 36.
----       Current Progress:  41 % - Assembling matrices
Memory: 1011/1055 1073/1114
----       Current Progress:  41 % - Matrix factorization
Memory: 978/1055 1076/1114
Iter      SolEst      ResEst     Damping    Stepsize #Res #Jac #Sol
----       Current Progress:  41 % - Assembling matrices
Memory: 1013/1055 1075/1114
   1       0.013     3.7e+15   1.0000000       0.096   79   53  109
----       Current Progress:  41 % - Matrix factorization
Memory: 957/1055 1080/1114
----       Current Progress:  41 % - Solving linear system
Memory: 1013/1055 1075/1114
   2     3.9e-05          16   1.0000000       0.014   80   54  111
----       Current Progress:  42 % - Assembling matrices
----       Current Progress:  42 % - Constraint handling
Memory: 1021/1055 1085/1114
----       Current Progress:  42 % - Matrix factorization
Memory: 1003/1055 1079/1114
----       Current Progress:  42 % - Assembling matrices
Memory: 1014/1055 1076/1114
   3     2.8e-11     1.5e-08   1.0000000     3.9e-05   82   55  113
    
Continuation parameter VG = 32.
----       Current Progress:  43 % - Assembling matrices
Memory: 1012/1055 1074/1114
----       Current Progress:  43 % - Matrix factorization
Memory: 970/1055 1077/1114
Iter      SolEst      ResEst     Damping    Stepsize #Res #Jac #Sol
----       Current Progress:  43 % - Assembling matrices
Memory: 1014/1055 1076/1114
   1       0.013     3.9e+15   1.0000000       0.096   84   56  115
----       Current Progress:  43 % - Matrix factorization
Memory: 951/1055 1081/1114
----       Current Progress:  43 % - Solving linear system
Memory: 1015/1055 1077/1114
   2     3.8e-05          16   1.0000000       0.014   85   57  117
----       Current Progress:  44 % - Assembling matrices
Memory: 1014/1055 1076/1114
----       Current Progress:  44 % - Matrix factorization
Memory: 991/1055 1080/1114
----       Current Progress:  44 % - Assembling matrices
Memory: 1015/1055 1077/1114
   3     2.7e-11     1.5e-08   1.0000000     3.8e-05   87   58  119
    
Continuation parameter VG = 28.
----       Current Progress:  45 % - Assembling matrices
Memory: 1013/1055 1075/1114
----       Current Progress:  45 % - Matrix factorization
Memory: 956/1055 1078/1114
Iter      SolEst      ResEst     Damping    Stepsize #Res #Jac #Sol
----       Current Progress:  45 % - Solving linear system
Memory: 1014/1055 1076/1114
   1       0.013     4.2e+15   1.0000000       0.096   89   59  121
----       Current Progress:  45 % - Assembling matrices
Memory: 1016/1055 1078/1114
----       Current Progress:  45 % - Matrix factorization
Memory: 975/1055 1082/1114
----       Current Progress:  45 % - Assembling matrices
Memory: 1017/1055 1078/1114
   2     3.7e-05          16   1.0000000       0.014   90   60  123
----       Current Progress:  46 % - Assembling matrices
Memory: 1015/1055 1077/1114
----       Current Progress:  46 % - Matrix factorization
Memory: 983/1055 1081/1114
----       Current Progress:  46 % - Assembling matrices
Memory: 1017/1055 1078/1114
   3     2.7e-11     1.5e-08   1.0000000     3.7e-05   92   61  125
    
Continuation parameter VG = 24.
----       Current Progress:  47 % - Assembling matrices
Memory: 1014/1055 1076/1114
----       Current Progress:  47 % - Matrix factorization
Memory: 991/1055 1080/1114
Iter      SolEst      ResEst     Damping    Stepsize #Res #Jac #Sol
----       Current Progress:  47 % - Assembling matrices
Memory: 1017/1055 1078/1114
   1       0.013     4.4e+15   1.0000000       0.096   94   62  127
----       Current Progress:  47 % - Matrix factorization
Memory: 1010/1055 1083/1114
----       Current Progress:  47 % - Assembling matrices
Memory: 1018/1055 1079/1114
   2     3.5e-05          16   1.0000000       0.014   95   63  129
----       Current Progress:  47 % - Matrix factorization
Memory: 949/1055 1052/1114
----       Current Progress:  47 % - Solving linear system
Memory: 1018/1055 1079/1114
   3     2.6e-11     1.6e-08   1.0000000     3.5e-05   97   64  131
    
Continuation parameter VG = 20.
----       Current Progress:  49 % - Assembling matrices
Memory: 1015/1055 1077/1114
----       Current Progress:  49 % - Matrix factorization
Memory: 990/1055 1081/1114
Iter      SolEst      ResEst     Damping    Stepsize #Res #Jac #Sol
----       Current Progress:  49 % - Assembling matrices
Memory: 1018/1055 1079/1114
   1       0.013     4.4e+15   1.0000000       0.095   99   65  133
----       Current Progress:  49 % - Matrix factorization
Memory: 969/1055 1084/1114
----       Current Progress:  49 % - Solving linear system
Memory: 1018/1055 1079/1114
   2     3.4e-05          15   1.0000000       0.014  100   66  135
----       Current Progress:  49 % - Assembling matrices
Memory: 1017/1055 1079/1114
----       Current Progress:  49 % - Matrix factorization
Memory: 950/1055 1053/1114
----       Current Progress:  49 % - Solving linear system
Memory: 1019/1055 1080/1114
   3     2.4e-11     1.6e-08   1.0000000     3.3e-05  102   67  137
    
Continuation parameter VG = 16.
-----      Current Progress:  51 % - Assembling matrices
Memory: 1017/1055 1078/1114
-----      Current Progress:  51 % - Matrix factorization
Memory: 982/1055 1082/1114
Iter      SolEst      ResEst     Damping    Stepsize #Res #Jac #Sol
-----      Current Progress:  51 % - Assembling matrices
Memory: 1019/1055 1080/1114
   1       0.013     4.7e+15   1.0000000       0.094  104   68  139
-----      Current Progress:  51 % - Matrix factorization
Memory: 965/1055 1085/1114
-----      Current Progress:  51 % - Solving linear system
Memory: 1019/1055 1080/1114
   2     3.2e-05          15   1.0000000       0.014  105   69  141
-----      Current Progress:  51 % - Assembling matrices
Memory: 1018/1055 1080/1114
-----      Current Progress:  51 % - Constraint handling
Memory: 1019/1055 1090/1114
-----      Current Progress:  51 % - Matrix factorization
Memory: 1005/1055 1084/1114
-----      Current Progress:  51 % - Assembling matrices
Memory: 1020/1055 1081/1114
   3     2.1e-11     1.7e-08   1.0000000     3.1e-05  107   70  143
    
Continuation parameter VG = 12.
-----      Current Progress:  53 % - Assembling matrices
Memory: 1017/1055 1079/1114
-----      Current Progress:  53 % - Matrix factorization
Memory: 976/1055 1083/1114
Iter      SolEst      ResEst     Damping    Stepsize #Res #Jac #Sol
-----      Current Progress:  53 % - Solving linear system
Memory: 1015/1055 1077/1114
   1       0.013     4.8e+15   1.0000000       0.093  109   71  145
-----      Current Progress:  53 % - Assembling matrices
Memory: 1021/1055 1082/1114
-----      Current Progress:  53 % - Matrix factorization
Memory: 953/1055 1056/1114
-----      Current Progress:  53 % - Solving linear system
Memory: 1021/1055 1082/1114
   2     2.9e-05          15   1.0000000       0.013  110   72  147
-----      Current Progress:  53 % - Assembling matrices
Memory: 1019/1055 1081/1114
-----      Current Progress:  53 % - Matrix factorization
Memory: 1002/1055 1085/1114
-----      Current Progress:  53 % - Assembling matrices
Memory: 1021/1055 1082/1114
   3     1.8e-11     1.7e-08   1.0000000     2.9e-05  112   73  149
    
Continuation parameter VG = 8.
-----      Current Progress:  55 % - Assembling matrices
Memory: 1010/1055 1071/1114
-----      Current Progress:  55 % - Matrix factorization
Memory: 953/1055 1075/1114
Iter      SolEst      ResEst     Damping    Stepsize #Res #Jac #Sol
-----      Current Progress:  55 % - Solving linear system
Memory: 1011/1055 1073/1114
   1       0.012     4.8e+15   1.0000000       0.092  114   74  151
-----      Current Progress:  55 % - Assembling matrices
Memory: 1013/1055 1075/1114
-----      Current Progress:  55 % - Matrix factorization
Memory: 1008/1055 1070/1114
-----      Current Progress:  55 % - Assembling matrices
Memory: 1013/1055 1075/1114
   2     2.7e-05          14   1.0000000       0.013  115   75  153
-----      Current Progress:  55 % - Matrix factorization
Memory: 991/1055 1077/1114
-----      Current Progress:  55 % - Assembling matrices
Memory: 1013/1055 1075/1114
   3     1.5e-11     1.8e-08   1.0000000     2.7e-05  117   76  155
    
Continuation parameter VG = 4.
-----      Current Progress:  57 % - Assembling matrices
Memory: 1011/1055 1072/1114
-----      Current Progress:  57 % - Matrix factorization
Memory: 947/1055 1076/1114
Iter      SolEst      ResEst     Damping    Stepsize #Res #Jac #Sol
-----      Current Progress:  57 % - Solving linear system
Memory: 1011/1055 1077/1114
   1       0.012     4.9e+15   1.0000000       0.091  119   77  157
-----      Current Progress:  57 % - Assembling matrices
Memory: 1014/1055 1076/1114
-----      Current Progress:  57 % - Matrix factorization
Memory: 979/1055 1080/1114
-----      Current Progress:  57 % - Assembling matrices
Memory: 1014/1055 1076/1114
   2     2.4e-05          14   1.0000000       0.013  120   78  159
-----      Current Progress:  57 % - Matrix factorization
Memory: 950/1055 1078/1114
-----      Current Progress:  57 % - Solving linear system
Memory: 1013/1055 1075/1114
-----      Current Progress:  57 % - Assembling matrices
Memory: 1009/1055 1071/1114
   3     1.2e-11       2e-08   1.0000000     2.4e-05  122   79  161
    
Continuation parameter VG = 0.
-----      Current Progress:  59 % - Assembling matrices
Memory: 1012/1055 1074/1114
-----      Current Progress:  59 % - Matrix factorization
Memory: 978/1055 1077/1114
Iter      SolEst      ResEst     Damping    Stepsize #Res #Jac #Sol
-----      Current Progress:  59 % - Solving linear system
Memory: 1013/1055 1075/1114
   1       0.011     4.9e+15   1.0000000       0.089  124   80  163
-----      Current Progress:  59 % - Assembling matrices
Memory: 1015/1055 1077/1114
-----      Current Progress:  59 % - Matrix factorization
Memory: 940/1055 980/1114
-----      Current Progress:  59 % - Solving linear system
Memory: 1014/1055 1076/1114
-----      Current Progress:  59 % - Assembling matrices
Memory: 1015/1055 1077/1114
   2     2.1e-05          13   1.0000000       0.012  125   81  165
-----      Current Progress:  59 % - Matrix factorization
Memory: 939/1055 1050/1114
-----      Current Progress:  59 % - Assembling matrices
Memory: 1016/1055 1077/1114
   3       9e-12     2.3e-08   1.0000000     2.1e-05  127   82  167
    
Continuation parameter VG = -4.
------     Current Progress:  61 % - Assembling matrices
Memory: 1013/1055 1075/1114
------     Current Progress:  61 % - 
Memory: 1007/1055 1069/1114
------     Current Progress:  61 % - Matrix factorization
Memory: 988/1055 1078/1114
Iter      SolEst      ResEst     Damping    Stepsize #Res #Jac #Sol
------     Current Progress:  61 % - Assembling matrices
Memory: 1015/1055 1077/1114
   1       0.011     4.9e+15   1.0000000       0.087  129   83  169
------     Current Progress:  61 % - Matrix factorization
Memory: 956/1055 1082/1114
------     Current Progress:  61 % - Assembling matrices
Memory: 1017/1055 1078/1114
   2     1.8e-05          12   1.0000000       0.011  130   84  171
------     Current Progress:  61 % - Matrix factorization
Memory: 969/1055 1081/1114
------     Current Progress:  61 % - Solving linear system
Memory: 1015/1055 1077/1114
   3       7e-12     2.8e-08   1.0000000     1.8e-05  132   85  173
    
------     Current Progress:  63 % - Update tangent
Memory: 1010/1055 1072/1114
Continuation parameter VG = -8.
------     Current Progress:  63 % - Assembling matrices
Memory: 1014/1055 1076/1114
------     Current Progress:  63 % - Matrix factorization
Memory: 967/1055 1080/1114
Iter      SolEst      ResEst     Damping    Stepsize #Res #Jac #Sol
------     Current Progress:  63 % - Solving linear system
Memory: 1011/1055 1073/1114
   1        0.01     4.6e+15   1.0000000       0.084  134   86  175
------     Current Progress:  63 % - Assembling matrices
Memory: 1017/1055 1079/1114
------     Current Progress:  63 % - Matrix factorization
Memory: 950/1055 1053/1114
------     Current Progress:  63 % - Solving linear system
Memory: 1018/1055 1079/1114
   2     1.6e-05          12   1.0000000       0.011  135   87  177
------     Current Progress:  63 % - Assembling matrices
Memory: 1016/1055 1078/1114
------     Current Progress:  63 % - Matrix factorization
Memory: 986/1055 1082/1114
------     Current Progress:  63 % - Assembling matrices
Memory: 1018/1055 1079/1114
   3     5.6e-12     2.6e-08   1.0000000     1.5e-05  137   88  179
    
Continuation parameter VG = -12.
------     Current Progress:  65 % - Assembling matrices
Memory: 1015/1055 1077/1114
------     Current Progress:  65 % - Matrix factorization
Memory: 949/1055 1081/1114
Iter      SolEst      ResEst     Damping    Stepsize #Res #Jac #Sol
------     Current Progress:  65 % - Solving linear system
Memory: 1020/1055 1081/1114
   1      0.0095     4.2e+15   1.0000000       0.082  139   89  181
------     Current Progress:  65 % - Assembling matrices
Memory: 1018/1055 1080/1114
------     Current Progress:  65 % - Matrix factorization
Memory: 965/1055 1084/1114
------     Current Progress:  65 % - Solving linear system
Memory: 1018/1055 1079/1114
   2     1.3e-05          11   1.0000000      0.0098  140   90  183
------     Current Progress:  65 % - Assembling matrices
Memory: 1017/1055 1079/1114
------     Current Progress:  65 % - Matrix factorization
Memory: 1002/1055 1083/1114
------     Current Progress:  65 % - Assembling matrices
Memory: 1019/1055 1080/1114
------     Current Progress:  65 % - Constraint handling
Memory: 1009/1055 1072/1114
   3     4.4e-12     2.9e-08   1.0000000     1.3e-05  142   91  185
    
Continuation parameter VG = -16.
------     Current Progress:  67 % - Assembling matrices
Memory: 1016/1055 1078/1114
------     Current Progress:  67 % - Matrix factorization
Memory: 971/1055 1082/1114
Iter      SolEst      ResEst     Damping    Stepsize #Res #Jac #Sol
------     Current Progress:  67 % - Solving linear system
Memory: 1014/1055 1076/1114
   1      0.0088     3.8e+15   1.0000000       0.078  144   92  187
------     Current Progress:  67 % - Assembling matrices
Memory: 1020/1055 1081/1114
------     Current Progress:  67 % - Matrix factorization
Memory: 954/1055 1085/1114
------     Current Progress:  67 % - Solving linear system
Memory: 1018/1055 1084/1114
   2     1.1e-05          10   1.0000000      0.0089  145   93  189
------     Current Progress:  67 % - Assembling matrices
Memory: 1018/1055 1080/1114
------     Current Progress:  67 % - Matrix factorization
Memory: 992/1055 1084/1114
------     Current Progress:  67 % - Assembling matrices
Memory: 1020/1055 1081/1114
   3     3.2e-12     3.8e-08   1.0000000       1e-05  147   94  191
    
Continuation parameter VG = -20.
------     Current Progress:  69 % - Assembling matrices
Memory: 1017/1055 1079/1114
------     Current Progress:  69 % - Matrix factorization
Memory: 951/1055 1083/1114
Iter      SolEst      ResEst     Damping    Stepsize #Res #Jac #Sol
------     Current Progress:  69 % - Solving linear system
Memory: 1022/1055 1083/1114
   1      0.0081     3.4e+15   1.0000000       0.075  149   95  193
------     Current Progress:  69 % - Assembling matrices
Memory: 1021/1055 1082/1114
------     Current Progress:  69 % - Matrix factorization
Memory: 1003/1055 1086/1114
------     Current Progress:  69 % - Assembling matrices
Memory: 1021/1055 1082/1114
   2     8.9e-06         9.5   1.0000000      0.0081  150   96  195
------     Current Progress:  69 % - Matrix factorization
Memory: 979/1055 1085/1114
------     Current Progress:  69 % - Assembling matrices
Memory: 1021/1055 1082/1114
   3     2.3e-12       4e-08   1.0000000     8.5e-06  152   97  197
    
Continuation parameter VG = -24.
-------    Current Progress:  71 % - Assembling matrices
Memory: 1010/1055 1072/1114
-------    Current Progress:  71 % - Matrix factorization
Memory: 994/1055 1075/1114
Iter      SolEst      ResEst     Damping    Stepsize #Res #Jac #Sol
-------    Current Progress:  71 % - Assembling matrices
Memory: 1012/1055 1074/1114
   1      0.0075     2.9e+15   1.0000000       0.071  154   98  199
-------    Current Progress:  71 % - Matrix factorization
Memory: 968/1055 1079/1114
-------    Current Progress:  71 % - Solving linear system
Memory: 1012/1055 1074/1114
   2     7.9e-06         8.9   1.0000000      0.0075  155   99  201
-------    Current Progress:  71 % - Assembling matrices
-------    Current Progress:  71 % - Matrix factorization
Memory: 945/1055 1048/1114
-------    Current Progress:  71 % - Solving linear system
Memory: 1013/1055 1075/1114
   3     1.6e-12     4.4e-08   1.0000000     7.5e-06  157  100  203
    
Continuation parameter VG = -28.
-------    Current Progress:  73 % - Assembling matrices
Memory: 1011/1055 1073/1114
-------    Current Progress:  73 % - Matrix factorization
Memory: 981/1055 1076/1114
Iter      SolEst      ResEst     Damping    Stepsize #Res #Jac #Sol
-------    Current Progress:  73 % - Assembling matrices
Memory: 1013/1055 1075/1114
   1      0.0071     2.7e+15   1.0000000       0.067  159  101  205
-------    Current Progress:  73 % - Assembling sparsity pattern
Memory: 994/1055 1055/1114
-------    Current Progress:  73 % - Assembling matrices
Memory: 1014/1055 1075/1114
-------    Current Progress:  73 % - Matrix factorization
Memory: 986/1055 1080/1114
-------    Current Progress:  73 % - Assembling matrices
Memory: 1014/1055 1076/1114
   2     7.5e-06         8.3   1.0000000       0.007  160  102  207
-------    Current Progress:  73 % - Matrix factorization
Memory: 967/1055 1079/1114
-------    Current Progress:  73 % - Solving linear system
Memory: 1014/1055 1076/1114
   3     1.5e-12     5.1e-08   1.0000000     7.1e-06  162  103  209
    
Continuation parameter VG = -32.
-------    Current Progress:  75 % - Assembling matrices
Memory: 1012/1055 1074/1114
-------    Current Progress:  75 % - Matrix factorization
Memory: 982/1055 1077/1114
Iter      SolEst      ResEst     Damping    Stepsize #Res #Jac #Sol
-------    Current Progress:  75 % - Assembling matrices
Memory: 1014/1055 1076/1114
   1      0.0067     2.4e+15   1.0000000       0.063  164  104  211
-------    Current Progress:  75 % - Matrix factorization
Memory: 957/1055 1081/1114
-------    Current Progress:  75 % - Solving linear system
Memory: 1014/1055 1076/1114
   2     7.5e-06         7.6   1.0000000      0.0065  165  105  213
-------    Current Progress:  75 % - Assembling matrices
Memory: 1014/1055 1075/1114
-------    Current Progress:  75 % - Constraint handling
Memory: 1023/1055 1086/1114
-------    Current Progress:  75 % - Matrix factorization
Memory: 1006/1055 1080/1114
-------    Current Progress:  75 % - Assembling matrices
Memory: 1015/1055 1077/1114
   3     1.4e-12     1.2e-07   1.0000000     7.1e-06  167  106  215
    
Continuation parameter VG = -36.
-------    Current Progress:  76 % - Assembling matrices
Memory: 1013/1055 1075/1114
-------    Current Progress:  76 % - Matrix factorization
Memory: 967/1055 1078/1114
Iter      SolEst      ResEst     Damping    Stepsize #Res #Jac #Sol
-------    Current Progress:  76 % - Solving linear system
Memory: 1014/1055 1076/1114
   1      0.0064     2.1e+15   1.0000000        0.06  169  107  217
-------    Current Progress:  77 % - Assembling matrices
Memory: 1016/1055 1078/1114
-------    Current Progress:  77 % - Matrix factorization
Memory: 1010/1055 1072/1114
-------    Current Progress:  77 % - Assembling matrices
Memory: 1017/1055 1078/1114
   2     7.3e-06         6.8   1.0000000      0.0062  170  108  219
-------    Current Progress:  77 % - Matrix factorization
Memory: 983/1055 1081/1114
-------    Current Progress:  77 % - Assembling matrices
Memory: 1017/1055 1078/1114
   3     1.3e-12     1.6e-07   1.0000000     6.8e-06  172  109  221
    
Continuation parameter VG = -40.
-------    Current Progress:  78 % - Assembling matrices
Memory: 1014/1055 1075/1114
-------    Current Progress:  78 % - Matrix factorization
Memory: 948/1055 1080/1114
Iter      SolEst      ResEst     Damping    Stepsize #Res #Jac #Sol
-------    Current Progress:  78 % - Solving linear system
Memory: 1019/1055 1080/1114
   1       0.006     1.8e+15   1.0000000       0.057  174  110  223
-------    Current Progress:  79 % - Assembling matrices
Memory: 1017/1055 1079/1114
-------    Current Progress:  79 % - Matrix factorization
Memory: 1000/1055 1083/1114
-------    Current Progress:  79 % - Assembling matrices
Memory: 1018/1055 1079/1114
   2     6.5e-06         5.7   1.0000000      0.0057  175  111  225
-------    Current Progress:  79 % - Matrix factorization
Memory: 978/1055 1082/1114
-------    Current Progress:  79 % - Assembling matrices
Memory: 1018/1055 1079/1114
   3       1e-12     7.2e-08   1.0000000     5.8e-06  177  112  227
    
Continuation parameter VG = -44.
--------   Current Progress:  80 % - Constraint handling
Memory: 1008/1055 1072/1114
--------   Current Progress:  80 % - Assembling matrices
Memory: 1015/1055 1076/1114
--------   Current Progress:  80 % - Matrix factorization
Memory: 948/1055 1051/1114
Iter      SolEst      ResEst     Damping    Stepsize #Res #Jac #Sol
--------   Current Progress:  80 % - Solving linear system
Memory: 1018/1055 1084/1114
   1      0.0052     1.6e+15   1.0000000       0.054  179  113  229
--------   Current Progress:  81 % - Assembling matrices
Memory: 1018/1055 1080/1114
--------   Current Progress:  81 % - Matrix factorization
Memory: 992/1055 1084/1114
--------   Current Progress:  81 % - Assembling matrices
Memory: 1019/1055 1080/1114
   2       5e-06         4.6   1.0000000      0.0049  180  114  231
--------   Current Progress:  81 % - Matrix factorization
Memory: 969/1055 1083/1114
--------   Current Progress:  81 % - Solving linear system
Memory: 1018/1055 1079/1114
   3     7.4e-13     8.2e-08   1.0000000     4.5e-06  182  115  233
    
Continuation parameter VG = -48.
--------   Current Progress:  82 % - Assembling matrices
Memory: 1017/1055 1078/1114
--------   Current Progress:  82 % - Matrix factorization
Memory: 1001/1055 1082/1114
Iter      SolEst      ResEst     Damping    Stepsize #Res #Jac #Sol
--------   Current Progress:  82 % - Assembling matrices
Memory: 1019/1055 1080/1114
   1      0.0044     1.3e+15   1.0000000        0.05  184  116  235
--------   Current Progress:  83 % - Assembling matrices
Memory: 1019/1055 1081/1114
--------   Current Progress:  83 % - Matrix factorization
Memory: 952/1055 1055/1114
--------   Current Progress:  83 % - Assembling matrices
Memory: 1020/1055 1081/1114
   2     3.5e-06         3.8   1.0000000      0.0042  185  117  237
--------   Current Progress:  83 % - Matrix factorization
Memory: 958/1055 1084/1114
--------   Current Progress:  83 % - Solving linear system
Memory: 1019/1055 1080/1114
   3     4.7e-13     8.5e-08   1.0000000     3.3e-06  187  118  239
    
Continuation parameter VG = -52.
--------   Current Progress:  84 % - Assembling matrices
Memory: 1018/1055 1079/1114
--------   Current Progress:  84 % - Matrix factorization
Memory: 987/1055 1083/1114
Iter      SolEst      ResEst     Damping    Stepsize #Res #Jac #Sol
--------   Current Progress:  84 % - Assembling matrices
Memory: 1020/1055 1081/1114
   1      0.0039     1.1e+15   1.0000000       0.047  189  119  241
--------   Current Progress:  85 % - Assembling matrices
Memory: 1020/1055 1082/1114
--------   Current Progress:  85 % - Matrix factorization
Memory: 965/1055 1086/1114
--------   Current Progress:  85 % - Solving linear system
Memory: 1020/1055 1081/1114
   2     2.4e-06         3.1   1.0000000      0.0037  190  120  243
--------   Current Progress:  85 % - Assembling matrices
Memory: 1019/1055 1081/1114
--------   Current Progress:  85 % - Constraint handling
Memory: 1029/1055 1092/1114
--------   Current Progress:  85 % - Matrix factorization
Memory: 1009/1055 1085/1114
--------   Current Progress:  85 % - Assembling matrices
Memory: 1021/1055 1082/1114
   3     2.6e-13     9.1e-08   1.0000000     2.3e-06  192  121  245
--------   Current Progress:  86 % - Constraint handling
Memory: 1011/1055 1073/1114
    
Continuation parameter VG = -56.
--------   Current Progress:  86 % - Assembling matrices
Memory: 1010/1055 1071/1114
--------   Current Progress:  86 % - Matrix factorization
Memory: 943/1055 1075/1114
Iter      SolEst      ResEst     Damping    Stepsize #Res #Jac #Sol
--------   Current Progress:  86 % - Solving linear system
Memory: 1014/1055 1076/1114
   1      0.0036     9.5e+14   1.0000000       0.045  194  122  247
--------   Current Progress:  86 % - Assembling matrices
Memory: 1013/1055 1074/1114
--------   Current Progress:  86 % - Matrix factorization
Memory: 990/1055 1078/1114
--------   Current Progress:  86 % - Assembling matrices
Memory: 1013/1055 1075/1114
   2     1.8e-06         2.6   1.0000000      0.0034  195  123  249
--------   Current Progress:  87 % - Assembling matrices
Memory: 1012/1055 1073/1114
--------   Current Progress:  87 % - Matrix factorization
Memory: 960/1055 1077/1114
--------   Current Progress:  87 % - Solving linear system
Memory: 1012/1055 1074/1114
   3     1.2e-13     9.5e-08   1.0000000     1.8e-06  197  124  251
    
Continuation parameter VG = -60.
--------   Current Progress:  88 % - Assembling matrices
Memory: 1011/1055 1073/1114
--------   Current Progress:  88 % - Matrix factorization
Memory: 995/1055 1076/1114
Iter      SolEst      ResEst     Damping    Stepsize #Res #Jac #Sol
--------   Current Progress:  88 % - Assembling matrices
Memory: 1013/1055 1075/1114
   1      0.0033       8e+14   1.0000000       0.042  199  125  253
--------   Current Progress:  88 % - Matrix factorization
Memory: 974/1055 1080/1114
--------   Current Progress:  88 % - Assembling matrices
Memory: 1014/1055 1076/1114
   2     1.5e-06         2.3   1.0000000      0.0031  200  126  255
--------   Current Progress:  89 % - Assembling matrices
Memory: 1013/1055 1074/1114
--------   Current Progress:  89 % - Matrix factorization
Memory: 951/1055 1078/1114
--------   Current Progress:  89 % - Solving linear system
Memory: 1013/1055 1075/1114
   3     5.9e-14     1.2e-07   1.0000000     1.5e-06  202  127  257
    
Continuation parameter VG = -64.
---------  Current Progress:  90 % - Assembling matrices
Memory: 1012/1055 1074/1114
---------  Current Progress:  90 % - Matrix factorization
Memory: 988/1055 1078/1114
Iter      SolEst      ResEst     Damping    Stepsize #Res #Jac #Sol
---------  Current Progress:  90 % - Assembling matrices
Memory: 1015/1055 1076/1114
   1      0.0029     6.9e+14   1.0000000        0.04  204  128  259
---------  Current Progress:  90 % - Matrix factorization
Memory: 970/1055 1081/1114
---------  Current Progress:  90 % - Solving linear system
Memory: 1008/1055 1070/1114
   2     1.4e-06         2.1   1.0000000      0.0028  205  129  261
---------  Current Progress:  91 % - Assembling matrices
Memory: 1014/1055 1076/1114
---------  Current Progress:  91 % - Matrix factorization
Memory: 947/1055 1051/1114
---------  Current Progress:  91 % - Solving linear system
Memory: 1016/1055 1077/1114
   3     6.2e-14       1e-07   1.0000000     1.3e-06  207  130  263
    
Continuation parameter VG = -68.
---------  Current Progress:  92 % - Assembling matrices
Memory: 1014/1055 1075/1114
---------  Current Progress:  92 % - Matrix factorization
Memory: 986/1055 1079/1114
Iter      SolEst      ResEst     Damping    Stepsize #Res #Jac #Sol
---------  Current Progress:  92 % - Assembling matrices
Memory: 1016/1055 1077/1114
   1      0.0026     5.8e+14   1.0000000       0.038  209  131  265
---------  Current Progress:  92 % - Matrix factorization
Memory: 959/1055 1082/1114
---------  Current Progress:  92 % - Solving linear system
Memory: 1016/1055 1077/1114
   2     1.2e-06         1.9   1.0000000      0.0025  210  132  267
---------  Current Progress:  93 % - Assembling matrices
Memory: 1015/1055 1077/1114
---------  Current Progress:  93 % - Matrix factorization
Memory: 941/1055 980/1114
---------  Current Progress:  93 % - Assembling matrices
Memory: 1017/1055 1079/1114
   3     6.4e-14     1.1e-07   1.0000000     1.2e-06  212  133  269
    
Continuation parameter VG = -72.
---------  Current Progress:  94 % - Assembling matrices
Memory: 1015/1055 1076/1114
---------  Current Progress:  94 % - Matrix factorization
Memory: 968/1055 1080/1114
Iter      SolEst      ResEst     Damping    Stepsize #Res #Jac #Sol
---------  Current Progress:  94 % - Solving linear system
Memory: 1016/1055 1077/1114
   1      0.0025     5.1e+14   1.0000000       0.036  214  134  271
---------  Current Progress:  94 % - Assembling matrices
Memory: 1018/1055 1079/1114
---------  Current Progress:  94 % - Matrix factorization
Memory: 975/1055 1083/1114
---------  Current Progress:  94 % - Solving linear system
Memory: 1017/1055 1079/1114
   2     1.2e-06         1.7   1.0000000      0.0024  215  135  273
---------  Current Progress:  95 % - Assembling matrices
Memory: 1016/1055 1078/1114
---------  Current Progress:  95 % - Matrix factorization
Memory: 989/1055 1082/1114
---------  Current Progress:  95 % - Assembling matrices
Memory: 1018/1055 1080/1114
   3     5.9e-14     1.3e-07   1.0000000     1.1e-06  217  136  275
    
Continuation parameter VG = -76.
---------  Current Progress:  96 % - Assembling matrices
Memory: 1015/1055 1077/1114
---------  Current Progress:  96 % - Matrix factorization
Memory: 960/1055 1081/1114
Iter      SolEst      ResEst     Damping    Stepsize #Res #Jac #Sol
---------  Current Progress:  96 % - Solving linear system
Memory: 1017/1055 1079/1114
   1      0.0024     4.3e+14   1.0000000       0.036  219  137  277
---------  Current Progress:  96 % - Assembling matrices
Memory: 1019/1055 1080/1114
---------  Current Progress:  96 % - Matrix factorization
Memory: 1001/1055 1084/1114
---------  Current Progress:  96 % - Assembling matrices
Memory: 1019/1055 1081/1114
   2     1.1e-06         1.6   1.0000000      0.0023  220  138  279
---------  Current Progress:  96 % - Matrix factorization
Memory: 974/1055 1083/1114
---------  Current Progress:  96 % - Assembling matrices
Memory: 1019/1055 1081/1114
   3     4.9e-14     1.2e-07   1.0000000     1.1e-06  222  139  281
    
Continuation parameter VG = -80.
---------  Current Progress:  98 % - Constraint handling
Memory: 1014/1055 1078/1114
---------  Current Progress:  98 % - Assembling matrices
Memory: 1017/1055 1078/1114
---------  Current Progress:  98 % - Matrix factorization
Memory: 942/1055 982/1114
Iter      SolEst      ResEst     Damping    Stepsize #Res #Jac #Sol
---------  Current Progress:  98 % - Assembling matrices
Memory: 1019/1055 1081/1114
   1      0.0023     4.1e+14   1.0000000       0.035  224  140  283
---------  Current Progress:  98 % - Matrix factorization
Memory: 985/1055 1086/1114
---------  Current Progress:  98 % - Assembling matrices
Memory: 1020/1055 1082/1114
   2     1.1e-06         1.4   1.0000000      0.0022  225  141  285
---------  Current Progress:  98 % - Matrix factorization
Memory: 952/1055 1055/1114
---------  Current Progress:  98 % - Solving linear system
Memory: 1020/1055 1082/1114
   3       4e-14     1.3e-07   1.0000000     1.1e-06  227  142  287
---------- Current Progress: 100 % - Constraint handling
Memory: 876/1055 915/1114
Solution time: 178 s. (2 minutes, 58 seconds)
Physical memory: 1.03 GB
Virtual memory: 1.09 GB
Ended at Oct 3, 2026, 11:53:22 AM.
----- Stationary Solver 2 in Study 1/Solution 1 (sol1) ------------------------>
VD=0.600000: 41 / 41 nuqta qaytdi (ok=true)
<---- Compile Equations: Semiconductor Equilibrium in Study 1/Solution 1 (sol1) -
Started at Oct 3, 2026, 11:53:24 AM.
Geometry shape function: Linear Lagrange
Running on 11th Gen Intel(R) Core(TM) i7-1165G7 at 2.80 GHz.
Using 1 socket with 4 cores in total on WIN-FNSSP1NOF49.
Available memory: 7.97 GB.
           Current Progress:   1 % - Compile Equations: Semiconductor Equilibrium
Memory: 907/1055 946/1114
           Current Progress:   1 % - Creating visualization mesh
Time: 1 s.
Physical memory: 910 MB
Virtual memory: 948 MB
Ended at Oct 3, 2026, 11:53:25 AM.
----- Compile Equations: Semiconductor Equilibrium in Study 1/Solution 1 (sol1) >
<---- Dependent Variables 1 in Study 1/Solution 1 (sol1) -----------------------
Started at Oct 3, 2026, 11:53:25 AM.
           Current Progress:   1 % - Dependent Variables 1
Memory: 911/1055 950/1114
Solution time: 0 s.
Physical memory: 911 MB
Virtual memory: 950 MB
Ended at Oct 3, 2026, 11:53:25 AM.
----- Dependent Variables 1 in Study 1/Solution 1 (sol1) ---------------------->
<---- Stationary Solver 1 in Study 1/Solution 1 (sol1) -------------------------
Started at Oct 3, 2026, 11:53:25 AM.
Nonlinear solver
Number of degrees of freedom solved for: 138873.
           Current Progress:   2 % - Assembling sparsity pattern
Memory: 928/1055 966/1114
Nonsymmetric matrix found.
Scales for dependent variables:
Electron solution variable (comp1.Ne): 2.5e+24
Hole solution variable (comp1.Ph): 2.4e+28
Electric potential (comp1.V): 8e+22
Orthonormal null-space function used.
           Current Progress:   2 % - Matrix factorization
Memory: 964/1055 1015/1114
Iter      SolEst      ResEst     Damping    Stepsize #Res #Jac #Sol
           Current Progress:   2 % - Solving linear system
Memory: 1007/1055 1062/1114
   1         6.7     5.1e+15   0.1000000         7.7    2    1    2
           Current Progress:   3 % - Assembling matrices
Memory: 1008/1055 1063/1114
           Current Progress:   3 % - Matrix factorization
Memory: 988/1055 1068/1114
           Current Progress:   3 % - Solving linear system
Memory: 1009/1055 1065/1114
   2           1     6.5e+03   0.0561420         1.1    4    2    5
           Current Progress:   5 % - Assembling sparsity pattern
Memory: 994/1055 1049/1114
           Current Progress:   5 % - Assembling matrices
Memory: 1006/1055 1062/1114
           Current Progress:   5 % - Matrix factorization
Memory: 910/1055 988/1114
           Current Progress:   5 % - Solving linear system
Memory: 932/1055 986/1114
   3         1.2     7.1e+04   0.2387395         1.7    5    3    7
           Current Progress:   5 % - Matrix factorization
Memory: 907/1055 988/1114
           Current Progress:   5 % - Solving linear system
Memory: 932/1055 986/1114
   4         0.5     8.5e+04   0.0648077        0.54    7    4   10
-          Current Progress:  11 % - Matrix factorization
Memory: 901/1055 988/1114
-          Current Progress:  11 % - Solving linear system
Memory: 933/1055 987/1114
   5        0.37     7.8e+05   0.2312937        0.52    8    5   12
-          Current Progress:  11 % - Matrix factorization
Memory: 901/1055 988/1114
-          Current Progress:  11 % - Solving linear system
Memory: 933/1055 987/1114
   6        0.23     9.7e+05   0.0866390        0.26   10    6   15
-          Current Progress:  12 % - Matrix factorization
Memory: 901/1055 988/1114
-          Current Progress:  12 % - Solving linear system
Memory: 933/1055 987/1114
   7        0.15     3.8e+06   0.2082801        0.19   11    7   17
-          Current Progress:  12 % - Constraint handling
Memory: 926/1055 979/1114
-          Current Progress:  12 % - Matrix factorization
Memory: 928/1055 988/1114
-          Current Progress:  12 % - Solving linear system
Memory: 933/1055 987/1114
   8        0.11     1.1e+07   0.2242131        0.14   12    8   19
-          Current Progress:  12 % - Assembling matrices
Memory: 929/1055 983/1114
-          Current Progress:  12 % - Matrix factorization
Memory: 924/1055 988/1114
-          Current Progress:  12 % - Assembling matrices
Memory: 932/1055 985/1114
   9       0.082     2.9e+07   0.2748671        0.11   13    9   21
-          Current Progress:  13 % - Assembling matrices
Memory: 929/1055 983/1114
-          Current Progress:  13 % - Matrix factorization
Memory: 920/1055 988/1114
-          Current Progress:  13 % - Assembling matrices
Memory: 932/1055 985/1114
  10       0.054     7.9e+07   0.3748328        0.08   14   10   23
-          Current Progress:  14 % - Assembling matrices
Memory: 929/1055 983/1114
-          Current Progress:  14 % - Matrix factorization
Memory: 917/1055 988/1114
-          Current Progress:  14 % - Assembling matrices
Memory: 932/1055 985/1114
  11       0.025     2.3e+08   0.6341874       0.055   15   11   25
-          Current Progress:  15 % - Assembling matrices
Memory: 929/1055 983/1114
-          Current Progress:  15 % - Matrix factorization
Memory: 916/1055 988/1114
-          Current Progress:  15 % - Solving linear system
Memory: 932/1055 986/1114
  12      0.0031     1.8e+08   1.0000000       0.021   16   12   27
-          Current Progress:  16 % - Assembling matrices
Memory: 929/1055 983/1114
-          Current Progress:  16 % - Matrix factorization
Memory: 912/1055 988/1114
-          Current Progress:  16 % - Solving linear system
Memory: 932/1055 986/1114
-          Current Progress:  16 % - Assembling matrices
Memory: 931/1055 984/1114
  13     3.4e-07         0.4   1.0000000      0.0027   18   13   29
-          Current Progress:  18 % - Constraint handling
Memory: 749/1055 783/1114
Solution time: 13 s.
Physical memory: 1.01 GB
Virtual memory: 1.07 GB
Ended at Oct 3, 2026, 11:53:38 AM.
----- Stationary Solver 1 in Study 1/Solution 1 (sol1) ------------------------>
<---- Compile Equations: Stationary in Study 1/Solution 1 (sol1) ---------------
Started at Oct 3, 2026, 11:53:38 AM.
Geometry shape function: Linear Lagrange
-          Current Progress:  19 % - Compile Equations: Stationary
Memory: 826/1055 865/1114
-          Current Progress:  19 % - Creating visualization mesh
Time: 1 s.
Physical memory: 826 MB
Virtual memory: 866 MB
Ended at Oct 3, 2026, 11:53:39 AM.
----- Compile Equations: Stationary in Study 1/Solution 1 (sol1) -------------->
<---- Dependent Variables 2 in Study 1/Solution 1 (sol1) -----------------------
Started at Oct 3, 2026, 11:53:39 AM.
Initial values of variables solved for: Solution 1 (sol1), Solution Store 1 (sol2).
Values of variables not solved for: Solution 1 (sol1).
-          Current Progress:  19 % - Dependent Variables 2
Memory: 834/1055 872/1114
Solution time: 0 s.
Physical memory: 834 MB
Virtual memory: 872 MB
Ended at Oct 3, 2026, 11:53:39 AM.
----- Dependent Variables 2 in Study 1/Solution 1 (sol1) ---------------------->
<---- Stationary Solver 2 in Study 1/Solution 1 (sol1) -------------------------
Started at Oct 3, 2026, 11:53:39 AM.
Continuation solver
Nonlinear solver
Number of degrees of freedom solved for: 138873.
    
Continuation parameter VG = 80.
--         Current Progress:  20 % - Assembling matrices
Memory: 850/1055 889/1114
--         Current Progress:  20 % - Assembling sparsity pattern
Memory: 855/1055 894/1114
--         Current Progress:  20 % - Assembling matrices
Memory: 885/1055 923/1114
Nonsymmetric matrix found.
Scales for dependent variables:
Electron solution variable (comp1.Ne): 3.7e+25
Hole solution variable (comp1.Ph): 2.2e+29
Electric potential (comp1.V): 2.6e+19
Orthonormal null-space function used.
--         Current Progress:  20 % - Matrix factorization
Memory: 917/1055 967/1114
Iter      SolEst      ResEst     Damping    Stepsize #Res #Jac #Sol
--         Current Progress:  20 % - Assembling matrices
Memory: 1011/1055 1073/1114
   1        0.21     9.4e+12   0.1000000        0.28    2    1    2
--         Current Progress:  20 % - Assembling sparsity pattern
Memory: 994/1055 1056/1114
--         Current Progress:  20 % - Assembling matrices
Memory: 1012/1055 1074/1114
--         Current Progress:  20 % - Matrix factorization
Memory: 987/1055 1078/1114
--         Current Progress:  20 % - Assembling matrices
Memory: 1012/1055 1074/1114
   2        0.31     4.9e+04   0.0657691        0.33    3    2    4
--         Current Progress:  20 % - Assembling sparsity pattern
Memory: 991/1055 1053/1114
--         Current Progress:  20 % - Assembling matrices
Memory: 1010/1055 1072/1114
--         Current Progress:  20 % - Matrix factorization
Memory: 949/1055 1071/1114
--         Current Progress:  20 % - Solving linear system
Memory: 1005/1055 1067/1114
   3         1.2       2e+05   0.1973853         1.9    4    3    6
--         Current Progress:  20 % - Assembling matrices
--         Current Progress:  20 % - Matrix factorization
Memory: 999/1055 1061/1114
--         Current Progress:  20 % - Assembling matrices
Memory: 1006/1055 1068/1114
   4        0.33     2.4e+05   0.1000000        0.37    6    4    9
--         Current Progress:  21 % - Assembling matrices
Memory: 1005/1055 1067/1114
--         Current Progress:  21 % - Matrix factorization
Memory: 973/1055 1071/1114
--         Current Progress:  21 % - Assembling matrices
Memory: 1006/1055 1068/1114
   5        0.34     2.4e+05   0.0428251        0.35    8    5   12
--         Current Progress:  21 % - Matrix factorization
Memory: 956/1055 1071/1114
--         Current Progress:  21 % - Solving linear system
Memory: 1005/1055 1067/1114
--         Current Progress:  21 % - Assembling matrices
Memory: 1006/1055 1068/1114
   6         0.4     2.4e+05   0.0525258        0.42   10    6   15
--         Current Progress:  21 % - Matrix factorization
Memory: 964/1055 1061/1114
--         Current Progress:  21 % - Assembling matrices
Memory: 1006/1055 1068/1114
   7        0.93     2.8e+05   0.1220875         1.1   11    7   17
--         Current Progress:  21 % - Matrix factorization
Memory: 970/1055 1071/1114
--         Current Progress:  21 % - Assembling matrices
Memory: 1006/1055 1068/1114
   8         2.2     2.9e+05   0.1086353         2.5   12    8   19
--         Current Progress:  21 % - Matrix factorization
Memory: 943/1055 1071/1114
--         Current Progress:  21 % - Solving linear system
Memory: 1005/1055 1067/1114
   9           2     3.1e+05   0.1856402         2.8   13    9   21
--         Current Progress:  21 % - Assembling matrices
--         Current Progress:  21 % - Matrix factorization
Memory: 991/1055 1071/1114
--         Current Progress:  21 % - Assembling matrices
Memory: 1006/1055 1068/1114
  10         1.9       3e+05   0.0392710           2   15   10   24
--         Current Progress:  21 % - Matrix factorization
Memory: 971/1055 1071/1114
--         Current Progress:  21 % - Assembling matrices
Memory: 1006/1055 1068/1114
  11         1.6     2.7e+05   0.1164701         1.7   16   11   26
--         Current Progress:  21 % - Matrix factorization
Memory: 948/1055 1071/1114
--         Current Progress:  21 % - Solving linear system
Memory: 1005/1055 1067/1114
  12         1.4     2.4e+05   0.1308922         1.6   17   12   28
--         Current Progress:  21 % - Assembling matrices
--         Current Progress:  21 % - Constraint handling
Memory: 1007/1055 1070/1114
--         Current Progress:  21 % - Matrix factorization
Memory: 993/1055 1071/1114
--         Current Progress:  21 % - Assembling matrices
Memory: 1006/1055 1068/1114
  13           1       2e+05   0.2085809         1.2   18   13   30
--         Current Progress:  21 % - Matrix factorization
Memory: 967/1055 1071/1114
--         Current Progress:  21 % - Assembling matrices
Memory: 1006/1055 1068/1114
  14        0.73     1.5e+05   0.2489832        0.94   19   14   32
--         Current Progress:  21 % - Matrix factorization
Memory: 950/1055 1071/1114
--         Current Progress:  21 % - Solving linear system
Memory: 1005/1055 1067/1114
  15         0.3     7.9e+04   0.5404478        0.64   20   15   34
--         Current Progress:  21 % - Assembling matrices
--         Current Progress:  21 % - Constraint handling
Memory: 1001/1055 1063/1114
--         Current Progress:  21 % - Matrix factorization
Memory: 997/1055 1071/1114
--         Current Progress:  21 % - Assembling matrices
Memory: 1006/1055 1068/1114
--         Current Progress:  21 % - Solving linear system
  16        0.23     6.1e+04   0.2256389        0.31   22   16   37
--         Current Progress:  21 % - Assembling matrices
Memory: 1005/1055 1067/1114
--         Current Progress:  21 % - Matrix factorization
Memory: 980/1055 1071/1114
--         Current Progress:  21 % - Assembling matrices
Memory: 1007/1055 1068/1114
  17        0.18     2.6e+04   0.5730281        0.32   23   17   39
--         Current Progress:  21 % - Matrix factorization
Memory: 951/1055 1071/1114
--         Current Progress:  21 % - Solving linear system
Memory: 1005/1055 1067/1114
  18        0.27     1.1e+04   0.5898120        0.52   24   18   41
--         Current Progress:  21 % - Assembling matrices
--         Current Progress:  21 % - Matrix factorization
Memory: 930/1055 970/1114
--         Current Progress:  21 % - Assembling matrices
Memory: 1007/1055 1068/1114
  19        0.37          55   1.0000000         2.1   25   19   43
--         Current Progress:  21 % - Matrix factorization
Memory: 970/1055 1071/1114
--         Current Progress:  21 % - Assembling matrices
Memory: 1007/1055 1068/1114
  20      0.0049           7   1.0000000         4.3   26   20   45
--         Current Progress:  22 % - Assembling matrices
Memory: 1005/1055 1067/1114
--         Current Progress:  22 % - 
Memory: 1001/1055 1063/1114
--         Current Progress:  22 % - Matrix factorization
Memory: 991/1055 1071/1114
--         Current Progress:  22 % - Assembling matrices
Memory: 1007/1055 1068/1114
  21     3.2e-07     0.00088   1.0000000      0.0051   27   21   47
--         Current Progress:  22 % - Matrix factorization
Memory: 930/1055 970/1114
--         Current Progress:  22 % - Assembling matrices
Memory: 1007/1055 1068/1114
--         Current Progress:  22 % - Constraint handling
Memory: 997/1055 1059/1114
  22     1.5e-10     4.9e-08   1.0000000       0.011   29   22   49
    
Continuation parameter VG = 76.
--         Current Progress:  22 % - Assembling matrices
Memory: 1005/1055 1067/1114
--         Current Progress:  22 % - Matrix factorization
Memory: 949/1055 1071/1114
Iter      SolEst      ResEst     Damping    Stepsize #Res #Jac #Sol
--         Current Progress:  22 % - Solving linear system
Memory: 1006/1055 1068/1114
   1       0.013     2.8e+15   1.0000000       0.097   31   23   51
--         Current Progress:  22 % - Assembling matrices
Memory: 1008/1055 1070/1114
--         Current Progress:  22 % - Matrix factorization
Memory: 988/1055 1075/1114
--         Current Progress:  22 % - Assembling matrices
Memory: 1009/1055 1071/1114
   2     3.1e-05          15   1.0000000       0.014   32   24   53
--         Current Progress:  22 % - Matrix factorization
Memory: 959/1055 1074/1114
--         Current Progress:  22 % - Solving linear system
Memory: 1008/1055 1070/1114
   3     1.9e-11     2.5e-08   1.0000000     3.1e-05   34   25   55
    
Continuation parameter VG = 72.
--         Current Progress:  24 % - Assembling matrices
Memory: 1006/1055 1068/1114
--         Current Progress:  24 % - Matrix factorization
Memory: 970/1055 1072/1114
Iter      SolEst      ResEst     Damping    Stepsize #Res #Jac #Sol
--         Current Progress:  24 % - Assembling matrices
Memory: 1008/1055 1070/1114
   1       0.013       3e+15   1.0000000       0.096   36   26   57
--         Current Progress:  24 % - Matrix factorization
Memory: 947/1055 1075/1114
--         Current Progress:  24 % - Solving linear system
Memory: 1009/1055 1071/1114
   2       3e-05          15   1.0000000       0.013   37   27   59
--         Current Progress:  24 % - Assembling matrices
Memory: 1008/1055 1070/1114
--         Current Progress:  24 % - Matrix factorization
Memory: 987/1055 1074/1114
--         Current Progress:  24 % - Assembling matrices
Memory: 1009/1055 1071/1114
   3     1.9e-11     1.9e-08   1.0000000       3e-05   39   28   61
    
Continuation parameter VG = 68.
--         Current Progress:  26 % - Assembling matrices
Memory: 1007/1055 1069/1114
--         Current Progress:  26 % - Matrix factorization
Memory: 951/1055 1073/1114
Iter      SolEst      ResEst     Damping    Stepsize #Res #Jac #Sol
--         Current Progress:  26 % - Solving linear system
Memory: 1008/1055 1070/1114
   1       0.012     3.2e+15   1.0000000       0.095   41   29   63
--         Current Progress:  26 % - Assembling matrices
Memory: 1010/1055 1072/1114
--         Current Progress:  26 % - Matrix factorization
Memory: 989/1055 1076/1114
--         Current Progress:  26 % - Assembling matrices
Memory: 1010/1055 1072/1114
   2     2.8e-05          14   1.0000000       0.013   42   30   65
--         Current Progress:  26 % - Matrix factorization
Memory: 960/1055 1075/1114
--         Current Progress:  26 % - Assembling matrices
Memory: 1010/1055 1072/1114
   3     1.9e-11     1.8e-08   1.0000000     2.8e-05   44   31   67
    
Continuation parameter VG = 64.
--         Current Progress:  28 % - Assembling matrices
Memory: 1008/1055 1070/1114
--         Current Progress:  28 % - Matrix factorization
Memory: 967/1055 1074/1114
Iter      SolEst      ResEst     Damping    Stepsize #Res #Jac #Sol
--         Current Progress:  28 % - Assembling matrices
Memory: 1008/1055 1070/1114
   1       0.012     3.3e+15   1.0000000       0.094   46   32   69
--         Current Progress:  28 % - Matrix factorization
Memory: 943/1055 1047/1114
--         Current Progress:  28 % - Solving linear system
Memory: 1011/1055 1073/1114
   2     2.7e-05          14   1.0000000       0.012   47   33   71
--         Current Progress:  28 % - Assembling matrices
Memory: 1010/1055 1072/1114
--         Current Progress:  28 % - Matrix factorization
Memory: 975/1055 1076/1114
--         Current Progress:  28 % - Assembling matrices
Memory: 1011/1055 1073/1114
   3     1.9e-11     1.8e-08   1.0000000     2.7e-05   49   34   73
    
Continuation parameter VG = 60.
--         Current Progress:  29 % - Assembling matrices
Memory: 1009/1055 1071/1114
--         Current Progress:  29 % - Matrix factorization
Memory: 942/1055 1075/1114
Iter      SolEst      ResEst     Damping    Stepsize #Res #Jac #Sol
--         Current Progress:  29 % - Solving linear system
Memory: 1013/1055 1075/1114
   1       0.011     3.4e+15   1.0000000       0.092   51   35   75
---        Current Progress:  30 % - Assembling matrices
Memory: 1012/1055 1074/1114
---        Current Progress:  30 % - Matrix factorization
Memory: 989/1055 1078/1114
---        Current Progress:  30 % - Assembling matrices
Memory: 1012/1055 1074/1114
   2     2.5e-05          13   1.0000000       0.012   52   36   77
---        Current Progress:  30 % - Matrix factorization
Memory: 961/1055 1077/1114
---        Current Progress:  30 % - Solving linear system
Memory: 1011/1055 1073/1114
   3     1.8e-11     3.3e-08   1.0000000     2.5e-05   54   37   79
    
Continuation parameter VG = 56.
---        Current Progress:  31 % - Assembling matrices
Memory: 1010/1055 1072/1114
---        Current Progress:  31 % - Matrix factorization
Memory: 982/1055 1076/1114
Iter      SolEst      ResEst     Damping    Stepsize #Res #Jac #Sol
---        Current Progress:  31 % - Assembling matrices
Memory: 1012/1055 1074/1114
   1       0.011     3.5e+15   1.0000000        0.09   56   38   81
---        Current Progress:  32 % - Assembling matrices
Memory: 1013/1055 1075/1114
---        Current Progress:  32 % - Matrix factorization
Memory: 959/1055 1079/1114
---        Current Progress:  32 % - Solving linear system
Memory: 1012/1055 1074/1114
   2     2.3e-05          13   1.0000000       0.011   57   39   83
---        Current Progress:  32 % - Assembling matrices
---        Current Progress:  32 % - Matrix factorization
Memory: 937/1055 977/1114
---        Current Progress:  32 % - Solving linear system
Memory: 1011/1055 1074/1114
   3     1.7e-11     1.7e-08   1.0000000     2.3e-05   59   40   85
    
Continuation parameter VG = 52.
---        Current Progress:  33 % - Assembling matrices
Memory: 1011/1055 1073/1114
---        Current Progress:  33 % - Matrix factorization
Memory: 969/1055 1077/1114
Iter      SolEst      ResEst     Damping    Stepsize #Res #Jac #Sol
---        Current Progress:  33 % - Assembling matrices
Memory: 1013/1055 1075/1114
   1      0.0098     3.5e+15   1.0000000       0.087   61   41   87
---        Current Progress:  34 % - Assembling matrices
Memory: 1014/1055 1076/1114
---        Current Progress:  34 % - Matrix factorization
Memory: 947/1055 1050/1114
---        Current Progress:  34 % - Solving linear system
Memory: 1014/1055 1076/1114
   2     2.1e-05          12   1.0000000        0.01   62   42   89
---        Current Progress:  34 % - Assembling matrices
Memory: 1013/1055 1075/1114
---        Current Progress:  34 % - Matrix factorization
Memory: 990/1055 1079/1114
---        Current Progress:  34 % - Assembling matrices
Memory: 1014/1055 1076/1114
   3     1.5e-11     1.7e-08   1.0000000       2e-05   64   43   91
    
Continuation parameter VG = 48.
---        Current Progress:  35 % - Assembling matrices
Memory: 1012/1055 1074/1114
---        Current Progress:  35 % - Matrix factorization
Memory: 957/1055 1078/1114
Iter      SolEst      ResEst     Damping    Stepsize #Res #Jac #Sol
---        Current Progress:  35 % - Solving linear system
Memory: 1013/1055 1075/1114
   1       0.009     3.5e+15   1.0000000       0.084   66   44   93
---        Current Progress:  36 % - Assembling matrices
Memory: 1015/1055 1077/1114
---        Current Progress:  36 % - Constraint handling
Memory: 1024/1055 1087/1114
---        Current Progress:  36 % - Matrix factorization
Memory: 1005/1055 1081/1114
---        Current Progress:  36 % - Assembling matrices
Memory: 1015/1055 1077/1114
   2     1.8e-05          11   1.0000000      0.0092   67   45   95
---        Current Progress:  36 % - Matrix factorization
Memory: 980/1055 1080/1114
---        Current Progress:  36 % - Assembling matrices
Memory: 1015/1055 1077/1114
   3     1.3e-11     1.7e-08   1.0000000     1.8e-05   69   46   97
    
Continuation parameter VG = 44.
---        Current Progress:  37 % - Assembling matrices
Memory: 1013/1055 1075/1114
---        Current Progress:  37 % - Matrix factorization
Memory: 947/1055 1079/1114
Iter      SolEst      ResEst     Damping    Stepsize #Res #Jac #Sol
---        Current Progress:  37 % - Solving linear system
Memory: 1017/1055 1080/1114
   1      0.0082     3.4e+15   1.0000000       0.081   71   47   99
---        Current Progress:  37 % - Assembling matrices
Memory: 1016/1055 1078/1114
---        Current Progress:  37 % - Matrix factorization
Memory: 996/1055 1082/1114
---        Current Progress:  37 % - Assembling matrices
Memory: 1016/1055 1078/1114
   2     1.5e-05          10   1.0000000      0.0083   72   48  101
---        Current Progress:  38 % - Assembling matrices
Memory: 1015/1055 1077/1114
---        Current Progress:  38 % - Matrix factorization
Memory: 975/1055 1081/1114
---        Current Progress:  38 % - Assembling matrices
Memory: 1016/1055 1078/1114
   3     1.1e-11     1.7e-08   1.0000000     1.5e-05   74   49  103
    
Continuation parameter VG = 40.
---        Current Progress:  39 % - Assembling matrices
Memory: 1006/1055 1068/1114
---        Current Progress:  39 % - Matrix factorization
Memory: 984/1055 1072/1114
Iter      SolEst      ResEst     Damping    Stepsize #Res #Jac #Sol
---        Current Progress:  39 % - Assembling matrices
Memory: 1008/1055 1070/1114
   1      0.0076     3.4e+15   1.0000000       0.076   76   50  105
---        Current Progress:  39 % - Matrix factorization
Memory: 966/1055 1075/1114
---        Current Progress:  39 % - Assembling matrices
Memory: 1007/1055 1070/1114
   2     1.3e-05         9.4   1.0000000      0.0076   77   51  107
----       Current Progress:  40 % - Assembling sparsity pattern
Memory: 993/1055 1055/1114
----       Current Progress:  40 % - Assembling matrices
Memory: 1008/1055 1070/1114
----       Current Progress:  40 % - Matrix factorization
Memory: 963/1055 1074/1114
----       Current Progress:  40 % - Solving linear system
Memory: 1004/1055 1067/1114
----       Current Progress:  40 % - Assembling matrices
Memory: 1008/1055 1070/1114
   3     9.5e-12     1.7e-08   1.0000000     1.3e-05   79   52  109
    
Continuation parameter VG = 36.
----       Current Progress:  41 % - Assembling matrices
Memory: 1007/1055 1069/1114
----       Current Progress:  41 % - Matrix factorization
Memory: 1000/1055 1062/1114
Iter      SolEst      ResEst     Damping    Stepsize #Res #Jac #Sol
----       Current Progress:  41 % - Assembling matrices
Memory: 1009/1055 1071/1114
   1      0.0071     3.2e+15   1.0000000       0.072   81   53  111
----       Current Progress:  41 % - Matrix factorization
Memory: 977/1055 1076/1114
----       Current Progress:  41 % - Assembling matrices
Memory: 1010/1055 1072/1114
   2     1.1e-05         8.4   1.0000000      0.0071   82   54  113
----       Current Progress:  42 % - Assembling matrices
Memory: 1009/1055 1071/1114
----       Current Progress:  42 % - Matrix factorization
Memory: 959/1055 1075/1114
----       Current Progress:  42 % - Solving linear system
Memory: 1009/1055 1071/1114
----       Current Progress:  42 % - Assembling matrices
   3     7.5e-12     1.7e-08   1.0000000     1.1e-05   84   55  115
    
Continuation parameter VG = 32.
----       Current Progress:  43 % - Assembling matrices
Memory: 1008/1055 1070/1114
----       Current Progress:  43 % - Matrix factorization
Memory: 1001/1055 1064/1114
Iter      SolEst      ResEst     Damping    Stepsize #Res #Jac #Sol
----       Current Progress:  43 % - Assembling matrices
Memory: 1010/1055 1072/1114
   1      0.0067     3.1e+15   1.0000000       0.068   86   56  117
----       Current Progress:  43 % - Matrix factorization
Memory: 982/1055 1077/1114
----       Current Progress:  43 % - Assembling matrices
Memory: 1011/1055 1073/1114
   2     8.9e-06         7.5   1.0000000      0.0067   87   57  119
----       Current Progress:  44 % - Assembling matrices
Memory: 1010/1055 1072/1114
----       Current Progress:  44 % - Matrix factorization
Memory: 955/1055 1076/1114
----       Current Progress:  44 % - Solving linear system
Memory: 1010/1055 1072/1114
   3     5.7e-12       3e-07   1.0000000     8.9e-06   89   58  121
    
Continuation parameter VG = 28.
----       Current Progress:  45 % - Assembling matrices
Memory: 1009/1055 1071/1114
----       Current Progress:  45 % - Matrix factorization
Memory: 992/1055 1075/1114
Iter      SolEst      ResEst     Damping    Stepsize #Res #Jac #Sol
----       Current Progress:  45 % - Assembling matrices
Memory: 1011/1055 1073/1114
   1      0.0065     2.4e+15   1.0000000       0.064   91   59  123
----       Current Progress:  45 % - Matrix factorization
Memory: 981/1055 1078/1114
----       Current Progress:  45 % - Assembling matrices
Memory: 1012/1055 1074/1114
   2     7.7e-06         6.6   1.0000000      0.0065   92   60  125
----       Current Progress:  46 % - Assembling matrices
Memory: 1011/1055 1073/1114
----       Current Progress:  46 % - Matrix factorization
Memory: 961/1055 1077/1114
----       Current Progress:  46 % - Solving linear system
Memory: 1011/1055 1073/1114
----       Current Progress:  46 % - Assembling matrices
   3     4.3e-12     1.8e-08   1.0000000     7.7e-06   94   61  127
    
Continuation parameter VG = 24.
----       Current Progress:  47 % - Assembling matrices
Memory: 1010/1055 1072/1114
----       Current Progress:  47 % - Matrix factorization
Memory: 933/1055 975/1114
Iter      SolEst      ResEst     Damping    Stepsize #Res #Jac #Sol
----       Current Progress:  47 % - Assembling matrices
Memory: 1012/1055 1074/1114
   1      0.0063     2.7e+15   1.0000000       0.061   96   62  129
----       Current Progress:  47 % - Matrix factorization
Memory: 984/1055 1079/1114
----       Current Progress:  47 % - Assembling matrices
Memory: 1013/1055 1075/1114
   2     6.9e-06         5.9   1.0000000      0.0062   97   63  131
----       Current Progress:  47 % - Matrix factorization
Memory: 959/1055 1078/1114
----       Current Progress:  47 % - Solving linear system
Memory: 1012/1055 1074/1114
   3     3.3e-12     1.8e-08   1.0000000     6.9e-06   99   64  133
    
Continuation parameter VG = 20.
----       Current Progress:  49 % - Assembling matrices
Memory: 1011/1055 1073/1114
----       Current Progress:  49 % - Matrix factorization
Memory: 974/1055 1077/1114
Iter      SolEst      ResEst     Damping    Stepsize #Res #Jac #Sol
----       Current Progress:  49 % - Assembling matrices
Memory: 1013/1055 1075/1114
   1      0.0061     2.5e+15   1.0000000       0.058  101   65  135
----       Current Progress:  49 % - Matrix factorization
Memory: 953/1055 1080/1114
----       Current Progress:  49 % - Solving linear system
Memory: 1013/1055 1075/1114
   2     6.3e-06         5.4   1.0000000       0.006  102   66  137
----       Current Progress:  49 % - Assembling matrices
----       Current Progress:  49 % - 
Memory: 1007/1055 1069/1114
----       Current Progress:  49 % - Matrix factorization
Memory: 994/1055 1079/1114
----       Current Progress:  49 % - Assembling matrices
Memory: 1014/1055 1076/1114
   3     2.7e-12     1.9e-08   1.0000000     6.3e-06  104   67  139
    
Continuation parameter VG = 16.
-----      Current Progress:  51 % - Assembling matrices
Memory: 1012/1055 1074/1114
-----      Current Progress:  51 % - Matrix factorization
Memory: 954/1055 1078/1114
Iter      SolEst      ResEst     Damping    Stepsize #Res #Jac #Sol
-----      Current Progress:  51 % - Solving linear system
Memory: 1013/1055 1075/1114
   1      0.0059     2.3e+15   1.0000000       0.056  106   68  141
-----      Current Progress:  51 % - Assembling matrices
Memory: 1015/1055 1077/1114
-----      Current Progress:  51 % - Matrix factorization
Memory: 997/1055 1081/1114
-----      Current Progress:  51 % - Assembling matrices
Memory: 1015/1055 1077/1114
   2     5.8e-06         5.1   1.0000000      0.0057  107   69  143
-----      Current Progress:  51 % - Matrix factorization
Memory: 974/1055 1080/1114
-----      Current Progress:  51 % - Assembling matrices
Memory: 1015/1055 1077/1114
   3     2.3e-12     1.9e-08   1.0000000     5.8e-06  109   70  145
    
Continuation parameter VG = 12.
-----      Current Progress:  53 % - Assembling matrices
Memory: 1013/1055 1075/1114
-----      Current Progress:  53 % - Matrix factorization
Memory: 938/1055 978/1114
Iter      SolEst      ResEst     Damping    Stepsize #Res #Jac #Sol
-----      Current Progress:  53 % - Assembling matrices
Memory: 1015/1055 1077/1114
   1      0.0056     2.1e+15   1.0000000       0.056  111   71  147
-----      Current Progress:  53 % - Matrix factorization
Memory: 974/1055 1082/1114
-----      Current Progress:  53 % - Solving linear system
Memory: 1014/1055 1080/1114
   2     5.4e-06         4.8   1.0000000      0.0053  112   72  149
-----      Current Progress:  53 % - Assembling matrices
Memory: 1015/1055 1077/1114
-----      Current Progress:  53 % - Matrix factorization
Memory: 994/1055 1081/1114
-----      Current Progress:  53 % - Assembling matrices
Memory: 1016/1055 1078/1114
   3     1.8e-12       2e-08   1.0000000     5.3e-06  114   73  151
    
Continuation parameter VG = 8.
-----      Current Progress:  55 % - Assembling matrices
Memory: 1006/1055 1068/1114
-----      Current Progress:  55 % - Matrix factorization
Memory: 938/1055 1042/1114
Iter      SolEst      ResEst     Damping    Stepsize #Res #Jac #Sol
-----      Current Progress:  55 % - Solving linear system
Memory: 1009/1055 1075/1114
   1      0.0053     1.9e+15   1.0000000       0.055  116   74  153
-----      Current Progress:  55 % - Assembling matrices
Memory: 1009/1055 1071/1114
-----      Current Progress:  55 % - Matrix factorization
Memory: 978/1055 1075/1114
-----      Current Progress:  55 % - Assembling matrices
Memory: 1009/1055 1071/1114
   2     4.9e-06         4.6   1.0000000       0.005  117   75  155
-----      Current Progress:  55 % - Matrix factorization
Memory: 959/1055 1074/1114
-----      Current Progress:  55 % - Solving linear system
Memory: 1008/1055 1070/1114
   3     1.4e-12     2.1e-08   1.0000000     4.9e-06  119   76  157
    
Continuation parameter VG = 4.
-----      Current Progress:  57 % - Assembling matrices
Memory: 1007/1055 1069/1114
-----      Current Progress:  57 % - Matrix factorization
Memory: 984/1055 1073/1114
Iter      SolEst      ResEst     Damping    Stepsize #Res #Jac #Sol
-----      Current Progress:  57 % - Assembling matrices
Memory: 1009/1055 1071/1114
   1      0.0051     1.8e+15   1.0000000       0.055  121   77  159
-----      Current Progress:  57 % - Matrix factorization
Memory: 965/1055 1076/1114
-----      Current Progress:  57 % - Solving linear system
Memory: 1009/1055 1071/1114
   2     4.6e-06         4.4   1.0000000      0.0048  122   78  161
-----      Current Progress:  57 % - Assembling matrices
-----      Current Progress:  57 % - Matrix factorization
Memory: 941/1055 1045/1114
-----      Current Progress:  57 % - Solving linear system
Memory: 1010/1055 1072/1114
   3     1.1e-12     2.3e-08   1.0000000     4.6e-06  124   79  163
    
Continuation parameter VG = 0.
-----      Current Progress:  59 % - Assembling matrices
Memory: 1008/1055 1070/1114
-----      Current Progress:  59 % - Matrix factorization
Memory: 975/1055 1074/1114
Iter      SolEst      ResEst     Damping    Stepsize #Res #Jac #Sol
-----      Current Progress:  59 % - Assembling matrices
Memory: 1010/1055 1072/1114
   1      0.0049     1.6e+15   1.0000000       0.056  126   80  165
-----      Current Progress:  59 % - Matrix factorization
Memory: 960/1055 1077/1114
-----      Current Progress:  59 % - Solving linear system
Memory: 1010/1055 1072/1114
   2     4.3e-06         4.2   1.0000000      0.0046  127   81  167
-----      Current Progress:  59 % - Assembling matrices
-----      Current Progress:  59 % - Matrix factorization
Memory: 935/1055 975/1114
-----      Current Progress:  59 % - Assembling matrices
Memory: 1011/1055 1073/1114
   3     9.5e-13     2.5e-08   1.0000000     4.3e-06  129   82  169
    
Continuation parameter VG = -4.
------     Current Progress:  61 % - Assembling matrices
Memory: 1007/1055 1069/1114
------     Current Progress:  61 % - Matrix factorization
Memory: 963/1055 1075/1114
Iter      SolEst      ResEst     Damping    Stepsize #Res #Jac #Sol
------     Current Progress:  61 % - Solving linear system
Memory: 1008/1055 1070/1114
   1      0.0047     1.5e+15   1.0000000       0.056  131   83  171
------     Current Progress:  61 % - Assembling matrices
Memory: 1012/1055 1074/1114
------     Current Progress:  61 % - Matrix factorization
Memory: 944/1055 1048/1114
------     Current Progress:  61 % - Assembling matrices
Memory: 1012/1055 1074/1114
   2     4.1e-06           4   1.0000000      0.0045  132   84  173
------     Current Progress:  61 % - Matrix factorization
Memory: 983/1055 1077/1114
------     Current Progress:  61 % - Assembling matrices
Memory: 1012/1055 1074/1114
   3     8.3e-13     2.9e-08   1.0000000       4e-06  134   85  175
    
Continuation parameter VG = -8.
------     Current Progress:  63 % - Assembling matrices
Memory: 1010/1055 1072/1114
------     Current Progress:  63 % - Matrix factorization
Memory: 950/1055 1076/1114
Iter      SolEst      ResEst     Damping    Stepsize #Res #Jac #Sol
------     Current Progress:  63 % - Solving linear system
Memory: 1011/1055 1073/1114
   1      0.0046     1.4e+15   1.0000000       0.056  136   86  177
------     Current Progress:  63 % - Assembling matrices
Memory: 1013/1055 1075/1114
------     Current Progress:  63 % - 
Memory: 1008/1055 1071/1114
------     Current Progress:  63 % - Matrix factorization
Memory: 999/1055 1079/1114
------     Current Progress:  63 % - Assembling matrices
Memory: 1013/1055 1075/1114
   2     3.9e-06         3.8   1.0000000      0.0044  137   87  179
------     Current Progress:  63 % - Matrix factorization
Memory: 972/1055 1078/1114
------     Current Progress:  63 % - Assembling matrices
Memory: 1013/1055 1075/1114
   3     8.3e-13     3.5e-08   1.0000000     3.8e-06  139   88  181
    
Continuation parameter VG = -12.
------     Current Progress:  65 % - Assembling matrices
Memory: 1011/1055 1073/1114
------     Current Progress:  65 % - Matrix factorization
Memory: 936/1055 976/1114
Iter      SolEst      ResEst     Damping    Stepsize #Res #Jac #Sol
------     Current Progress:  65 % - Solving linear system
Memory: 1015/1055 1077/1114
   1      0.0046     1.2e+15   1.0000000       0.056  141   89  183
------     Current Progress:  65 % - Assembling matrices
Memory: 1014/1055 1076/1114
------     Current Progress:  65 % - Matrix factorization
Memory: 985/1055 1080/1114
------     Current Progress:  65 % - Assembling matrices
Memory: 1014/1055 1076/1114
   2     3.7e-06           4   1.0000000      0.0043  142   90  185
------     Current Progress:  65 % - Matrix factorization
Memory: 965/1055 1079/1114
------     Current Progress:  65 % - Solving linear system
Memory: 1013/1055 1075/1114
------     Current Progress:  65 % - Assembling matrices
   3     7.3e-13     3.7e-08   1.0000000     3.7e-06  144   91  187
    
Continuation parameter VG = -16.
------     Current Progress:  67 % - Assembling matrices
Memory: 1012/1055 1074/1114
------     Current Progress:  67 % - Matrix factorization
Memory: 937/1055 977/1114
Iter      SolEst      ResEst     Damping    Stepsize #Res #Jac #Sol
------     Current Progress:  67 % - Assembling matrices
Memory: 1014/1055 1076/1114
   1      0.0045     1.1e+15   1.0000000       0.056  146   92  189
------     Current Progress:  67 % - Matrix factorization
Memory: 982/1055 1081/1114
------     Current Progress:  67 % - Assembling matrices
Memory: 1015/1055 1077/1114
   2     3.5e-06         4.5   1.0000000      0.0042  147   93  191
------     Current Progress:  67 % - Matrix factorization
Memory: 959/1055 1080/1114
------     Current Progress:  67 % - Solving linear system
Memory: 1014/1055 1076/1114
------     Current Progress:  67 % - Assembling matrices
Memory: 1011/1055 1073/1114
   3     7.1e-13     3.9e-08   1.0000000     3.5e-06  149   94  193
    
Continuation parameter VG = -20.
------     Current Progress:  69 % - Assembling matrices
Memory: 1013/1055 1075/1114
------     Current Progress:  69 % - Matrix factorization
Memory: 996/1055 1079/1114
Iter      SolEst      ResEst     Damping    Stepsize #Res #Jac #Sol
------     Current Progress:  69 % - Assembling matrices
Memory: 1015/1055 1077/1114
   1      0.0045     9.2e+14   1.0000000       0.056  151   95  195
------     Current Progress:  69 % - Matrix factorization
Memory: 981/1055 1082/1114
------     Current Progress:  69 % - Assembling matrices
Memory: 1016/1055 1078/1114
   2     3.3e-06         5.2   1.0000000      0.0042  152   96  197
------     Current Progress:  69 % - Matrix factorization
Memory: 941/1055 1051/1114
------     Current Progress:  69 % - Assembling matrices
Memory: 1016/1055 1078/1114
   3     6.8e-13     4.7e-08   1.0000000     3.3e-06  154   97  199
-------    Current Progress:  71 % - Constraint handling
Memory: 1007/1055 1069/1114
    
Continuation parameter VG = -24.
-------    Current Progress:  71 % - Assembling matrices
Memory: 1006/1055 1068/1114
-------    Current Progress:  71 % - Matrix factorization
Memory: 954/1055 1071/1114
Iter      SolEst      ResEst     Damping    Stepsize #Res #Jac #Sol
-------    Current Progress:  71 % - Solving linear system
Memory: 1007/1055 1069/1114
   1      0.0045     8.2e+14   1.0000000       0.056  156   98  201
-------    Current Progress:  71 % - Assembling matrices
Memory: 1009/1055 1071/1114
-------    Current Progress:  71 % - Matrix factorization
Memory: 992/1055 1075/1114
-------    Current Progress:  71 % - Assembling matrices
Memory: 1009/1055 1071/1114
   2     3.2e-06         5.8   1.0000000      0.0042  157   99  203
-------    Current Progress:  71 % - Matrix factorization
Memory: 962/1055 1074/1114
-------    Current Progress:  71 % - Solving linear system
Memory: 1005/1055 1067/1114
-------    Current Progress:  71 % - Assembling matrices
Memory: 1008/1055 1070/1114
   3     6.1e-13     5.3e-08   1.0000000     3.1e-06  159  100  205
    
Continuation parameter VG = -28.
-------    Current Progress:  73 % - Assembling matrices
Memory: 1007/1055 1069/1114
-------    Current Progress:  73 % - Matrix factorization
Memory: 981/1055 1073/1114
Iter      SolEst      ResEst     Damping    Stepsize #Res #Jac #Sol
-------    Current Progress:  73 % - Assembling matrices
Memory: 1009/1055 1071/1114
   1      0.0045     7.2e+14   1.0000000       0.055  161  101  207
-------    Current Progress:  73 % - Assembling sparsity pattern
Memory: 990/1055 1052/1114
-------    Current Progress:  73 % - Assembling matrices
Memory: 1010/1055 1072/1114
-------    Current Progress:  73 % - Matrix factorization
Memory: 984/1055 1076/1114
-------    Current Progress:  73 % - Assembling matrices
Memory: 1010/1055 1072/1114
   2       3e-06         6.3   1.0000000      0.0042  162  102  209
-------    Current Progress:  73 % - Matrix factorization
Memory: 958/1055 1075/1114
-------    Current Progress:  73 % - Solving linear system
Memory: 1009/1055 1071/1114
-------    Current Progress:  73 % - Assembling matrices
Memory: 1007/1055 1069/1114
   3     5.1e-13       6e-08   1.0000000       3e-06  164  103  211
    
Continuation parameter VG = -32.
-------    Current Progress:  75 % - Assembling matrices
Memory: 1008/1055 1070/1114
-------    Current Progress:  75 % - Matrix factorization
Memory: 992/1055 1074/1114
Iter      SolEst      ResEst     Damping    Stepsize #Res #Jac #Sol
-------    Current Progress:  75 % - Assembling matrices
Memory: 1010/1055 1072/1114
   1      0.0045     6.5e+14   1.0000000       0.055  166  104  213
-------    Current Progress:  75 % - Matrix factorization
Memory: 977/1055 1077/1114
-------    Current Progress:  75 % - Assembling matrices
Memory: 1011/1055 1073/1114
   2     2.9e-06         6.4   1.0000000      0.0042  167  105  215
-------    Current Progress:  75 % - Matrix factorization
Memory: 951/1055 1076/1114
-------    Current Progress:  75 % - Solving linear system
Memory: 1010/1055 1072/1114
   3     3.9e-13     7.2e-08   1.0000000     2.8e-06  169  106  217
    
Continuation parameter VG = -36.
-------    Current Progress:  76 % - Assembling matrices
Memory: 1009/1055 1071/1114
-------    Current Progress:  76 % - Matrix factorization
Memory: 982/1055 1075/1114
Iter      SolEst      ResEst     Damping    Stepsize #Res #Jac #Sol
-------    Current Progress:  76 % - Assembling matrices
Memory: 1011/1055 1073/1114
   1      0.0046     5.7e+14   1.0000000       0.053  171  107  219
-------    Current Progress:  77 % - Assembling matrices
Memory: 1012/1055 1074/1114
-------    Current Progress:  77 % - Matrix factorization
Memory: 966/1055 1078/1114
-------    Current Progress:  77 % - Solving linear system
Memory: 1011/1055 1073/1114
   2     2.8e-06         6.2   1.0000000      0.0042  172  108  221
-------    Current Progress:  77 % - Assembling matrices
-------    Current Progress:  77 % - Matrix factorization
Memory: 939/1055 1047/1114
-------    Current Progress:  77 % - Assembling matrices
Memory: 1012/1055 1074/1114
   3     2.9e-13     7.9e-08   1.0000000     2.7e-06  174  109  223
    
Continuation parameter VG = -40.
-------    Current Progress:  78 % - Assembling matrices
Memory: 1010/1055 1072/1114
-------    Current Progress:  78 % - Matrix factorization
Memory: 970/1055 1076/1114
Iter      SolEst      ResEst     Damping    Stepsize #Res #Jac #Sol
-------    Current Progress:  78 % - Assembling matrices
Memory: 1010/1055 1072/1114
   1      0.0046     5.3e+14   1.0000000       0.052  176  110  225
-------    Current Progress:  79 % - Assembling matrices
Memory: 1013/1055 1075/1114
-------    Current Progress:  79 % - Matrix factorization
Memory: 947/1055 1079/1114
-------    Current Progress:  79 % - Solving linear system
Memory: 1013/1055 1075/1114
   2     2.8e-06         5.4   1.0000000      0.0042  177  111  227
-------    Current Progress:  79 % - Assembling matrices
Memory: 1012/1055 1074/1114
-------    Current Progress:  79 % - Matrix factorization
Memory: 989/1055 1078/1114
-------    Current Progress:  79 % - Assembling matrices
Memory: 1013/1055 1075/1114
   3     2.3e-13     1.3e-07   1.0000000     2.7e-06  179  112  229
    
Continuation parameter VG = -44.
--------   Current Progress:  80 % - Assembling matrices
Memory: 1011/1055 1073/1114
--------   Current Progress:  80 % - Matrix factorization
Memory: 959/1055 1077/1114
Iter      SolEst      ResEst     Damping    Stepsize #Res #Jac #Sol
--------   Current Progress:  80 % - Solving linear system
Memory: 1012/1055 1074/1114
   1      0.0042     4.9e+14   1.0000000       0.048  181  113  231
--------   Current Progress:  81 % - Assembling matrices
Memory: 1014/1055 1076/1114
--------   Current Progress:  81 % - Matrix factorization
Memory: 1005/1055 1070/1114
--------   Current Progress:  81 % - Assembling matrices
Memory: 1014/1055 1076/1114
   2     2.6e-06         4.6   1.0000000      0.0039  182  114  233
--------   Current Progress:  81 % - Matrix factorization
Memory: 977/1055 1079/1114
--------   Current Progress:  81 % - Assembling matrices
Memory: 1014/1055 1076/1114
   3     1.9e-13     9.3e-08   1.0000000     2.6e-06  184  115  235
    
Continuation parameter VG = -48.
--------   Current Progress:  82 % - Assembling matrices
Memory: 1012/1055 1074/1114
--------   Current Progress:  82 % - Matrix factorization
Memory: 944/1055 1048/1114
Iter      SolEst      ResEst     Damping    Stepsize #Res #Jac #Sol
--------   Current Progress:  82 % - Solving linear system
Memory: 1016/1055 1078/1114
   1      0.0038     4.5e+14   1.0000000       0.045  186  116  237
--------   Current Progress:  83 % - Assembling matrices
Memory: 1015/1055 1077/1114
--------   Current Progress:  83 % - Matrix factorization
Memory: 979/1055 1081/1114
--------   Current Progress:  83 % - Assembling matrices
Memory: 1015/1055 1077/1114
   2     2.3e-06         3.9   1.0000000      0.0035  187  117  239
--------   Current Progress:  83 % - Matrix factorization
Memory: 1009/1055 1071/1114
--------   Current Progress:  83 % - Assembling matrices
Memory: 1015/1055 1077/1114
   3     1.7e-13       1e-07   1.0000000     2.2e-06  189  118  241
--------   Current Progress:  84 % - Constraint handling
Memory: 1007/1055 1069/1114
    
Continuation parameter VG = -52.
--------   Current Progress:  84 % - Assembling matrices
Memory: 1013/1055 1075/1114
--------   Current Progress:  84 % - Matrix factorization
Memory: 947/1055 1079/1114
Iter      SolEst      ResEst     Damping    Stepsize #Res #Jac #Sol
--------   Current Progress:  84 % - Solving linear system
Memory: 1017/1055 1079/1114
   1      0.0035     4.1e+14   1.0000000       0.043  191  119  243
--------   Current Progress:  85 % - Assembling matrices
Memory: 1016/1055 1078/1114
--------   Current Progress:  85 % - Matrix factorization
Memory: 991/1055 1082/1114
--------   Current Progress:  85 % - Assembling matrices
Memory: 1016/1055 1078/1114
   2       2e-06         3.3   1.0000000      0.0033  192  120  245
--------   Current Progress:  85 % - Matrix factorization
Memory: 963/1055 1081/1114
--------   Current Progress:  85 % - Solving linear system
Memory: 1015/1055 1077/1114
   3     1.7e-13     1.1e-07   1.0000000       2e-06  194  121  247
    
Continuation parameter VG = -56.
--------   Current Progress:  86 % - Assembling matrices
Memory: 1006/1055 1068/1114
--------   Current Progress:  86 % - Matrix factorization
Memory: 975/1055 1071/1114
Iter      SolEst      ResEst     Damping    Stepsize #Res #Jac #Sol
--------   Current Progress:  86 % - Assembling matrices
Memory: 1008/1055 1070/1114
   1      0.0033     3.6e+14   1.0000000       0.041  196  122  249
--------   Current Progress:  86 % - Matrix factorization
Memory: 941/1055 1045/1114
--------   Current Progress:  86 % - Solving linear system
Memory: 1009/1055 1071/1114
   2     1.7e-06         2.7   1.0000000      0.0031  197  123  251
--------   Current Progress:  87 % - Assembling matrices
Memory: 1008/1055 1070/1114
--------   Current Progress:  87 % - Matrix factorization
Memory: 957/1055 1074/1114
--------   Current Progress:  87 % - Solving linear system
Memory: 1008/1055 1070/1114
--------   Current Progress:  87 % - Assembling matrices
   3     1.5e-13     1.1e-07   1.0000000     1.7e-06  199  124  253
    
Continuation parameter VG = -60.
--------   Current Progress:  88 % - Assembling matrices
Memory: 1007/1055 1069/1114
--------   Current Progress:  88 % - Constraint handling
Memory: 1017/1055 1079/1114
--------   Current Progress:  88 % - Matrix factorization
Memory: 994/1055 1073/1114
Iter      SolEst      ResEst     Damping    Stepsize #Res #Jac #Sol
--------   Current Progress:  88 % - Assembling matrices
Memory: 1009/1055 1071/1114
   1       0.003     3.4e+14   1.0000000       0.038  201  125  255
--------   Current Progress:  88 % - Matrix factorization
Memory: 970/1055 1076/1114
--------   Current Progress:  88 % - Assembling matrices
Memory: 1010/1055 1072/1114
   2     1.5e-06         2.3   1.0000000      0.0028  202  126  257
--------   Current Progress:  89 % - Assembling matrices
Memory: 1009/1055 1071/1114
--------   Current Progress:  89 % - Matrix factorization
Memory: 942/1055 1002/1114
--------   Current Progress:  89 % - Solving linear system
Memory: 1008/1055 1075/1114
   3     1.3e-13     1.5e-07   1.0000000     1.5e-06  204  127  259
    
Continuation parameter VG = -64.
---------  Current Progress:  90 % - Assembling matrices
Memory: 1008/1055 1070/1114
---------  Current Progress:  90 % - Matrix factorization
Memory: 962/1055 1074/1114
Iter      SolEst      ResEst     Damping    Stepsize #Res #Jac #Sol
---------  Current Progress:  90 % - Solving linear system
Memory: 1009/1055 1071/1114
   1      0.0026       3e+14   1.0000000       0.036  206  128  261
---------  Current Progress:  90 % - Assembling matrices
Memory: 1011/1055 1073/1114
---------  Current Progress:  90 % - Matrix factorization
Memory: 941/1055 1044/1114
---------  Current Progress:  90 % - Solving linear system
Memory: 1011/1055 1073/1114
   2     1.3e-06         2.1   1.0000000      0.0025  207  129  263
---------  Current Progress:  91 % - Assembling matrices
Memory: 1010/1055 1072/1114
---------  Current Progress:  91 % - Matrix factorization
Memory: 992/1055 1076/1114
---------  Current Progress:  91 % - Assembling matrices
Memory: 1011/1055 1073/1114
   3     1.1e-13     1.3e-07   1.0000000     1.3e-06  209  130  265
    
Continuation parameter VG = -68.
---------  Current Progress:  92 % - Assembling matrices
Memory: 1009/1055 1071/1114
---------  Current Progress:  92 % - Matrix factorization
Memory: 956/1055 1075/1114
Iter      SolEst      ResEst     Damping    Stepsize #Res #Jac #Sol
---------  Current Progress:  92 % - Solving linear system
Memory: 1010/1055 1072/1114
   1      0.0024     2.8e+14   1.0000000       0.035  211  131  267
---------  Current Progress:  92 % - Assembling matrices
Memory: 1012/1055 1074/1114
---------  Current Progress:  92 % - Constraint handling
Memory: 1008/1055 1070/1114
---------  Current Progress:  92 % - Matrix factorization
Memory: 1001/1055 1078/1114
---------  Current Progress:  92 % - Assembling matrices
Memory: 1012/1055 1074/1114
   2     1.2e-06         1.9   1.0000000      0.0023  212  132  269
---------  Current Progress:  93 % - Assembling matrices
Memory: 1011/1055 1073/1114
---------  Current Progress:  93 % - Matrix factorization
Memory: 972/1055 1077/1114
---------  Current Progress:  93 % - Assembling matrices
Memory: 1012/1055 1074/1114
   3     8.5e-14     1.3e-07   1.0000000     1.2e-06  214  133  271
    
Continuation parameter VG = -72.
---------  Current Progress:  94 % - Assembling matrices
Memory: 1010/1055 1072/1114
---------  Current Progress:  94 % - Matrix factorization
Memory: 942/1055 1046/1114
Iter      SolEst      ResEst     Damping    Stepsize #Res #Jac #Sol
---------  Current Progress:  94 % - Solving linear system
Memory: 1014/1055 1076/1114
   1      0.0023     2.7e+14   1.0000000       0.034  216  134  273
---------  Current Progress:  94 % - Assembling matrices
Memory: 1013/1055 1075/1114
---------  Current Progress:  94 % - Matrix factorization
Memory: 983/1055 1079/1114
---------  Current Progress:  94 % - Assembling matrices
Memory: 1013/1055 1075/1114
   2     1.1e-06         1.7   1.0000000      0.0022  217  135  275
---------  Current Progress:  95 % - Assembling matrices
Memory: 1012/1055 1074/1114
---------  Current Progress:  95 % - Matrix factorization
Memory: 961/1055 1068/1114
---------  Current Progress:  95 % - Assembling matrices
Memory: 1013/1055 1075/1114
   3     6.5e-14     1.4e-07   1.0000000     1.1e-06  219  136  277
    
Continuation parameter VG = -76.
---------  Current Progress:  96 % - Assembling matrices
Memory: 1011/1055 1073/1114
---------  Current Progress:  96 % - Matrix factorization
Memory: 962/1055 1077/1114
Iter      SolEst      ResEst     Damping    Stepsize #Res #Jac #Sol
---------  Current Progress:  96 % - Solving linear system
Memory: 1012/1055 1074/1114
   1      0.0022     2.5e+14   1.0000000       0.034  221  137  279
---------  Current Progress:  96 % - Assembling matrices
Memory: 1014/1055 1076/1114
---------  Current Progress:  96 % - Matrix factorization
Memory: 970/1055 1080/1114
---------  Current Progress:  96 % - Assembling matrices
Memory: 1014/1055 1076/1114
   2     1.1e-06         1.6   1.0000000      0.0021  222  138  281
---------  Current Progress:  96 % - Matrix factorization
Memory: 950/1055 1079/1114
---------  Current Progress:  96 % - Solving linear system
Memory: 1013/1055 1075/1114
   3     5.4e-14     2.4e-07   1.0000000       1e-06  224  139  283
    
Continuation parameter VG = -80.
---------  Current Progress:  98 % - Assembling matrices
Memory: 1012/1055 1074/1114
---------  Current Progress:  98 % - Matrix factorization
Memory: 973/1055 1078/1114
Iter      SolEst      ResEst     Damping    Stepsize #Res #Jac #Sol
---------  Current Progress:  98 % - Assembling matrices
Memory: 1014/1055 1076/1114
   1      0.0022     2.4e+14   1.0000000       0.033  226  140  285
---------  Current Progress:  98 % - Matrix factorization
Memory: 956/1055 1081/1114
---------  Current Progress:  98 % - Solving linear system
Memory: 1014/1055 1076/1114
   2     1.1e-06         1.5   1.0000000      0.0021  227  141  287
---------  Current Progress:  98 % - Assembling matrices
---------  Current Progress:  98 % - Matrix factorization
Memory: 1002/1055 1080/1114
---------  Current Progress:  98 % - Assembling matrices
Memory: 1015/1055 1077/1114
   3     3.7e-14     1.5e-07   1.0000000     1.1e-06  229  142  289
---------- Current Progress: 100 % - Constraint handling
Memory: 1003/1055 1065/1114
Solution time: 176 s. (2 minutes, 56 seconds)
Physical memory: 1.02 GB
Virtual memory: 1.09 GB
Ended at Oct 3, 2026, 11:56:35 AM.
----- Stationary Solver 2 in Study 1/Solution 1 (sol1) ------------------------>
VD=0.800000: 41 / 41 nuqta qaytdi (ok=true)
<---- Compile Equations: Semiconductor Equilibrium in Study 1/Solution 1 (sol1) -
Started at Oct 3, 2026, 11:56:37 AM.
Geometry shape function: Linear Lagrange
Running on 11th Gen Intel(R) Core(TM) i7-1165G7 at 2.80 GHz.
Using 1 socket with 4 cores in total on WIN-FNSSP1NOF49.
Available memory: 7.97 GB.
           Current Progress:   1 % - Compile Equations: Semiconductor Equilibrium
Memory: 877/1055 919/1114
           Current Progress:   1 % - Creating visualization mesh
Memory: 878/1055 919/1114
Time: 1 s.
Physical memory: 879 MB
Virtual memory: 920 MB
Ended at Oct 3, 2026, 11:56:37 AM.
----- Compile Equations: Semiconductor Equilibrium in Study 1/Solution 1 (sol1) >
<---- Dependent Variables 1 in Study 1/Solution 1 (sol1) -----------------------
Started at Oct 3, 2026, 11:56:37 AM.
           Current Progress:   1 % - Dependent Variables 1
Memory: 884/1055 924/1114
Solution time: 0 s.
Physical memory: 884 MB
Virtual memory: 924 MB
Ended at Oct 3, 2026, 11:56:37 AM.
----- Dependent Variables 1 in Study 1/Solution 1 (sol1) ---------------------->
<---- Stationary Solver 1 in Study 1/Solution 1 (sol1) -------------------------
Started at Oct 3, 2026, 11:56:37 AM.
Nonlinear solver
Number of degrees of freedom solved for: 138873.
           Current Progress:   2 % - Assembling sparsity pattern
Memory: 903/1055 943/1114
Nonsymmetric matrix found.
Scales for dependent variables:
Electron solution variable (comp1.Ne): 2.5e+24
Hole solution variable (comp1.Ph): 2.4e+28
Electric potential (comp1.V): 8e+22
Orthonormal null-space function used.
           Current Progress:   2 % - Matrix factorization
Memory: 950/1055 1001/1114
Iter      SolEst      ResEst     Damping    Stepsize #Res #Jac #Sol
           Current Progress:   2 % - Assembling matrices
Memory: 996/1055 1053/1114
   1         1.4     5.1e+15   0.1000000         1.6    2    1    2
           Current Progress:   3 % - Assembling sparsity pattern
Memory: 989/1055 1046/1114
           Current Progress:   3 % - Matrix factorization
Memory: 968/1055 1058/1114
           Current Progress:   3 % - Solving linear system
Memory: 999/1055 1056/1114
   2        0.92       6e+03   0.0328292        0.95    4    2    5
           Current Progress:   5 % - Assembling matrices
Memory: 996/1055 1052/1114
           Current Progress:   5 % - Matrix factorization
Memory: 981/1055 1057/1114
           Current Progress:   5 % - Solving linear system
Memory: 922/1055 976/1114
   3        0.95     4.5e+04   0.1865277         1.2    5    3    7
           Current Progress:   5 % - Matrix factorization
Memory: 887/1055 938/1114
           Current Progress:   5 % - Solving linear system
Memory: 923/1055 977/1114
   4        0.59     4.9e+04   0.0380931        0.61    7    4   10
-          Current Progress:  10 % - Matrix factorization
Memory: 896/1055 978/1114
-          Current Progress:  10 % - Solving linear system
Memory: 922/1055 976/1114
   5        0.49     3.6e+05   0.1718316        0.61    8    5   12
-          Current Progress:  10 % - Matrix factorization
Memory: 896/1055 978/1114
-          Current Progress:  10 % - Solving linear system
Memory: 922/1055 976/1114
   6        0.34     4.5e+05   0.0607647        0.37   10    6   15
-          Current Progress:  11 % - Solving linear system
Memory: 914/1055 969/1114
-          Current Progress:  11 % - Matrix factorization
Memory: 898/1055 978/1114
-          Current Progress:  11 % - Solving linear system
Memory: 922/1055 976/1114
   7        0.25     2.5e+06   0.1773288         0.3   11    7   17
-          Current Progress:  12 % - Matrix factorization
Memory: 893/1055 978/1114
-          Current Progress:  12 % - Solving linear system
Memory: 922/1055 976/1114
   8        0.14     9.5e+06   0.1916603        0.17   12    8   19
-          Current Progress:  13 % - Matrix factorization
Memory: 886/1055 935/1114
-          Current Progress:  13 % - Solving linear system
Memory: 923/1055 977/1114
   9        0.13     1.5e+07   0.1291964        0.14   13    9   21
-          Current Progress:  13 % - Assembling matrices
Memory: 919/1055 974/1114
-          Current Progress:  13 % - Matrix factorization
Memory: 913/1055 978/1114
-          Current Progress:  13 % - Assembling matrices
Memory: 922/1055 976/1114
  10       0.098     3.4e+07   0.1720969        0.11   14   10   23
-          Current Progress:  13 % - Matrix factorization
Memory: 909/1055 978/1114
-          Current Progress:  13 % - Assembling matrices
Memory: 921/1055 976/1114
  11       0.078     7.1e+07   0.1945168       0.093   15   11   25
-          Current Progress:  13 % - Matrix factorization
Memory: 907/1055 978/1114
-          Current Progress:  13 % - Solving linear system
Memory: 916/1055 971/1114
  12        0.06     1.6e+08   0.2436378       0.075   16   12   27
-          Current Progress:  14 % - Assembling matrices
Memory: 919/1055 974/1114
-          Current Progress:  14 % - Matrix factorization
Memory: 903/1055 978/1114
-          Current Progress:  14 % - Solving linear system
Memory: 922/1055 976/1114
  13       0.043     3.6e+08   0.3277660       0.059   17   13   29
-          Current Progress:  14 % - Assembling matrices
Memory: 919/1055 974/1114
-          Current Progress:  14 % - Matrix factorization
Memory: 900/1055 978/1114
-          Current Progress:  14 % - Solving linear system
Memory: 922/1055 976/1114
  14       0.023     8.6e+08   0.5217661        0.04   18   14   31
-          Current Progress:  15 % - Solving linear system
Memory: 914/1055 969/1114
-          Current Progress:  15 % - Matrix factorization
Memory: 897/1055 978/1114
-          Current Progress:  15 % - Solving linear system
Memory: 922/1055 976/1114
  15      0.0048     1.4e+09   1.0000000        0.02   19   15   33
-          Current Progress:  16 % - Matrix factorization
Memory: 895/1055 978/1114
-          Current Progress:  16 % - Solving linear system
Memory: 922/1055 976/1114
  16     6.2e-07     1.6e+03   1.0000000       0.004   20   16   35
-          Current Progress:  18 % - Matrix factorization
Memory: 892/1055 978/1114
-          Current Progress:  18 % - Solving linear system
Memory: 920/1055 976/1114
  17     8.1e-13       8e-05   1.0000000     4.2e-07   22   17   37
-          Current Progress:  18 % - Constraint handling
Memory: 830/1055 867/1114
Solution time: 16 s.
Physical memory: 999 MB
Virtual memory: 1058 MB
Ended at Oct 3, 2026, 11:56:53 AM.
----- Stationary Solver 1 in Study 1/Solution 1 (sol1) ------------------------>
<---- Compile Equations: Stationary in Study 1/Solution 1 (sol1) ---------------
Started at Oct 3, 2026, 11:56:53 AM.
Geometry shape function: Linear Lagrange
-          Current Progress:  19 % - Compile Equations: Stationary
Memory: 848/1055 886/1114
-          Current Progress:  19 % - Creating visualization mesh
Memory: 849/1055 887/1114
Time: 1 s.
Physical memory: 849 MB
Virtual memory: 887 MB
Ended at Oct 3, 2026, 11:56:54 AM.
----- Compile Equations: Stationary in Study 1/Solution 1 (sol1) -------------->
<---- Dependent Variables 2 in Study 1/Solution 1 (sol1) -----------------------
Started at Oct 3, 2026, 11:56:54 AM.
Initial values of variables solved for: Solution 1 (sol1), Solution Store 1 (sol2).
Values of variables not solved for: Solution 1 (sol1).
-          Current Progress:  19 % - Dependent Variables 2
Memory: 855/1055 892/1114
Solution time: 0 s.
Physical memory: 855 MB
Virtual memory: 892 MB
Ended at Oct 3, 2026, 11:56:54 AM.
----- Dependent Variables 2 in Study 1/Solution 1 (sol1) ---------------------->
<---- Stationary Solver 2 in Study 1/Solution 1 (sol1) -------------------------
Started at Oct 3, 2026, 11:56:54 AM.
Continuation solver
Nonlinear solver
Number of degrees of freedom solved for: 138873.
    
Continuation parameter VG = 80.
--         Current Progress:  20 % - Assembling matrices
Memory: 869/1055 907/1114
--         Current Progress:  20 % - Assembling sparsity pattern
Memory: 872/1055 909/1114
--         Current Progress:  20 % - Assembling matrices
Memory: 901/1055 938/1114
Nonsymmetric matrix found.
Scales for dependent variables:
Electron solution variable (comp1.Ne): 4.5e+25
Hole solution variable (comp1.Ph): 1.9e+29
Electric potential (comp1.V): 2.4e+19
Orthonormal null-space function used.
--         Current Progress:  20 % - Matrix factorization
Memory: 952/1055 1003/1114
Iter      SolEst      ResEst     Damping    Stepsize #Res #Jac #Sol
--         Current Progress:  20 % - Assembling matrices
Memory: 1015/1055 1075/1114
   1        0.18     6.6e+13   0.1000000        0.27    2    1    2
--         Current Progress:  20 % - Assembling sparsity pattern
Memory: 998/1055 1058/1114
--         Current Progress:  20 % - Assembling matrices
Memory: 1017/1055 1076/1114
--         Current Progress:  20 % - Matrix factorization
Memory: 942/1055 980/1114
--         Current Progress:  20 % - Assembling matrices
Memory: 1017/1055 1077/1114
   2        0.32     5.8e+04   0.0391450        0.33    3    2    4
--         Current Progress:  20 % - Assembling sparsity pattern
Memory: 996/1055 1056/1114
--         Current Progress:  20 % - Assembling matrices
Memory: 1009/1055 1069/1114
--         Current Progress:  20 % - Matrix factorization
Memory: 981/1055 1073/1114
--         Current Progress:  20 % - Assembling matrices
Memory: 1011/1055 1070/1114
   3        0.46     2.8e+05   0.1172369        0.56    4    3    6
--         Current Progress:  20 % - Matrix factorization
Memory: 952/1055 1073/1114
--         Current Progress:  20 % - Solving linear system
Memory: 1010/1055 1069/1114
   4          26     3.5e+06   0.2937922          39    5    4    8
--         Current Progress:  20 % - Assembling matrices
Memory: 1009/1055 1069/1114
--         Current Progress:  20 % - Matrix factorization
Memory: 982/1055 1073/1114
--         Current Progress:  20 % - Assembling matrices
Memory: 1011/1055 1070/1114
--         Current Progress:  20 % - Solving linear system
   5         1.5     3.4e+06   0.0264483         1.6    8    5   12
--         Current Progress:  21 % - Assembling matrices
Memory: 1009/1055 1069/1114
--         Current Progress:  21 % - Matrix factorization
Memory: 983/1055 1073/1114
--         Current Progress:  21 % - Assembling matrices
Memory: 1011/1055 1070/1114
   6         1.3     3.3e+06   0.0411316         1.3    9    6   14
--         Current Progress:  21 % - Matrix factorization
Memory: 986/1055 1073/1114
--         Current Progress:  21 % - Assembling matrices
Memory: 1011/1055 1070/1114
   7         1.7     3.1e+06   0.1378193         1.9   10    7   16
--         Current Progress:  21 % - Matrix factorization
Memory: 992/1055 1073/1114
--         Current Progress:  21 % - Assembling matrices
Memory: 1011/1055 1070/1114
--         Current Progress:  21 % - Solving linear system
   8         1.4     2.9e+06   0.0872204         1.6   12    8   19
--         Current Progress:  21 % - Assembling matrices
Memory: 1009/1055 1069/1114
--         Current Progress:  21 % - Matrix factorization
Memory: 993/1055 1073/1114
--         Current Progress:  21 % - Assembling matrices
Memory: 1011/1055 1070/1114
   9         1.3     2.8e+06   0.0476150         1.4   14    9   22
--         Current Progress:  21 % - Matrix factorization
Memory: 970/1055 1073/1114
--         Current Progress:  21 % - Assembling matrices
Memory: 1011/1055 1070/1114
  10         1.2     2.7e+06   0.0306757         1.2   16   10   25
--         Current Progress:  21 % - Matrix factorization
Memory: 948/1055 1073/1114
--         Current Progress:  21 % - Solving linear system
Memory: 1010/1055 1069/1114
  11         1.5     2.3e+06   0.2157153         1.9   17   11   27
--         Current Progress:  21 % - Assembling matrices
Memory: 1009/1055 1069/1114
--         Current Progress:  21 % - Matrix factorization
Memory: 989/1055 1073/1114
--         Current Progress:  21 % - Assembling matrices
Memory: 1011/1055 1070/1114
  12         5.5     2.2e+06   0.0215715         5.6   18   12   29
--         Current Progress:  21 % - Matrix factorization
Memory: 961/1055 1073/1114
--         Current Progress:  21 % - Solving linear system
Memory: 1010/1055 1069/1114
  13         3.5       2e+06   0.0952326         3.7   19   13   31
--         Current Progress:  21 % - Assembling matrices
Memory: 1009/1055 1069/1114
--         Current Progress:  21 % - Matrix factorization
Memory: 934/1055 972/1114
--         Current Progress:  21 % - Solving linear system
Memory: 1009/1055 1073/1114
  14         3.1     1.9e+06   0.0713243         3.3   20   14   33
--         Current Progress:  21 % - Assembling matrices
Memory: 1009/1055 1069/1114
--         Current Progress:  21 % - Matrix factorization
Memory: 975/1055 1073/1114
--         Current Progress:  21 % - Assembling matrices
Memory: 1011/1055 1070/1114
  15         1.9     1.6e+06   0.1232923         2.1   21   15   35
--         Current Progress:  21 % - Matrix factorization
Memory: 945/1055 1073/1114
--         Current Progress:  21 % - Solving linear system
Memory: 1010/1055 1069/1114
  16         1.4     1.4e+06   0.1447742         1.6   22   16   37
--         Current Progress:  21 % - Assembling matrices
Memory: 1009/1055 1069/1114
--         Current Progress:  21 % - Matrix factorization
Memory: 985/1055 1073/1114
--         Current Progress:  21 % - Assembling matrices
Memory: 1011/1055 1070/1114
  17        0.53     9.5e+05   0.2900747        0.96   23   17   39
--         Current Progress:  21 % - Matrix factorization
Memory: 956/1055 1073/1114
--         Current Progress:  21 % - Solving linear system
Memory: 1010/1055 1069/1114
--         Current Progress:  21 % - Assembling matrices
Memory: 1007/1055 1067/1114
  18        0.49     8.6e+05   0.0891584        0.53   25   18   42
--         Current Progress:  21 % - Matrix factorization
Memory: 934/1055 972/1114
--         Current Progress:  21 % - Solving linear system
Memory: 1011/1055 1070/1114
  19        0.57     7.8e+05   0.0916388        0.61   26   19   44
--         Current Progress:  21 % - Assembling matrices
Memory: 1009/1055 1069/1114
--         Current Progress:  21 % - Matrix factorization
Memory: 973/1055 1073/1114
--         Current Progress:  21 % - Assembling matrices
Memory: 1011/1055 1070/1114
  20        0.64     6.9e+05   0.1103531        0.71   27   20   46
--         Current Progress:  21 % - Matrix factorization
Memory: 946/1055 1073/1114
--         Current Progress:  21 % - Solving linear system
Memory: 1010/1055 1069/1114
  21        0.51     5.4e+05   0.2137014        0.63   28   21   48
--         Current Progress:  21 % - Assembling matrices
Memory: 1009/1055 1069/1114
--         Current Progress:  21 % - Matrix factorization
Memory: 985/1055 1073/1114
--         Current Progress:  21 % - Assembling matrices
Memory: 1011/1055 1070/1114
  22        0.48     4.9e+05   0.1000000        0.54   30   22   51
--         Current Progress:  21 % - Matrix factorization
Memory: 963/1055 1073/1114
--         Current Progress:  21 % - Solving linear system
Memory: 1009/1055 1069/1114
--         Current Progress:  21 % - Assembling matrices
Memory: 1011/1055 1070/1114
  23        0.37     4.4e+05   0.1000000        0.42   32   23   54
--         Current Progress:  21 % - Matrix factorization
Memory: 943/1055 1073/1114
--         Current Progress:  21 % - Solving linear system
Memory: 1011/1055 1070/1114
  24        0.27     3.9e+05   0.1072904        0.31   34   24   57
--         Current Progress:  21 % - Assembling matrices
Memory: 1009/1055 1069/1114
--         Current Progress:  21 % - Matrix factorization
Memory: 973/1055 1073/1114
--         Current Progress:  21 % - Assembling matrices
Memory: 1011/1055 1070/1114
  25        0.21     1.7e+05   0.5529132        0.21   35   25   59
--         Current Progress:  21 % - Matrix factorization
Memory: 947/1055 1073/1114
--         Current Progress:  21 % - Solving linear system
Memory: 1010/1055 1069/1114
  26        0.39     1.2e+05   0.2645237        0.53   36   26   61
--         Current Progress:  21 % - Assembling matrices
Memory: 1009/1055 1069/1114
--         Current Progress:  21 % - Matrix factorization
Memory: 989/1055 1073/1114
--         Current Progress:  21 % - Assembling matrices
Memory: 1011/1055 1070/1114
  27        0.48       5e+03   1.0000000         3.2   37   27   63
--         Current Progress:  21 % - Matrix factorization
Memory: 959/1055 1073/1114
--         Current Progress:  21 % - Solving linear system
Memory: 1007/1055 1067/1114
  28       0.026          73   1.0000000         9.4   38   28   65
--         Current Progress:  22 % - Assembling matrices
Memory: 1009/1055 1069/1114
--         Current Progress:  22 % - Matrix factorization
Memory: 934/1055 972/1114
--         Current Progress:  22 % - Solving linear system
Memory: 1008/1055 1069/1114
  29     9.3e-07       0.016   1.0000000       0.027   39   29   67
--         Current Progress:  22 % - Assembling matrices
Memory: 1009/1055 1069/1114
--         Current Progress:  22 % - Matrix factorization
Memory: 976/1055 1073/1114
--         Current Progress:  22 % - Assembling matrices
Memory: 1011/1055 1070/1114
  30     1.2e-09     2.3e-07   1.0000000       0.016   41   30   69
    
Continuation parameter VG = 76.
--         Current Progress:  22 % - Matrix factorization
Memory: 1001/1055 1063/1114
Iter      SolEst      ResEst     Damping    Stepsize #Res #Jac #Sol
--         Current Progress:  22 % - Assembling matrices
Memory: 1012/1055 1071/1114
   1      0.0043     1.4e+15   1.0000000       0.049   43   31   71
--         Current Progress:  22 % - Matrix factorization
Memory: 970/1055 1076/1114
--         Current Progress:  22 % - Assembling matrices
Memory: 1013/1055 1072/1114
   2     4.7e-06         4.9   1.0000000      0.0042   44   32   73
--         Current Progress:  22 % - Matrix factorization
Memory: 944/1055 1045/1114
--         Current Progress:  22 % - Solving linear system
Memory: 1013/1055 1072/1114
   3     2.3e-12       2e-07   1.0000000     4.7e-06   46   33   75
    
Continuation parameter VG = 72.
--         Current Progress:  24 % - Assembling matrices
Memory: 1010/1055 1069/1114
--         Current Progress:  24 % - Matrix factorization
Memory: 973/1055 1073/1114
Iter      SolEst      ResEst     Damping    Stepsize #Res #Jac #Sol
--         Current Progress:  24 % - Assembling matrices
Memory: 1012/1055 1071/1114
   1      0.0042     1.3e+15   1.0000000       0.048   48   34   77
--         Current Progress:  24 % - Matrix factorization
Memory: 948/1055 1076/1114
--         Current Progress:  24 % - Solving linear system
Memory: 1010/1055 1074/1114
   2     4.5e-06         4.9   1.0000000      0.0041   49   35   79
--         Current Progress:  24 % - Assembling matrices
Memory: 1011/1055 1071/1114
--         Current Progress:  24 % - Matrix factorization
Memory: 991/1055 1075/1114
--         Current Progress:  24 % - Assembling matrices
Memory: 1013/1055 1072/1114
   3     2.3e-12     2.3e-08   1.0000000     4.5e-06   51   36   81
    
Continuation parameter VG = 68.
--         Current Progress:  26 % - Assembling matrices
Memory: 1010/1055 1070/1114
--         Current Progress:  26 % - Matrix factorization
Memory: 952/1055 1074/1114
Iter      SolEst      ResEst     Damping    Stepsize #Res #Jac #Sol
--         Current Progress:  26 % - Solving linear system
Memory: 1012/1055 1071/1114
   1      0.0042     1.4e+15   1.0000000       0.049   53   37   83
--         Current Progress:  26 % - Assembling matrices
Memory: 1013/1055 1073/1114
--         Current Progress:  26 % - Matrix factorization
Memory: 990/1055 1077/1114
--         Current Progress:  26 % - Assembling matrices
Memory: 1014/1055 1073/1114
   2     4.4e-06         4.9   1.0000000       0.004   54   38   85
--         Current Progress:  26 % - Matrix factorization
Memory: 957/1055 1076/1114
--         Current Progress:  26 % - Solving linear system
Memory: 1013/1055 1072/1114
--         Current Progress:  26 % - Assembling matrices
Memory: 1010/1055 1069/1114
   3     2.4e-12     2.3e-08   1.0000000     4.3e-06   56   39   87
    
Continuation parameter VG = 64.
--         Current Progress:  28 % - Assembling matrices
Memory: 1012/1055 1071/1114
--         Current Progress:  28 % - Matrix factorization
Memory: 991/1055 1075/1114
Iter      SolEst      ResEst     Damping    Stepsize #Res #Jac #Sol
--         Current Progress:  28 % - Assembling matrices
Memory: 1014/1055 1073/1114
   1      0.0041     1.3e+15   1.0000000       0.049   58   40   89
--         Current Progress:  28 % - Matrix factorization
Memory: 968/1055 1078/1114
--         Current Progress:  28 % - Solving linear system
Memory: 1013/1055 1073/1114
   2     4.3e-06         4.9   1.0000000       0.004   59   41   91
--         Current Progress:  28 % - Assembling matrices
--         Current Progress:  28 % - Matrix factorization
Memory: 939/1055 1048/1114
--         Current Progress:  28 % - Solving linear system
Memory: 1015/1055 1075/1114
   3     2.5e-12     2.5e-08   1.0000000     4.2e-06   61   42   93
    
Continuation parameter VG = 60.
--         Current Progress:  29 % - Assembling matrices
Memory: 1013/1055 1073/1114
--         Current Progress:  29 % - Matrix factorization
Memory: 971/1055 1077/1114
Iter      SolEst      ResEst     Damping    Stepsize #Res #Jac #Sol
--         Current Progress:  29 % - Assembling matrices
Memory: 1015/1055 1075/1114
   1      0.0041     1.3e+15   1.0000000        0.05   63   43   95
---        Current Progress:  30 % - Assembling matrices
Memory: 1016/1055 1076/1114
---        Current Progress:  30 % - Matrix factorization
Memory: 948/1055 1050/1114
---        Current Progress:  30 % - Solving linear system
Memory: 1016/1055 1076/1114
   2     4.2e-06         4.9   1.0000000       0.004   64   44   97
---        Current Progress:  30 % - Assembling matrices
Memory: 1015/1055 1075/1114
---        Current Progress:  30 % - Matrix factorization
Memory: 984/1055 1079/1114
---        Current Progress:  30 % - Assembling matrices
Memory: 1016/1055 1076/1114
   3     2.4e-12     2.2e-08   1.0000000     4.2e-06   66   45   99
    
Continuation parameter VG = 56.
---        Current Progress:  31 % - Assembling matrices
Memory: 1014/1055 1073/1114
---        Current Progress:  31 % - Matrix factorization
Memory: 947/1055 1078/1114
Iter      SolEst      ResEst     Damping    Stepsize #Res #Jac #Sol
---        Current Progress:  31 % - Solving linear system
Memory: 1018/1055 1078/1114
   1      0.0042     1.3e+15   1.0000000        0.05   68   46  101
---        Current Progress:  32 % - Assembling matrices
Memory: 1017/1055 1077/1114
---        Current Progress:  32 % - Matrix factorization
Memory: 994/1055 1081/1114
---        Current Progress:  32 % - Assembling matrices
Memory: 1017/1055 1077/1114
   2     4.2e-06         4.9   1.0000000       0.004   69   47  103
---        Current Progress:  32 % - Matrix factorization
Memory: 963/1055 1080/1114
---        Current Progress:  32 % - Solving linear system
Memory: 1016/1055 1076/1114
---        Current Progress:  32 % - Assembling matrices
   3     2.4e-12     2.1e-08   1.0000000     4.1e-06   71   48  105
    
Continuation parameter VG = 52.
---        Current Progress:  33 % - Assembling matrices
Memory: 1015/1055 1075/1114
---        Current Progress:  33 % - Matrix factorization
Memory: 1001/1055 1079/1114
Iter      SolEst      ResEst     Damping    Stepsize #Res #Jac #Sol
---        Current Progress:  33 % - Assembling matrices
Memory: 1017/1055 1077/1114
   1      0.0042     1.3e+15   1.0000000       0.051   73   49  107
---        Current Progress:  34 % - Assembling matrices
Memory: 1018/1055 1078/1114
---        Current Progress:  34 % - Matrix factorization
Memory: 971/1055 1082/1114
---        Current Progress:  34 % - Solving linear system
Memory: 1017/1055 1077/1114
   2     4.2e-06         4.9   1.0000000       0.004   74   50  109
---        Current Progress:  34 % - Assembling matrices
---        Current Progress:  34 % - Matrix factorization
Memory: 942/1055 980/1114
---        Current Progress:  34 % - Solving linear system
Memory: 1018/1055 1078/1114
   3     2.3e-12     2.1e-08   1.0000000     4.2e-06   76   51  111
    
Continuation parameter VG = 48.
---        Current Progress:  35 % - Assembling matrices
Memory: 1016/1055 1076/1114
---        Current Progress:  35 % - Assembling sparsity pattern
Memory: 998/1055 1057/1114
---        Current Progress:  35 % - Assembling matrices
Memory: 1016/1055 1076/1114
---        Current Progress:  35 % - Matrix factorization
Memory: 983/1055 1080/1114
Iter      SolEst      ResEst     Damping    Stepsize #Res #Jac #Sol
---        Current Progress:  35 % - Assembling matrices
Memory: 1018/1055 1078/1114
   1      0.0042     1.3e+15   1.0000000       0.052   78   52  113
---        Current Progress:  36 % - Assembling matrices
Memory: 1019/1055 1079/1114
---        Current Progress:  36 % - Matrix factorization
Memory: 956/1055 1083/1114
---        Current Progress:  36 % - Solving linear system
Memory: 1018/1055 1078/1114
   2     4.3e-06           5   1.0000000      0.0041   79   53  115
---        Current Progress:  36 % - Assembling matrices
---        Current Progress:  36 % - Matrix factorization
Memory: 996/1055 1082/1114
---        Current Progress:  36 % - Assembling matrices
Memory: 1019/1055 1079/1114
   3     2.3e-12     2.2e-08   1.0000000     4.2e-06   81   54  117
    
Continuation parameter VG = 44.
---        Current Progress:  37 % - Assembling matrices
Memory: 1017/1055 1077/1114
---        Current Progress:  37 % - Matrix factorization
Memory: 963/1055 1081/1114
Iter      SolEst      ResEst     Damping    Stepsize #Res #Jac #Sol
---        Current Progress:  37 % - Solving linear system
Memory: 1018/1055 1078/1114
   1      0.0043     1.3e+15   1.0000000       0.052   83   55  119
---        Current Progress:  37 % - Assembling matrices
Memory: 1020/1055 1080/1114
---        Current Progress:  37 % - Matrix factorization
Memory: 1007/1055 1084/1114
---        Current Progress:  37 % - Assembling matrices
Memory: 1020/1055 1080/1114
   2     4.3e-06           5   1.0000000      0.0041   84   56  121
---        Current Progress:  38 % - Assembling matrices
Memory: 1019/1055 1079/1114
---        Current Progress:  38 % - Matrix factorization
Memory: 978/1055 1083/1114
---        Current Progress:  38 % - Assembling matrices
Memory: 1020/1055 1080/1114
   3     2.3e-12     2.2e-08   1.0000000     4.2e-06   86   57  123
    
Continuation parameter VG = 40.
---        Current Progress:  39 % - Assembling matrices
Memory: 1010/1055 1070/1114
---        Current Progress:  39 % - Matrix factorization
Memory: 987/1055 1073/1114
Iter      SolEst      ResEst     Damping    Stepsize #Res #Jac #Sol
---        Current Progress:  39 % - Assembling matrices
Memory: 1012/1055 1072/1114
   1      0.0043     1.2e+15   1.0000000       0.053   88   58  125
---        Current Progress:  39 % - Matrix factorization
Memory: 958/1055 1077/1114
---        Current Progress:  39 % - Solving linear system
Memory: 1012/1055 1072/1114
   2     4.4e-06           5   1.0000000      0.0041   89   59  127
----       Current Progress:  40 % - Assembling matrices
----       Current Progress:  40 % - Matrix factorization
Memory: 994/1055 1075/1114
----       Current Progress:  40 % - Assembling matrices
Memory: 1013/1055 1073/1114
   3     2.3e-12     2.1e-08   1.0000000     4.3e-06   91   60  129
    
Continuation parameter VG = 36.
----       Current Progress:  41 % - Assembling matrices
Memory: 1011/1055 1070/1114
----       Current Progress:  41 % - Matrix factorization
Memory: 955/1055 1074/1114
Iter      SolEst      ResEst     Damping    Stepsize #Res #Jac #Sol
----       Current Progress:  41 % - Solving linear system
Memory: 1012/1055 1072/1114
   1      0.0044     1.2e+15   1.0000000       0.054   93   61  131
----       Current Progress:  41 % - Assembling matrices
Memory: 1014/1055 1074/1114
----       Current Progress:  41 % - Matrix factorization
Memory: 998/1055 1078/1114
----       Current Progress:  41 % - Assembling matrices
Memory: 1014/1055 1074/1114
   2     4.4e-06         5.1   1.0000000      0.0042   94   62  133
----       Current Progress:  42 % - Assembling matrices
Memory: 1013/1055 1073/1114
----       Current Progress:  42 % - Matrix factorization
Memory: 969/1055 1077/1114
----       Current Progress:  42 % - Assembling matrices
Memory: 1014/1055 1074/1114
   3     2.2e-12     2.2e-08   1.0000000     4.3e-06   96   63  135
    
Continuation parameter VG = 32.
----       Current Progress:  43 % - Assembling matrices
Memory: 1012/1055 1072/1114
----       Current Progress:  43 % - Matrix factorization
Memory: 1003/1055 1065/1114
Iter      SolEst      ResEst     Damping    Stepsize #Res #Jac #Sol
----       Current Progress:  43 % - Assembling matrices
Memory: 1014/1055 1074/1114
   1      0.0044     1.2e+15   1.0000000       0.054   98   64  137
----       Current Progress:  43 % - Matrix factorization
Memory: 972/1055 1079/1114
----       Current Progress:  43 % - Solving linear system
Memory: 1011/1055 1071/1114
   2     4.3e-06         5.1   1.0000000      0.0042   99   65  139
----       Current Progress:  44 % - Assembling matrices
Memory: 1014/1055 1074/1114
----       Current Progress:  44 % - Matrix factorization
Memory: 1008/1055 1068/1114
----       Current Progress:  44 % - Assembling matrices
Memory: 1015/1055 1075/1114
   3     2.1e-12     2.2e-08   1.0000000     4.2e-06  101   66  141
    
Continuation parameter VG = 28.
----       Current Progress:  45 % - Assembling matrices
Memory: 1013/1055 1073/1114
----       Current Progress:  45 % - Matrix factorization
Memory: 966/1055 1077/1114
Iter      SolEst      ResEst     Damping    Stepsize #Res #Jac #Sol
----       Current Progress:  45 % - Solving linear system
Memory: 1009/1055 1070/1114
   1      0.0044     1.3e+15   1.0000000       0.054  103   67  143
----       Current Progress:  45 % - Assembling matrices
Memory: 1016/1055 1076/1114
----       Current Progress:  45 % - Matrix factorization
Memory: 939/1055 977/1114
----       Current Progress:  45 % - Solving linear system
Memory: 1016/1055 1076/1114
   2     4.3e-06         5.1   1.0000000      0.0042  104   68  145
----       Current Progress:  46 % - Assembling matrices
Memory: 1015/1055 1075/1114
----       Current Progress:  46 % - Matrix factorization
Memory: 979/1055 1079/1114
----       Current Progress:  46 % - Assembling matrices
Memory: 1016/1055 1076/1114
   3       2e-12       3e-08   1.0000000     4.2e-06  106   69  147
    
Continuation parameter VG = 24.
----       Current Progress:  47 % - Assembling matrices
Memory: 1014/1055 1074/1114
----       Current Progress:  47 % - Matrix factorization
Memory: 994/1055 1078/1114
Iter      SolEst      ResEst     Damping    Stepsize #Res #Jac #Sol
----       Current Progress:  47 % - Assembling matrices
Memory: 1016/1055 1076/1114
   1      0.0044     1.2e+15   1.0000000       0.054  108   70  149
----       Current Progress:  47 % - Matrix factorization
Memory: 968/1055 1081/1114
----       Current Progress:  47 % - Solving linear system
Memory: 1016/1055 1076/1114
   2     4.2e-06         5.1   1.0000000      0.0042  109   71  151
----       Current Progress:  47 % - Assembling matrices
----       Current Progress:  47 % - Matrix factorization
Memory: 941/1055 979/1114
----       Current Progress:  47 % - Assembling matrices
Memory: 1017/1055 1077/1114
   3     1.8e-12     2.3e-08   1.0000000     4.1e-06  111   72  153
    
Continuation parameter VG = 20.
----       Current Progress:  49 % - Assembling matrices
Memory: 1015/1055 1075/1114
----       Current Progress:  49 % - Matrix factorization
Memory: 968/1055 1079/1114
Iter      SolEst      ResEst     Damping    Stepsize #Res #Jac #Sol
----       Current Progress:  49 % - Solving linear system
Memory: 1016/1055 1076/1114
   1      0.0044     1.2e+15   1.0000000       0.054  113   73  155
----       Current Progress:  49 % - Assembling matrices
Memory: 1018/1055 1078/1114
----       Current Progress:  49 % - Matrix factorization
Memory: 1012/1055 1072/1114
----       Current Progress:  49 % - Assembling matrices
Memory: 1018/1055 1078/1114
   2     4.1e-06         5.2   1.0000000      0.0042  114   74  157
----       Current Progress:  49 % - Matrix factorization
Memory: 969/1055 1081/1114
----       Current Progress:  49 % - Solving linear system
Memory: 1017/1055 1077/1114
----       Current Progress:  49 % - Assembling matrices
   3     1.6e-12     2.4e-08   1.0000000       4e-06  116   75  159
    
Continuation parameter VG = 16.
-----      Current Progress:  51 % - Assembling matrices
Memory: 1016/1055 1076/1114
-----      Current Progress:  51 % - Matrix factorization
Memory: 997/1055 1080/1114
Iter      SolEst      ResEst     Damping    Stepsize #Res #Jac #Sol
-----      Current Progress:  51 % - Assembling matrices
Memory: 1018/1055 1078/1114
   1      0.0044     1.2e+15   1.0000000       0.054  118   76  161
-----      Current Progress:  51 % - Matrix factorization
Memory: 971/1055 1083/1114
-----      Current Progress:  51 % - Solving linear system
Memory: 1018/1055 1078/1114
   2     3.9e-06         5.2   1.0000000      0.0042  119   77  163
-----      Current Progress:  51 % - Assembling matrices
-----      Current Progress:  51 % - Constraint handling
Memory: 1013/1055 1074/1114
-----      Current Progress:  51 % - Matrix factorization
Memory: 1008/1055 1082/1114
-----      Current Progress:  51 % - Assembling matrices
Memory: 1019/1055 1079/1114
   3     1.4e-12     2.5e-08   1.0000000     3.9e-06  121   78  165
    
Continuation parameter VG = 12.
-----      Current Progress:  53 % - Assembling matrices
Memory: 1017/1055 1077/1114
-----      Current Progress:  53 % - Matrix factorization
Memory: 973/1055 1081/1114
Iter      SolEst      ResEst     Damping    Stepsize #Res #Jac #Sol
-----      Current Progress:  53 % - Solving linear system
Memory: 1014/1055 1074/1114
   1      0.0044     1.2e+15   1.0000000       0.054  123   79  167
-----      Current Progress:  53 % - Assembling matrices
Memory: 1020/1055 1080/1114
-----      Current Progress:  53 % - Matrix factorization
Memory: 945/1055 983/1114
-----      Current Progress:  53 % - Solving linear system
Memory: 1019/1055 1083/1114
   2     3.8e-06         5.1   1.0000000      0.0041  124   80  169
-----      Current Progress:  53 % - Assembling matrices
Memory: 1019/1055 1079/1114
-----      Current Progress:  53 % - Matrix factorization
Memory: 985/1055 1083/1114
-----      Current Progress:  53 % - Assembling matrices
Memory: 1020/1055 1080/1114
   3     1.2e-12     2.6e-08   1.0000000     3.7e-06  126   81  171
    
Continuation parameter VG = 8.
-----      Current Progress:  55 % - Constraint handling
Memory: 1013/1055 1073/1114
-----      Current Progress:  55 % - Assembling matrices
Memory: 1010/1055 1069/1114
-----      Current Progress:  55 % - Constraint handling
Memory: 1008/1055 1080/1114
-----      Current Progress:  55 % - Matrix factorization
Memory: 999/1055 1073/1114
Iter      SolEst      ResEst     Damping    Stepsize #Res #Jac #Sol
-----      Current Progress:  55 % - Assembling matrices
Memory: 1012/1055 1072/1114
   1      0.0043     1.2e+15   1.0000000       0.054  128   82  173
-----      Current Progress:  55 % - Matrix factorization
Memory: 969/1055 1077/1114
-----      Current Progress:  55 % - Solving linear system
Memory: 1012/1055 1072/1114
   2     3.7e-06         5.1   1.0000000      0.0041  129   83  175
-----      Current Progress:  55 % - Assembling matrices
-----      Current Progress:  55 % - Matrix factorization
Memory: 955/1055 1075/1114
-----      Current Progress:  55 % - Solving linear system
Memory: 1012/1055 1072/1114
   3     9.7e-13     2.7e-08   1.0000000     3.6e-06  131   84  177
    
Continuation parameter VG = 4.
-----      Current Progress:  57 % - Assembling matrices
Memory: 1011/1055 1071/1114
-----      Current Progress:  57 % - Matrix factorization
Memory: 975/1055 1074/1114
Iter      SolEst      ResEst     Damping    Stepsize #Res #Jac #Sol
-----      Current Progress:  57 % - Assembling matrices
Memory: 1013/1055 1073/1114
   1      0.0043     1.2e+15   1.0000000       0.054  133   85  179
-----      Current Progress:  57 % - Matrix factorization
Memory: 1001/1055 1068/1114
-----      Current Progress:  57 % - Assembling matrices
Memory: 1014/1055 1074/1114
   2     3.6e-06         4.9   1.0000000      0.0041  134   86  181
-----      Current Progress:  57 % - Matrix factorization
Memory: 985/1055 1077/1114
-----      Current Progress:  57 % - Assembling matrices
Memory: 1014/1055 1074/1114
   3       8e-13     2.9e-08   1.0000000     3.5e-06  136   87  183
    
Continuation parameter VG = 0.
-----      Current Progress:  59 % - Assembling matrices
Memory: 1007/1055 1072/1114
-----      Current Progress:  59 % - Matrix factorization
Memory: 928/1055 1075/1114
Iter      SolEst      ResEst     Damping    Stepsize #Res #Jac #Sol
-----      Current Progress:  59 % - Assembling matrices
Memory: 958/1055 1074/1114
   1      0.0042     1.1e+15   1.0000000       0.053  138   88  185
-----      Current Progress:  59 % - Matrix factorization
Memory: 894/1055 1079/1114
-----      Current Progress:  59 % - Solving linear system
Memory: 956/1055 1073/1114
-----      Current Progress:  59 % - Assembling matrices
Memory: 959/1055 1075/1114
   2     3.5e-06         4.6   1.0000000       0.004  139   89  187
-----      Current Progress:  59 % - Matrix factorization
Memory: 918/1055 1078/1114
-----      Current Progress:  59 % - Solving linear system
Memory: 956/1055 1077/1114
-----      Current Progress:  59 % - Assembling matrices
Memory: 959/1055 1075/1114
   3     6.7e-13     3.2e-08   1.0000000     3.4e-06  141   90  189
    
Continuation parameter VG = -4.
------     Current Progress:  61 % - Assembling matrices
Memory: 957/1055 1073/1114
------     Current Progress:  61 % - Matrix factorization
Memory: 889/1055 1047/1114
Iter      SolEst      ResEst     Damping    Stepsize #Res #Jac #Sol
------     Current Progress:  61 % - Assembling matrices
Memory: 959/1055 1075/1114
   1      0.0042     1.1e+15   1.0000000       0.053  143   91  191
------     Current Progress:  61 % - Matrix factorization
Memory: 928/1055 1080/1114
------     Current Progress:  61 % - Solving linear system
Memory: 956/1055 1072/1114
   2     3.3e-06         4.4   1.0000000       0.004  144   92  193
------     Current Progress:  61 % - Assembling matrices
Memory: 959/1055 1075/1114
------     Current Progress:  61 % - Matrix factorization
Memory: 936/1055 1079/1114
------     Current Progress:  61 % - Assembling matrices
Memory: 960/1055 1076/1114
   3     5.7e-13     3.5e-08   1.0000000     3.3e-06  146   93  195
    
Continuation parameter VG = -8.
------     Current Progress:  63 % - Assembling matrices
Memory: 958/1055 1074/1114
------     Current Progress:  63 % - Matrix factorization
Memory: 893/1055 1078/1114
Iter      SolEst      ResEst     Damping    Stepsize #Res #Jac #Sol
------     Current Progress:  63 % - Solving linear system
Memory: 957/1055 1074/1114
   1      0.0042       1e+15   1.0000000       0.053  148   94  197
------     Current Progress:  63 % - Assembling matrices
Memory: 961/1055 1077/1114
------     Current Progress:  63 % - Matrix factorization
Memory: 927/1055 1081/1114
------     Current Progress:  63 % - Assembling matrices
Memory: 961/1055 1077/1114
   2     3.2e-06         4.2   1.0000000      0.0039  149   95  199
------     Current Progress:  63 % - Matrix factorization
Memory: 935/1055 1080/1114
------     Current Progress:  63 % - Assembling matrices
Memory: 961/1055 1077/1114
   3     5.1e-13     3.8e-08   1.0000000     3.1e-06  151   96  201
    
Continuation parameter VG = -12.
------     Current Progress:  65 % - Assembling matrices
Memory: 959/1055 1075/1114
------     Current Progress:  65 % - 
Memory: 955/1055 1071/1114
------     Current Progress:  65 % - Matrix factorization
Memory: 946/1055 1079/1114
Iter      SolEst      ResEst     Damping    Stepsize #Res #Jac #Sol
------     Current Progress:  65 % - Assembling matrices
Memory: 961/1055 1077/1114
   1      0.0041     9.5e+14   1.0000000       0.052  153   97  203
------     Current Progress:  65 % - Matrix factorization
Memory: 904/1055 1082/1114
------     Current Progress:  65 % - Solving linear system
Memory: 959/1055 1076/1114
   2       3e-06         4.2   1.0000000      0.0039  154   98  205
------     Current Progress:  65 % - Assembling matrices
Memory: 961/1055 1077/1114
------     Current Progress:  65 % - Matrix factorization
Memory: 928/1055 1081/1114
------     Current Progress:  65 % - Assembling matrices
Memory: 962/1055 1078/1114
   3       5e-13     4.3e-08   1.0000000       3e-06  156   99  207
    
Continuation parameter VG = -16.
------     Current Progress:  67 % - Assembling matrices
Memory: 960/1055 1076/1114
------     Current Progress:  67 % - Matrix factorization
Memory: 947/1055 1080/1114
Iter      SolEst      ResEst     Damping    Stepsize #Res #Jac #Sol
------     Current Progress:  67 % - Assembling matrices
Memory: 962/1055 1078/1114
   1      0.0041     8.5e+14   1.0000000       0.052  158  100  209
------     Current Progress:  67 % - Matrix factorization
Memory: 912/1055 1083/1114
------     Current Progress:  67 % - Solving linear system
Memory: 962/1055 1078/1114
   2     2.9e-06         4.7   1.0000000      0.0039  159  101  211
------     Current Progress:  67 % - Assembling sparsity pattern
Memory: 945/1055 1061/1114
------     Current Progress:  67 % - Assembling matrices
Memory: 962/1055 1078/1114
------     Current Progress:  67 % - Matrix factorization
Memory: 887/1055 981/1114
------     Current Progress:  67 % - Solving linear system
Memory: 963/1055 1079/1114
   3       5e-13     4.9e-08   1.0000000     2.9e-06  161  102  213
    
Continuation parameter VG = -20.
------     Current Progress:  69 % - Assembling matrices
Memory: 961/1055 1077/1114
------     Current Progress:  69 % - Matrix factorization
Memory: 919/1055 1081/1114
Iter      SolEst      ResEst     Damping    Stepsize #Res #Jac #Sol
------     Current Progress:  69 % - Assembling matrices
Memory: 963/1055 1079/1114
   1      0.0042     7.8e+14   1.0000000       0.052  163  103  215
------     Current Progress:  69 % - Matrix factorization
Memory: 889/1055 984/1114
------     Current Progress:  69 % - Assembling matrices
Memory: 964/1055 1081/1114
   2     2.8e-06         5.3   1.0000000      0.0039  164  104  217
------     Current Progress:  69 % - Matrix factorization
Memory: 924/1055 1083/1114
------     Current Progress:  69 % - Solving linear system
Memory: 963/1055 1079/1114
   3       5e-13     5.7e-08   1.0000000     2.7e-06  166  105  219
    
Continuation parameter VG = -24.
-------    Current Progress:  71 % - Assembling matrices
Memory: 954/1055 1070/1114
-------    Current Progress:  71 % - 
Memory: 950/1055 1066/1114
-------    Current Progress:  71 % - Matrix factorization
Memory: 941/1055 1074/1114
Iter      SolEst      ResEst     Damping    Stepsize #Res #Jac #Sol
-------    Current Progress:  71 % - Assembling matrices
Memory: 956/1055 1072/1114
   1      0.0042       7e+14   1.0000000       0.052  168  106  221
-------    Current Progress:  71 % - Matrix factorization
Memory: 896/1055 1077/1114
-------    Current Progress:  71 % - Solving linear system
Memory: 956/1055 1072/1114
   2     2.7e-06           6   1.0000000      0.0039  169  107  223
-------    Current Progress:  71 % - Assembling matrices
-------    Current Progress:  71 % - Matrix factorization
Memory: 911/1055 1076/1114
-------    Current Progress:  71 % - Assembling matrices
Memory: 957/1055 1073/1114
   3     4.6e-13       9e-08   1.0000000     2.6e-06  171  108  225
    
Continuation parameter VG = -28.
-------    Current Progress:  73 % - Constraint handling
Memory: 955/1055 1071/1114
-------    Current Progress:  73 % - Assembling matrices
-------    Current Progress:  73 % - 
Memory: 949/1055 1065/1114
-------    Current Progress:  73 % - Matrix factorization
Memory: 940/1055 1075/1114
Iter      SolEst      ResEst     Damping    Stepsize #Res #Jac #Sol
-------    Current Progress:  73 % - Assembling matrices
Memory: 957/1055 1073/1114
   1      0.0042     6.4e+14   1.0000000       0.051  173  109  227
-------    Current Progress:  73 % - Matrix factorization
Memory: 904/1055 1078/1114
-------    Current Progress:  73 % - Solving linear system
Memory: 957/1055 1073/1114
   2     2.6e-06         6.5   1.0000000      0.0039  174  110  229
-------    Current Progress:  73 % - Assembling matrices
-------    Current Progress:  73 % - Matrix factorization
Memory: 941/1055 1077/1114
-------    Current Progress:  73 % - Assembling matrices
Memory: 958/1055 1074/1114
   3     3.9e-13     7.6e-08   1.0000000     2.5e-06  176  111  231
    
Continuation parameter VG = -32.
-------    Current Progress:  75 % - Assembling matrices
Memory: 956/1055 1072/1114
-------    Current Progress:  75 % - Matrix factorization
Memory: 881/1055 975/1114
Iter      SolEst      ResEst     Damping    Stepsize #Res #Jac #Sol
-------    Current Progress:  75 % - Solving linear system
Memory: 958/1055 1079/1114
   1      0.0043     5.6e+14   1.0000000        0.05  178  112  233
-------    Current Progress:  75 % - Assembling matrices
Memory: 959/1055 1075/1114
-------    Current Progress:  75 % - Matrix factorization
Memory: 919/1055 1079/1114
-------    Current Progress:  75 % - Assembling matrices
Memory: 959/1055 1075/1114
   2     2.5e-06         6.7   1.0000000      0.0039  179  113  235
-------    Current Progress:  75 % - Matrix factorization
Memory: 883/1055 977/1114
-------    Current Progress:  75 % - Assembling matrices
Memory: 959/1055 1075/1114
   3     3.1e-13     8.9e-08   1.0000000     2.5e-06  181  114  237
    
Continuation parameter VG = -36.
-------    Current Progress:  76 % - Assembling matrices
Memory: 957/1055 1073/1114
-------    Current Progress:  76 % - Matrix factorization
Memory: 907/1055 1077/1114
Iter      SolEst      ResEst     Damping    Stepsize #Res #Jac #Sol
-------    Current Progress:  76 % - Solving linear system
Memory: 958/1055 1074/1114
   1      0.0043     5.1e+14   1.0000000       0.049  183  115  239
-------    Current Progress:  77 % - Assembling matrices
Memory: 960/1055 1076/1114
-------    Current Progress:  77 % - Matrix factorization
Memory: 924/1055 1080/1114
-------    Current Progress:  77 % - Assembling matrices
Memory: 960/1055 1076/1114
   2     2.5e-06         6.5   1.0000000       0.004  184  116  241
-------    Current Progress:  77 % - Matrix factorization
Memory: 892/1055 1049/1114
-------    Current Progress:  77 % - Solving linear system
Memory: 960/1055 1076/1114
   3     2.5e-13       1e-07   1.0000000     2.5e-06  186  117  243
    
Continuation parameter VG = -40.
-------    Current Progress:  78 % - Assembling matrices
Memory: 958/1055 1074/1114
-------    Current Progress:  78 % - Matrix factorization
Memory: 923/1055 1078/1114
Iter      SolEst      ResEst     Damping    Stepsize #Res #Jac #Sol
-------    Current Progress:  78 % - Assembling matrices
Memory: 960/1055 1076/1114
   1      0.0043     4.6e+14   1.0000000       0.047  188  118  245
-------    Current Progress:  79 % - Assembling matrices
Memory: 961/1055 1077/1114
-------    Current Progress:  79 % - Matrix factorization
Memory: 897/1055 1081/1114
-------    Current Progress:  79 % - Solving linear system
Memory: 961/1055 1077/1114
   2     2.6e-06         5.7   1.0000000       0.004  189  119  247
-------    Current Progress:  79 % - Assembling matrices
Memory: 960/1055 1076/1114
-------    Current Progress:  79 % - Matrix factorization
Memory: 933/1055 1080/1114
-------    Current Progress:  79 % - Assembling matrices
Memory: 962/1055 1077/1114
   3     2.1e-13     1.1e-07   1.0000000     2.5e-06  191  120  249
    
Continuation parameter VG = -44.
--------   Current Progress:  80 % - Assembling matrices
Memory: 959/1055 1075/1114
--------   Current Progress:  80 % - Matrix factorization
Memory: 892/1055 1049/1114
Iter      SolEst      ResEst     Damping    Stepsize #Res #Jac #Sol
--------   Current Progress:  80 % - Solving linear system
Memory: 964/1055 1079/1114
   1      0.0038     4.2e+14   1.0000000       0.044  193  121  251
--------   Current Progress:  81 % - Assembling matrices
Memory: 962/1055 1078/1114
--------   Current Progress:  81 % - Matrix factorization
Memory: 933/1055 1082/1114
--------   Current Progress:  81 % - Assembling matrices
Memory: 963/1055 1078/1114
   2     2.3e-06         4.9   1.0000000      0.0036  194  122  253
--------   Current Progress:  81 % - Matrix factorization
Memory: 899/1055 1081/1114
--------   Current Progress:  81 % - Solving linear system
Memory: 962/1055 1077/1114
   3     1.7e-13     1.2e-07   1.0000000     2.3e-06  196  123  255
    
Continuation parameter VG = -48.
--------   Current Progress:  82 % - Assembling matrices
Memory: 961/1055 1076/1114
--------   Current Progress:  82 % - Matrix factorization
Memory: 924/1055 1080/1114
Iter      SolEst      ResEst     Damping    Stepsize #Res #Jac #Sol
--------   Current Progress:  82 % - Assembling matrices
Memory: 963/1055 1078/1114
   1      0.0034     3.8e+14   1.0000000       0.041  198  124  257
--------   Current Progress:  83 % - Assembling matrices
Memory: 964/1055 1079/1114
--------   Current Progress:  83 % - Matrix factorization
Memory: 940/1055 1083/1114
--------   Current Progress:  83 % - Assembling matrices
Memory: 964/1055 1079/1114
   2       2e-06         4.2   1.0000000      0.0032  199  125  259
--------   Current Progress:  83 % - Matrix factorization
Memory: 911/1055 1082/1114
--------   Current Progress:  83 % - Solving linear system
Memory: 963/1055 1078/1114
--------   Current Progress:  83 % - Assembling matrices
   3     1.5e-13     1.3e-07   1.0000000       2e-06  201  126  261
    
Continuation parameter VG = -52.
--------   Current Progress:  84 % - Assembling matrices
Memory: 962/1055 1077/1114
--------   Current Progress:  84 % - Matrix factorization
Memory: 945/1055 1081/1114
Iter      SolEst      ResEst     Damping    Stepsize #Res #Jac #Sol
--------   Current Progress:  84 % - Assembling matrices
Memory: 964/1055 1079/1114
   1      0.0032     3.5e+14   1.0000000        0.04  203  127  263
--------   Current Progress:  85 % - Assembling matrices
Memory: 965/1055 1080/1114
--------   Current Progress:  85 % - Matrix factorization
Memory: 919/1055 1084/1114
--------   Current Progress:  85 % - Solving linear system
Memory: 964/1055 1079/1114
   2     1.7e-06         3.5   1.0000000       0.003  204  128  265
--------   Current Progress:  85 % - Assembling matrices
--------   Current Progress:  85 % - Matrix factorization
Memory: 889/1055 982/1114
--------   Current Progress:  85 % - Assembling matrices
Memory: 965/1055 1081/1114
   3     1.4e-13     1.4e-07   1.0000000     1.7e-06  206  129  267
--------   Current Progress:  86 % - Constraint handling
Memory: 947/1055 1064/1114
    
Continuation parameter VG = -56.
--------   Current Progress:  86 % - Assembling matrices
Memory: 954/1055 1070/1114
--------   Current Progress:  86 % - Matrix factorization
Memory: 893/1055 1074/1114
Iter      SolEst      ResEst     Damping    Stepsize #Res #Jac #Sol
--------   Current Progress:  86 % - Solving linear system
Memory: 953/1055 1070/1114
   1       0.003     3.3e+14   1.0000000       0.038  208  130  269
--------   Current Progress:  86 % - Assembling matrices
Memory: 957/1055 1073/1114
--------   Current Progress:  86 % - Matrix factorization
Memory: 932/1055 1077/1114
--------   Current Progress:  86 % - Assembling matrices
Memory: 957/1055 1073/1114
   2     1.5e-06         2.9   1.0000000      0.0029  209  131  271
--------   Current Progress:  87 % - Assembling matrices
Memory: 956/1055 1072/1114
--------   Current Progress:  87 % - Matrix factorization
Memory: 899/1055 1076/1114
--------   Current Progress:  87 % - Solving linear system
Memory: 956/1055 1072/1114
   3     1.3e-13     1.5e-07   1.0000000     1.5e-06  211  132  273
    
Continuation parameter VG = -60.
--------   Current Progress:  88 % - Assembling matrices
Memory: 955/1055 1071/1114
--------   Current Progress:  88 % - Matrix factorization
Memory: 914/1055 1075/1114
Iter      SolEst      ResEst     Damping    Stepsize #Res #Jac #Sol
--------   Current Progress:  88 % - Assembling matrices
Memory: 958/1055 1073/1114
   1      0.0027     2.8e+14   1.0000000       0.036  213  133  275
--------   Current Progress:  88 % - Matrix factorization
Memory: 888/1055 1048/1114
--------   Current Progress:  88 % - Assembling matrices
Memory: 954/1055 1070/1114
   2     1.3e-06         2.5   1.0000000      0.0025  214  134  277
--------   Current Progress:  89 % - Assembling matrices
Memory: 957/1055 1073/1114
--------   Current Progress:  89 % - Matrix factorization
Memory: 920/1055 1077/1114
--------   Current Progress:  89 % - Assembling matrices
Memory: 959/1055 1074/1114
   3     1.1e-13     1.6e-07   1.0000000     1.3e-06  216  135  279
    
Continuation parameter VG = -64.
---------  Current Progress:  90 % - Assembling matrices
Memory: 956/1055 1072/1114
---------  Current Progress:  90 % - Matrix factorization
Memory: 945/1055 1066/1114
Iter      SolEst      ResEst     Damping    Stepsize #Res #Jac #Sol
---------  Current Progress:  90 % - Assembling matrices
Memory: 959/1055 1074/1114
   1      0.0024     2.7e+14   1.0000000       0.034  218  136  281
---------  Current Progress:  90 % - Matrix factorization
Memory: 912/1055 1079/1114
---------  Current Progress:  90 % - Solving linear system
Memory: 959/1055 1074/1114
   2     1.2e-06         2.2   1.0000000      0.0023  219  137  283
---------  Current Progress:  91 % - Assembling matrices
Memory: 958/1055 1074/1114
---------  Current Progress:  91 % - Constraint handling
Memory: 953/1055 1069/1114
---------  Current Progress:  91 % - Matrix factorization
Memory: 949/1055 1078/1114
---------  Current Progress:  91 % - Assembling matrices
Memory: 960/1055 1075/1114
   3       9e-14     1.6e-07   1.0000000     1.2e-06  221  138  285
    
Continuation parameter VG = -68.
---------  Current Progress:  92 % - Assembling matrices
Memory: 958/1055 1073/1114
---------  Current Progress:  92 % - Matrix factorization
Memory: 898/1055 1077/1114
Iter      SolEst      ResEst     Damping    Stepsize #Res #Jac #Sol
---------  Current Progress:  92 % - Solving linear system
Memory: 959/1055 1074/1114
   1      0.0022     2.6e+14   1.0000000       0.033  223  139  287
---------  Current Progress:  92 % - Assembling matrices
Memory: 961/1055 1076/1114
---------  Current Progress:  92 % - Matrix factorization
Memory: 938/1055 1080/1114
---------  Current Progress:  92 % - Assembling matrices
Memory: 961/1055 1076/1114
   2     1.1e-06           2   1.0000000      0.0021  224  140  289
---------  Current Progress:  93 % - Assembling matrices
Memory: 960/1055 1075/1114
---------  Current Progress:  93 % - Matrix factorization
Memory: 900/1055 1079/1114
---------  Current Progress:  93 % - Assembling matrices
Memory: 957/1055 1072/1114
   3     7.1e-14     1.8e-07   1.0000000     1.1e-06  226  141  291
    
Continuation parameter VG = -72.
---------  Current Progress:  94 % - Assembling matrices
Memory: 959/1055 1074/1114
---------  Current Progress:  94 % - Matrix factorization
Memory: 903/1055 1078/1114
Iter      SolEst      ResEst     Damping    Stepsize #Res #Jac #Sol
---------  Current Progress:  94 % - Assembling matrices
Memory: 961/1055 1076/1114
   1      0.0021     2.4e+14   1.0000000       0.032  228  142  293
---------  Current Progress:  94 % - Matrix factorization
Memory: 933/1055 1081/1114
---------  Current Progress:  94 % - Assembling matrices
Memory: 962/1055 1077/1114
   2     1.1e-06         1.8   1.0000000       0.002  229  143  295
---------  Current Progress:  95 % - Assembling matrices
Memory: 961/1055 1076/1114
---------  Current Progress:  95 % - Constraint handling
Memory: 957/1055 1072/1114
---------  Current Progress:  95 % - Matrix factorization
Memory: 946/1055 1080/1114
---------  Current Progress:  95 % - Assembling matrices
Memory: 962/1055 1077/1114
   3     5.5e-14     1.8e-07   1.0000000     1.1e-06  231  144  297
    
Continuation parameter VG = -76.
---------  Current Progress:  96 % - Assembling matrices
Memory: 960/1055 1075/1114
---------  Current Progress:  96 % - Matrix factorization
Memory: 895/1055 1079/1114
Iter      SolEst      ResEst     Damping    Stepsize #Res #Jac #Sol
---------  Current Progress:  96 % - Solving linear system
Memory: 964/1055 1079/1114
   1      0.0021     2.3e+14   1.0000000       0.032  233  145  299
---------  Current Progress:  96 % - Assembling matrices
Memory: 963/1055 1078/1114
---------  Current Progress:  96 % - Matrix factorization
Memory: 922/1055 1082/1114
---------  Current Progress:  96 % - Assembling matrices
Memory: 959/1055 1074/1114
   2     1.1e-06         1.7   1.0000000       0.002  234  146  301
---------  Current Progress:  96 % - Matrix factorization
Memory: 887/1055 980/1114
---------  Current Progress:  96 % - Assembling matrices
Memory: 963/1055 1078/1114
   3     4.3e-14     1.9e-07   1.0000000     1.1e-06  236  147  303
    
Continuation parameter VG = -80.
---------  Current Progress:  98 % - Assembling matrices
Memory: 961/1055 1076/1114
---------  Current Progress:  98 % - Matrix factorization
Memory: 885/1055 979/1114
Iter      SolEst      ResEst     Damping    Stepsize #Res #Jac #Sol
---------  Current Progress:  98 % - Assembling matrices
Memory: 963/1055 1078/1114
   1      0.0021     2.1e+14   1.0000000       0.032  238  148  305
---------  Current Progress:  98 % - Matrix factorization
Memory: 903/1055 1083/1114
---------  Current Progress:  98 % - Solving linear system
Memory: 964/1055 1079/1114
   2     1.2e-06         1.7   1.0000000      0.0021  239  149  307
---------  Current Progress:  98 % - Assembling matrices
Memory: 963/1055 1078/1114
---------  Current Progress:  98 % - Matrix factorization
Memory: 921/1055 1082/1114
---------  Current Progress:  98 % - Assembling matrices
Memory: 964/1055 1079/1114
   3     3.6e-14       2e-07   1.0000000     1.2e-06  241  150  309
---------- Current Progress: 100 % - Constraint handling
Memory: 821/1055 913/1114
Solution time: 191 s. (3 minutes, 11 seconds)
Physical memory: 1.02 GB
Virtual memory: 1.09 GB
Ended at Oct 3, 2026, 12:00:06 PM.
----- Stationary Solver 2 in Study 1/Solution 1 (sol1) ------------------------>
VD=1.00000: 41 / 41 nuqta qaytdi (ok=true)
Tayyor: C:\comsol_tranzistor\ish\model\transfer.csv
MPH saqlandi: C:\comsol_tranzistor\ish\model\MoS2Fet_transfer.mph
Class run time: 1190 s.
Saving model: C:\comsol_tranzistor\ish\model\MoS2Fet_Model.mph
Save time: 0 s.
Total time: 1190 s.
---------- Current Progress: 100 % - Done
Memory: 868/1055 948/1114
