*******************************************
***COMSOL 6.0.0.318 progress output file***
*******************************************
Thu Oct 01 02:56:14 UZT 2026
COMSOL Multiphysics 6.0 (Build: 318) starting in batch mode
Running: C:\comsol_tranzistor\ish\model\MoS2Fet.class
params.txt o'qildi: C:\comsol_tranzistor\ish\model\params.txt
---------- Current Progress: 100 % - Updating selections
Memory: 420/422 448/450
           Current Progress:   0 % - Rectangle
Memory: 424/427 450/453
           Current Progress:   1 % - Rectangle 2
Memory: 425/427 450/453
           Current Progress:   3 % - Rectangle 2a
           Current Progress:   4 % - Polygon
           Current Progress:   5 % - Polygon 2
Memory: 426/427 451/453
           Current Progress:   6 % - Mirror
Memory: 430/430 455/455
-          Current Progress:  19 % - Mirror 2
---        Current Progress:  31 % - Rectangle 3
---        Current Progress:  33 % - Ellipse 1
---        Current Progress:  34 % - Ellipse 2
Memory: 427/430 451/455
---        Current Progress:  35 % - Union
----       Current Progress:  43 % - Resolving domains
----       Current Progress:  48 % - Rectangle 4
Memory: 428/430 452/455
----       Current Progress:  49 % - Intersection
-----      Current Progress:  57 % - Resolving domains
------     Current Progress:  61 % - Difference 4
-------    Current Progress:  73 % - Resolving domains
-------    Current Progress:  74 % - Rectangle 5
Memory: 429/430 453/455
-------    Current Progress:  75 % - Difference
--------   Current Progress:  86 % - Resolving domains
--------   Current Progress:  88 % - Form Union
---------  Current Progress:  99 % - Resolving domains
---------- Current Progress: 100 % - Updating selections
Memory: 431/431 455/455
Geometriya quruldi. Domenlar soni: 10 (kutilgan: 10)
CHECKPOINT: sel_insulators OK
CHECKPOINT: sel_semi_domains OK
---------- Current Progress: 100 % - Creating visualization mesh
Memory: 434/434 457/457
CHECKPOINT: chegara selectionlari OK
CHECKPOINT: semi yaratildi
CHECKPOINT: semi.selection() -> faqat MoS2
CHECKPOINT: adm1 OK
CHECKPOINT: gc1 OK
CHECKPOINT: sfcd1 OK
CHECKPOINT: mc1/mc2 OK
CHECKPOINT: ion holati OK
CHECKPOINT: mesh size features OK
Number of vertex elements: 37
           Current Progress:   6 % - Adjusting boundary mesh
Memory: 532/546 549/563
Number of boundary elements: 15129
-          Current Progress:  14 % - Inserting interior points
Memory: 545/546 565/565
--         Current Progress:  23 % - Inserting interior points
Memory: 549/549 568/568
---        Current Progress:  33 % - Improving element quality
------     Current Progress:  61 % - Improving element quality
Memory: 550/550 568/568
-------    Current Progress:  70 % - Inserting interior points
Memory: 551/551 569/569
-------    Current Progress:  73 % - Inserting interior points
Memory: 552/552 570/570
-------    Current Progress:  77 % - Inserting interior points
Memory: 491/552 513/570
---------  Current Progress:  95 % - Inserting interior points
Memory: 519/552 542/570
---------  Current Progress:  95 % - Improving element quality
Memory: 493/552 514/570
Number of elements: 152778
---------  Current Progress:  99 % - Finalizing mesh
Memory: 520/552 544/570
Minimum element quality: 0.2344
---------- Current Progress: 100 % - Finalizing mesh
Memory: 481/552 504/570
MESH_DOMAINS_TOTAL=10
Model qurildi (mode=transfer).
CHECKPOINT: natijalar papka OK
CHECKPOINT: view1 (full) sozlandi
-----      Current Progress:  50 % - Generating image
Memory: 566/566 577/578
---------- Current Progress: 100 % - Creating visualization mesh
Memory: 574/575 585/587
Eksport: natijalar\geom_full.png
CHECKPOINT: view1 (src edge) sozlandi
-----      Current Progress:  50 % - Generating image
Memory: 736/758 641/660
Eksport: natijalar\geom_source_edge.png
<---- Compile Equations: Semiconductor Equilibrium in Study 1/Solution 1 (sol1) -
Started at Oct 1, 2026, 2:56:39 AM.
Geometry shape function: Linear Lagrange
Running on 11th Gen Intel(R) Core(TM) i7-1165G7 at 2.80 GHz.
Using 1 socket with 4 cores in total on WIN-FNSSP1NOF49.
Available memory: 7.97 GB.
           Current Progress:   2 % - Compile Equations: Semiconductor Equilibrium
Memory: 752/759 745/749
           Current Progress:   3 % - Compile Equations: Semiconductor Equilibrium
Memory: 718/759 710/749
           Current Progress:   3 % - Creating visualization mesh
Memory: 730/759 721/749
Time: 2 s.
Physical memory: 752 MB
Virtual memory: 745 MB
Ended at Oct 1, 2026, 2:56:41 AM.
----- Compile Equations: Semiconductor Equilibrium in Study 1/Solution 1 (sol1) >
<---- Dependent Variables 1 in Study 1/Solution 1 (sol1) -----------------------
Started at Oct 1, 2026, 2:56:41 AM.
           Current Progress:   3 % - Dependent Variables 1
Memory: 627/759 619/749
Solution time: 0 s.
Physical memory: 627 MB
Virtual memory: 619 MB
Ended at Oct 1, 2026, 2:56:41 AM.
----- Dependent Variables 1 in Study 1/Solution 1 (sol1) ---------------------->
<---- Stationary Solver 1 in Study 1/Solution 1 (sol1) -------------------------
Started at Oct 1, 2026, 2:56:41 AM.
Nonlinear solver
Number of degrees of freedom solved for: 138873.
           Current Progress:   5 % - Assembling sparsity pattern
Memory: 662/759 650/749
Nonsymmetric matrix found.
Scales for dependent variables:
Electron solution variable (comp1.Ne): 1e+23
Hole solution variable (comp1.Ph): 2.7e+26
Electric potential (comp1.V): 1.7e+21
Orthonormal null-space function used.
           Current Progress:   5 % - Matrix factorization
Memory: 699/759 699/749
Iter      SolEst      ResEst     Damping    Stepsize #Res #Jac #Sol
           Current Progress:   5 % - Solving linear system
Memory: 746/759 754/757
           Current Progress:   9 % - Solving linear system
   1          31     2.3e+16   0.0100000          31    3    1    3
           Current Progress:   9 % - Assembling matrices
Memory: 744/759 751/761
           Current Progress:   9 % - Matrix factorization
Memory: 726/759 746/761
           Current Progress:   9 % - Assembling matrices
Memory: 742/759 751/761
   2          32       3e+04   0.0341265          34    4    2    5
-          Current Progress:  14 % - Assembling sparsity pattern
Memory: 742/759 750/761
-          Current Progress:  14 % - Matrix factorization
Memory: 721/759 755/761
-          Current Progress:  14 % - Solving linear system
Memory: 746/759 753/761
   3         1.5     1.1e+06   0.1702708         4.2    5    3    7
---        Current Progress:  34 % - Matrix factorization
Memory: 722/759 755/761
---        Current Progress:  34 % - Solving linear system
Memory: 746/759 753/761
   4        0.48     5.2e+05   0.6396382         1.3    6    4    9
---        Current Progress:  34 % - Assembling matrices
Memory: 743/759 750/761
---        Current Progress:  34 % - Matrix factorization
Memory: 682/759 710/761
---        Current Progress:  34 % - Solving linear system
Memory: 701/759 708/761
   5       0.084     6.9e+04   1.0000000        0.46    7    5   11
---        Current Progress:  37 % - Assembling matrices
Memory: 703/759 712/761
---        Current Progress:  37 % - Matrix factorization
Memory: 691/759 719/761
---        Current Progress:  37 % - Assembling matrices
Memory: 706/759 715/761
   6     0.00033     1.1e+02   1.0000000       0.068    8    6   13
----       Current Progress:  46 % - Assembling matrices
Memory: 705/759 715/761
----       Current Progress:  46 % - Matrix factorization
Memory: 696/759 720/761
----       Current Progress:  46 % - Assembling matrices
Memory: 708/759 718/761
   7     3.5e-08     0.00012   1.0000000     0.00031   10    7   15
-----      Current Progress:  50 % - Constraint handling
Memory: 644/759 637/761
Solution time: 7 s.
Physical memory: 747 MB
Virtual memory: 755 MB
Ended at Oct 1, 2026, 2:56:48 AM.
----- Stationary Solver 1 in Study 1/Solution 1 (sol1) ------------------------>
<---- Compile Equations: Stationary in Study 1/Solution 1 (sol1) ---------------
Started at Oct 1, 2026, 2:56:48 AM.
Geometry shape function: Linear Lagrange
-----      Current Progress:  52 % - Compile Equations: Stationary
Memory: 691/759 682/761
-----      Current Progress:  52 % - Creating visualization mesh
Memory: 689/759 681/761
Time: 2 s.
Physical memory: 705 MB
Virtual memory: 695 MB
Ended at Oct 1, 2026, 2:56:50 AM.
----- Compile Equations: Stationary in Study 1/Solution 1 (sol1) -------------->
<---- Dependent Variables 2 in Study 1/Solution 1 (sol1) -----------------------
Started at Oct 1, 2026, 2:56:50 AM.
Initial values of variables solved for: Solution 1 (sol1), Solution Store 1 (sol2).
Values of variables not solved for: Solution 1 (sol1).
-----      Current Progress:  52 % - Dependent Variables 2
Memory: 705/759 695/761
Solution time: 0 s.
Physical memory: 705 MB
Virtual memory: 695 MB
Ended at Oct 1, 2026, 2:56:50 AM.
----- Dependent Variables 2 in Study 1/Solution 1 (sol1) ---------------------->
<---- Stationary Solver 2 in Study 1/Solution 1 (sol1) -------------------------
Started at Oct 1, 2026, 2:56:50 AM.
Nonlinear solver
Number of degrees of freedom solved for: 138873.
-----      Current Progress:  55 % - Assembling matrices
Memory: 726/759 716/761
-----      Current Progress:  55 % - Assembling sparsity pattern
Memory: 738/759 729/761
-----      Current Progress:  55 % - Assembling matrices
Memory: 747/767 746/767
Nonsymmetric matrix found.
Scales for dependent variables:
Electron solution variable (comp1.Ne): 3.7e+25
Hole solution variable (comp1.Ph): 2.5e+29
Electric potential (comp1.V): 3.5e+19
Orthonormal null-space function used.
-----      Current Progress:  55 % - Matrix factorization
Memory: 770/779 781/793
Iter      SolEst      ResEst     Damping    Stepsize #Res #Jac #Sol
-----      Current Progress:  55 % - Assembling matrices
Memory: 856/856 913/913
   1         3.6       1e+05   0.1000000         4.3    2    1    2
-----      Current Progress:  59 % - Assembling sparsity pattern
Memory: 842/858 899/919
-----      Current Progress:  59 % - Assembling matrices
Memory: 871/884 927/941
-----      Current Progress:  59 % - Matrix factorization
Memory: 768/884 890/941
-----      Current Progress:  59 % - Solving linear system
Memory: 833/884 888/941
   2        0.24     9.3e+04   0.1000000        0.28    4    2    5
------     Current Progress:  64 % - Assembling sparsity pattern
Memory: 817/884 874/941
------     Current Progress:  64 % - Assembling matrices
Memory: 867/884 925/942
------     Current Progress:  64 % - Matrix factorization
Memory: 785/884 901/942
------     Current Progress:  64 % - Assembling matrices
Memory: 843/884 899/942
   3        0.33       1e+05   0.0613198        0.36    5    3    7
------     Current Progress:  64 % - Matrix factorization
Memory: 799/884 924/942
------     Current Progress:  64 % - Solving linear system
Memory: 863/884 921/942
------     Current Progress:  64 % - Assembling matrices
Memory: 864/884 922/942
   4        0.37       1e+05   0.0283612        0.38    7    4   10
------     Current Progress:  64 % - Matrix factorization
Memory: 802/884 926/942
------     Current Progress:  64 % - Solving linear system
Memory: 866/884 922/942
------     Current Progress:  64 % - Assembling matrices
Memory: 867/884 923/942
   5        0.39       1e+05   0.0283612         0.4    9    5   13
------     Current Progress:  64 % - Matrix factorization
Memory: 791/884 825/942
------     Current Progress:  64 % - Solving linear system
Memory: 865/884 922/942
   6         5.2       4e+05   0.2836121          21   10    6   15
------     Current Progress:  64 % - Assembling matrices
Memory: 866/884 922/942
------     Current Progress:  64 % - Matrix factorization
Memory: 840/884 926/942
------     Current Progress:  64 % - Assembling matrices
Memory: 868/884 923/942
------     Current Progress:  64 % - Solving linear system
Memory: 866/884 922/942
   7         9.2     3.8e+05   0.0538787         9.8   12    7   18
------     Current Progress:  64 % - Assembling matrices
------     Current Progress:  64 % - Matrix factorization
Memory: 826/884 926/942
------     Current Progress:  64 % - Assembling matrices
Memory: 868/884 923/942
   8        0.37     3.8e+05   0.2549821         0.7   13    8   20
---------  Current Progress:  93 % - Assembling matrices
Memory: 867/884 922/942
---------  Current Progress:  93 % - Matrix factorization
Memory: 813/884 926/942
---------  Current Progress:  93 % - Solving linear system
Memory: 864/884 919/942
---------  Current Progress:  93 % - Assembling matrices
Memory: 868/884 923/942
   9        0.14     3.5e+05   0.0935988        0.15   15    9   23
---------  Current Progress:  93 % - Matrix factorization
Memory: 802/884 926/942
---------  Current Progress:  93 % - Solving linear system
Memory: 867/884 922/942
  10        0.14     3.3e+05   0.0844001        0.15   17   10   26
---------  Current Progress:  93 % - Assembling matrices
---------  Current Progress:  93 % - 
Memory: 861/884 916/942
---------  Current Progress:  93 % - Matrix factorization
Memory: 853/884 926/942
---------  Current Progress:  93 % - Assembling matrices
Memory: 868/884 923/942
  11         1.4     3.3e+05   0.6928638         2.1   18   11   28
---------  Current Progress:  93 % - 
Memory: 861/884 916/942
---------  Current Progress:  93 % - Matrix factorization
Memory: 852/884 926/942
---------  Current Progress:  93 % - Assembling matrices
Memory: 868/884 923/942
  12        0.16       2e+05   0.4203918        0.25   20   12   31
---------  Current Progress:  94 % - Assembling matrices
Memory: 867/884 922/942
---------  Current Progress:  94 % - Matrix factorization
Memory: 801/884 926/942
---------  Current Progress:  94 % - Assembling matrices
Memory: 868/884 923/942
  13        0.16     7.7e+04   0.6479446        0.33   21   13   33
---------  Current Progress:  94 % - Matrix factorization
Memory: 802/884 926/942
---------  Current Progress:  94 % - Assembling matrices
Memory: 868/884 923/942
  14       0.026       5e+03   1.0000000        0.36   22   14   35
---------  Current Progress:  95 % - Assembling matrices
Memory: 867/884 922/942
---------  Current Progress:  95 % - Matrix factorization
Memory: 845/884 926/942
---------  Current Progress:  95 % - Assembling matrices
Memory: 868/884 923/942
  15     6.4e-05          12   1.0000000       0.029   23   15   37
---------  Current Progress:  99 % - Assembling matrices
Memory: 870/884 924/942
---------  Current Progress:  99 % - Matrix factorization
Memory: 854/884 931/942
---------  Current Progress:  99 % - Assembling matrices
Memory: 874/884 929/942
  16     4.9e-10     1.8e-05   1.0000000     7.2e-05   25   16   39
---------- Current Progress: 100 % - Constraint handling
Memory: 729/884 762/942
Solution time: 23 s.
Physical memory: 874 MB
Virtual memory: 931 MB
Ended at Oct 1, 2026, 2:57:13 AM.
----- Stationary Solver 2 in Study 1/Solution 1 (sol1) ------------------------>
<---- Compile Equations: Semiconductor Equilibrium in Study 1/Solution 1 (sol1) -
Started at Oct 1, 2026, 2:57:15 AM.
Geometry shape function: Linear Lagrange
Running on 11th Gen Intel(R) Core(TM) i7-1165G7 at 2.80 GHz.
Using 1 socket with 4 cores in total on WIN-FNSSP1NOF49.
Available memory: 7.97 GB.
           Current Progress:   2 % - Compile Equations: Semiconductor Equilibrium
Memory: 782/884 815/942
           Current Progress:   3 % - Compile Equations: Semiconductor Equilibrium
Memory: 771/884 803/942
           Current Progress:   3 % - Creating visualization mesh
Memory: 773/884 805/942
Time: 1 s.
Physical memory: 782 MB
Virtual memory: 815 MB
Ended at Oct 1, 2026, 2:57:17 AM.
----- Compile Equations: Semiconductor Equilibrium in Study 1/Solution 1 (sol1) >
<---- Dependent Variables 1 in Study 1/Solution 1 (sol1) -----------------------
Started at Oct 1, 2026, 2:57:17 AM.
           Current Progress:   3 % - Dependent Variables 1
Memory: 779/884 811/942
Solution time: 0 s.
Physical memory: 779 MB
Virtual memory: 811 MB
Ended at Oct 1, 2026, 2:57:17 AM.
----- Dependent Variables 1 in Study 1/Solution 1 (sol1) ---------------------->
<---- Stationary Solver 1 in Study 1/Solution 1 (sol1) -------------------------
Started at Oct 1, 2026, 2:57:17 AM.
Nonlinear solver
Number of degrees of freedom solved for: 138873.
           Current Progress:   5 % - Assembling sparsity pattern
Memory: 797/884 828/942
           Current Progress:   5 % - Assembling matrices
Memory: 809/884 841/942
Nonsymmetric matrix found.
Scales for dependent variables:
Electron solution variable (comp1.Ne): 1e+23
Hole solution variable (comp1.Ph): 2.7e+26
Electric potential (comp1.V): 1.7e+21
Orthonormal null-space function used.
           Current Progress:   5 % - Matrix factorization
Memory: 832/884 878/942
Iter      SolEst      ResEst     Damping    Stepsize #Res #Jac #Sol
           Current Progress:   5 % - Solving linear system
Memory: 878/884 928/942
   1          31     2.3e+16   0.0100000          31    3    1    3
           Current Progress:   9 % - Assembling sparsity pattern
Memory: 803/884 853/949
           Current Progress:   9 % - Assembling matrices
Memory: 822/884 871/949
           Current Progress:   9 % - Matrix factorization
Memory: 810/884 875/949
           Current Progress:   9 % - Assembling matrices
Memory: 823/884 872/949
   2          32       3e+04   0.0341265          34    4    2    5
-          Current Progress:  14 % - Assembling sparsity pattern
Memory: 812/884 860/949
-          Current Progress:  14 % - Assembling matrices
Memory: 825/884 874/949
-          Current Progress:  14 % - Matrix factorization
Memory: 759/884 834/949
-          Current Progress:  14 % - Assembling matrices
Memory: 771/884 832/949
   3         1.5     1.1e+06   0.1702708         4.2    5    3    7
---        Current Progress:  34 % - Assembling matrices
Memory: 769/884 830/949
---        Current Progress:  34 % - Matrix factorization
Memory: 750/884 835/949
---        Current Progress:  34 % - Solving linear system
Memory: 772/884 833/949
   4        0.48     5.2e+05   0.6396382         1.3    6    4    9
---        Current Progress:  34 % - Matrix factorization
Memory: 748/884 835/949
---        Current Progress:  34 % - Solving linear system
Memory: 772/884 833/949
   5       0.084     6.9e+04   1.0000000        0.46    7    5   11
---        Current Progress:  37 % - Matrix factorization
Memory: 742/884 835/949
---        Current Progress:  37 % - Solving linear system
Memory: 773/884 834/949
   6     0.00033     1.1e+02   1.0000000       0.068    8    6   13
----       Current Progress:  46 % - Constraint handling
Memory: 765/884 826/949
----       Current Progress:  46 % - Matrix factorization
Memory: 768/884 836/949
----       Current Progress:  46 % - Solving linear system
Memory: 774/884 835/949
   7     3.5e-08     0.00012   1.0000000     0.00031   10    7   15
-----      Current Progress:  50 % - Constraint handling
Memory: 707/884 752/949
Solution time: 8 s.
Physical memory: 881 MB
Virtual memory: 931 MB
Ended at Oct 1, 2026, 2:57:25 AM.
----- Stationary Solver 1 in Study 1/Solution 1 (sol1) ------------------------>
<---- Compile Equations: Stationary in Study 1/Solution 1 (sol1) ---------------
Started at Oct 1, 2026, 2:57:25 AM.
Geometry shape function: Linear Lagrange
-----      Current Progress:  52 % - Compile Equations: Stationary
Memory: 802/884 834/949
-----      Current Progress:  52 % - Creating visualization mesh
Memory: 817/884 849/949
Time: 2 s.
Physical memory: 817 MB
Virtual memory: 849 MB
Ended at Oct 1, 2026, 2:57:27 AM.
----- Compile Equations: Stationary in Study 1/Solution 1 (sol1) -------------->
<---- Dependent Variables 2 in Study 1/Solution 1 (sol1) -----------------------
Started at Oct 1, 2026, 2:57:27 AM.
Initial values of variables solved for: Solution 1 (sol1), Solution Store 1 (sol2).
Values of variables not solved for: Solution 1 (sol1).
-----      Current Progress:  52 % - Dependent Variables 2
Solution time: 0 s.
Physical memory: 817 MB
Virtual memory: 849 MB
Ended at Oct 1, 2026, 2:57:27 AM.
----- Dependent Variables 2 in Study 1/Solution 1 (sol1) ---------------------->
<---- Stationary Solver 2 in Study 1/Solution 1 (sol1) -------------------------
Started at Oct 1, 2026, 2:57:27 AM.
Nonlinear solver
Number of degrees of freedom solved for: 138873.
-----      Current Progress:  55 % - Assembling matrices
Memory: 832/884 863/949
-----      Current Progress:  55 % - Assembling sparsity pattern
Memory: 829/884 861/949
-----      Current Progress:  55 % - Assembling matrices
Memory: 877/895 909/949
Nonsymmetric matrix found.
Scales for dependent variables:
Electron solution variable (comp1.Ne): 3.7e+25
Hole solution variable (comp1.Ph): 2.5e+29
Electric potential (comp1.V): 3.5e+19
Orthonormal null-space function used.
-----      Current Progress:  55 % - Matrix factorization
Memory: 876/895 913/949
Iter      SolEst      ResEst     Damping    Stepsize #Res #Jac #Sol
-----      Current Progress:  55 % - Assembling matrices
Memory: 988/989 1042/1044
   1         3.6       1e+05   0.1000000         4.3    2    1    2
-----      Current Progress:  59 % - Assembling sparsity pattern
Memory: 971/990 1025/1048
-----      Current Progress:  59 % - Assembling matrices
Memory: 998/1014 1053/1069
-----      Current Progress:  59 % - Matrix factorization
Memory: 961/1014 1053/1069
-----      Current Progress:  59 % - Assembling matrices
Memory: 995/1014 1049/1069
-----      Current Progress:  59 % - Solving linear system
Memory: 970/1014 1023/1070
   2        0.24     9.3e+04   0.1000000        0.28    4    2    5
------     Current Progress:  64 % - Assembling sparsity pattern
Memory: 951/1014 1004/1070
------     Current Progress:  64 % - Assembling matrices
Memory: 969/1014 1022/1070
------     Current Progress:  64 % - Matrix factorization
Memory: 921/1014 1026/1070
------     Current Progress:  64 % - Solving linear system
Memory: 969/1014 1023/1070
------     Current Progress:  64 % - Assembling matrices
Memory: 970/1014 1024/1070
   3        0.33       1e+05   0.0613198        0.36    5    3    7
------     Current Progress:  64 % - Matrix factorization
Memory: 893/1014 997/1070
------     Current Progress:  64 % - Solving linear system
Memory: 970/1014 1024/1070
   4        0.37       1e+05   0.0283612        0.38    7    4   10
------     Current Progress:  64 % - Assembling matrices
Memory: 969/1014 1022/1070
------     Current Progress:  64 % - Matrix factorization
Memory: 921/1014 1025/1070
------     Current Progress:  64 % - Solving linear system
Memory: 968/1014 1021/1070
   5        0.39       1e+05   0.0283612         0.4    9    5   13
------     Current Progress:  64 % - Assembling matrices
------     Current Progress:  64 % - Matrix factorization
Memory: 934/1014 1025/1070
------     Current Progress:  64 % - Assembling matrices
Memory: 969/1014 1022/1070
   6         5.2       4e+05   0.2836121          21   10    6   15
------     Current Progress:  64 % - Matrix factorization
Memory: 932/1014 1025/1070
------     Current Progress:  64 % - Solving linear system
Memory: 966/1014 1019/1070
------     Current Progress:  64 % - Assembling matrices
Memory: 969/1014 1022/1070
   7         9.2     3.8e+05   0.0538787         9.8   12    7   18
------     Current Progress:  64 % - Matrix factorization
Memory: 942/1014 1024/1070
------     Current Progress:  64 % - Assembling matrices
Memory: 968/1014 1021/1070
   8        0.37     3.8e+05   0.2549821         0.7   13    8   20
---------  Current Progress:  93 % - Assembling matrices
Memory: 967/1014 1020/1070
---------  Current Progress:  93 % - Matrix factorization
Memory: 927/1014 1024/1070
---------  Current Progress:  93 % - Solving linear system
Memory: 967/1014 1020/1070
---------  Current Progress:  93 % - Assembling matrices
Memory: 968/1014 1021/1070
   9        0.14     3.5e+05   0.0935988        0.15   15    9   23
---------  Current Progress:  93 % - Matrix factorization
Memory: 899/1014 994/1070
---------  Current Progress:  93 % - Assembling matrices
Memory: 968/1014 1021/1070
---------  Current Progress:  93 % - Solving linear system
  10        0.14     3.3e+05   0.0844001        0.15   17   10   26
---------  Current Progress:  93 % - Assembling matrices
Memory: 967/1014 1020/1070
---------  Current Progress:  93 % - Matrix factorization
Memory: 910/1014 1024/1070
---------  Current Progress:  93 % - Solving linear system
Memory: 967/1014 1020/1070
  11         1.4     3.3e+05   0.6928638         2.1   18   11   28
---------  Current Progress:  93 % - Assembling matrices
---------  Current Progress:  93 % - Matrix factorization
Memory: 923/1014 1024/1070
---------  Current Progress:  93 % - Solving linear system
Memory: 967/1014 1020/1070
  12        0.16       2e+05   0.4203917        0.25   20   12   31
---------  Current Progress:  94 % - Solving linear system
Memory: 961/1014 1014/1070
---------  Current Progress:  94 % - Assembling matrices
Memory: 967/1014 1020/1070
---------  Current Progress:  94 % - Matrix factorization
Memory: 939/1014 1024/1070
---------  Current Progress:  94 % - Assembling matrices
Memory: 965/1014 1018/1070
---------  Current Progress:  94 % - Solving linear system
Memory: 968/1014 1021/1070
  13        0.16     7.7e+04   0.6479455        0.33   21   13   33
---------  Current Progress:  94 % - Assembling matrices
Memory: 967/1014 1020/1070
---------  Current Progress:  94 % - Matrix factorization
Memory: 930/1014 1024/1070
---------  Current Progress:  94 % - Assembling matrices
Memory: 968/1014 1021/1070
  14       0.026       5e+03   1.0000000        0.36   22   14   35
---------  Current Progress:  95 % - Assembling matrices
Memory: 967/1014 1020/1070
---------  Current Progress:  95 % - Matrix factorization
Memory: 950/1014 1024/1070
---------  Current Progress:  95 % - Assembling matrices
Memory: 968/1014 1021/1070
  15     6.4e-05          12   1.0000000       0.029   23   15   37
---------  Current Progress:  99 % - Assembling matrices
Memory: 967/1014 1020/1070
---------  Current Progress:  99 % - Matrix factorization
Memory: 899/1014 994/1070
---------  Current Progress:  99 % - Assembling matrices
Memory: 968/1014 1021/1070
  16     4.9e-10     1.9e-05   1.0000000     7.2e-05   25   16   39
---------- Current Progress: 100 % - Constraint handling
Memory: 823/1014 853/1070
Solution time: 25 s.
Physical memory: 1000 MB
Virtual memory: 1055 MB
Ended at Oct 1, 2026, 2:57:52 AM.
----- Stationary Solver 2 in Study 1/Solution 1 (sol1) ------------------------>
VD=0.20 VG=  80.00 ID=4.1298e-06 A
<---- Compile Equations: Semiconductor Equilibrium in Study 1/Solution 1 (sol1) -
Started at Oct 1, 2026, 2:57:54 AM.
Geometry shape function: Linear Lagrange
Running on 11th Gen Intel(R) Core(TM) i7-1165G7 at 2.80 GHz.
Using 1 socket with 4 cores in total on WIN-FNSSP1NOF49.
Available memory: 7.97 GB.
           Current Progress:   2 % - Compile Equations: Semiconductor Equilibrium
Memory: 855/1014 885/1070
           Current Progress:   3 % - Compile Equations: Semiconductor Equilibrium
Memory: 847/1014 878/1070
           Current Progress:   3 % - Creating visualization mesh
Memory: 848/1014 878/1070
Time: 1 s.
Physical memory: 855 MB
Virtual memory: 885 MB
Ended at Oct 1, 2026, 2:57:56 AM.
----- Compile Equations: Semiconductor Equilibrium in Study 1/Solution 1 (sol1) >
<---- Dependent Variables 1 in Study 1/Solution 1 (sol1) -----------------------
Started at Oct 1, 2026, 2:57:56 AM.
           Current Progress:   3 % - Dependent Variables 1
Memory: 853/1014 883/1070
Solution time: 0 s.
Physical memory: 853 MB
Virtual memory: 883 MB
Ended at Oct 1, 2026, 2:57:56 AM.
----- Dependent Variables 1 in Study 1/Solution 1 (sol1) ---------------------->
<---- Stationary Solver 1 in Study 1/Solution 1 (sol1) -------------------------
Started at Oct 1, 2026, 2:57:56 AM.
Nonlinear solver
Number of degrees of freedom solved for: 138873.
           Current Progress:   5 % - Assembling sparsity pattern
Memory: 864/1014 895/1070
Nonsymmetric matrix found.
Scales for dependent variables:
Electron solution variable (comp1.Ne): 1e+23
Hole solution variable (comp1.Ph): 2.7e+26
Electric potential (comp1.V): 1.7e+21
Orthonormal null-space function used.
           Current Progress:   5 % - Constraint handling
Memory: 879/1014 913/1070
           Current Progress:   5 % - Matrix factorization
Memory: 898/1014 941/1070
Iter      SolEst      ResEst     Damping    Stepsize #Res #Jac #Sol
           Current Progress:   5 % - Assembling matrices
Memory: 943/1014 991/1070
           Current Progress:   9 % - Assembling matrices
Memory: 945/1014 993/1070
   1          28     2.1e+16   0.0100000          29    3    1    3
           Current Progress:   9 % - Assembling sparsity pattern
Memory: 937/1014 987/1070
           Current Progress:   9 % - Constraint handling
Memory: 939/1014 988/1070
           Current Progress:   9 % - Matrix factorization
Memory: 896/1014 958/1070
           Current Progress:   9 % - Assembling matrices
Memory: 908/1014 955/1070
   2          32       3e+04   0.0343620          35    4    2    5
-          Current Progress:  14 % - Assembling sparsity pattern
Memory: 895/1014 942/1070
-          Current Progress:  14 % - Constraint handling
Memory: 903/1014 950/1070
-          Current Progress:  14 % - Matrix factorization
Memory: 900/1014 957/1070
-          Current Progress:  14 % - Assembling matrices
Memory: 908/1014 955/1070
   3         1.5     1.2e+06   0.1749357         4.4    5    3    7
---        Current Progress:  34 % - Assembling matrices
Memory: 906/1014 952/1070
---        Current Progress:  34 % - Matrix factorization
Memory: 891/1014 957/1070
---        Current Progress:  34 % - Solving linear system
Memory: 909/1014 955/1070
   4        0.46     4.3e+05   0.8030014         1.5    6    4    9
---        Current Progress:  34 % - Matrix factorization
Memory: 886/1014 957/1070
---        Current Progress:  34 % - Solving linear system
Memory: 909/1014 955/1070
   5       0.036     4.3e+04   1.0000000        0.39    7    5   11
---        Current Progress:  39 % - Matrix factorization
Memory: 878/1014 957/1070
---        Current Progress:  39 % - Assembling matrices
Memory: 908/1014 955/1070
   6     0.00017     1.7e+03   1.0000000       0.033    8    6   13
----       Current Progress:  46 % - Assembling matrices
Memory: 906/1014 952/1070
----       Current Progress:  46 % - Matrix factorization
Memory: 896/1014 957/1070
----       Current Progress:  46 % - Assembling matrices
Memory: 908/1014 955/1070
   7       2e-06          23   1.0000000     0.00019    9    7   15
----       Current Progress:  49 % - Assembling matrices
Memory: 906/1014 952/1070
----       Current Progress:  49 % - Matrix factorization
Memory: 891/1014 957/1070
----       Current Progress:  49 % - Solving linear system
Memory: 909/1014 955/1070
----       Current Progress:  49 % - Assembling matrices
Memory: 907/1014 954/1070
   8     3.7e-10     1.9e-06   1.0000000     1.9e-06   11    8   17
-----      Current Progress:  50 % - Constraint handling
Memory: 736/1014 766/1070
Solution time: 9 s.
Physical memory: 945 MB
Virtual memory: 993 MB
Ended at Oct 1, 2026, 2:58:04 AM.
----- Stationary Solver 1 in Study 1/Solution 1 (sol1) ------------------------>
<---- Compile Equations: Stationary in Study 1/Solution 1 (sol1) ---------------
Started at Oct 1, 2026, 2:58:04 AM.
Geometry shape function: Linear Lagrange
-----      Current Progress:  52 % - Compile Equations: Stationary
Memory: 818/1014 851/1070
-----      Current Progress:  52 % - Creating visualization mesh
Memory: 820/1014 852/1070
Time: 1 s.
Physical memory: 828 MB
Virtual memory: 860 MB
Ended at Oct 1, 2026, 2:58:06 AM.
----- Compile Equations: Stationary in Study 1/Solution 1 (sol1) -------------->
<---- Dependent Variables 2 in Study 1/Solution 1 (sol1) -----------------------
Started at Oct 1, 2026, 2:58:06 AM.
Initial values of variables solved for: Solution 1 (sol1), Solution Store 1 (sol2).
Values of variables not solved for: Solution 1 (sol1).
-----      Current Progress:  52 % - Dependent Variables 2
Memory: 834/1014 866/1070
Solution time: 0 s.
Physical memory: 834 MB
Virtual memory: 866 MB
Ended at Oct 1, 2026, 2:58:06 AM.
----- Dependent Variables 2 in Study 1/Solution 1 (sol1) ---------------------->
<---- Stationary Solver 2 in Study 1/Solution 1 (sol1) -------------------------
Started at Oct 1, 2026, 2:58:06 AM.
Nonlinear solver
Number of degrees of freedom solved for: 138873.
-----      Current Progress:  55 % - Assembling matrices
Memory: 851/1014 883/1070
-----      Current Progress:  55 % - Assembling sparsity pattern
Memory: 817/1014 850/1070
-----      Current Progress:  55 % - Assembling matrices
Memory: 866/1014 900/1070
Nonsymmetric matrix found.
Scales for dependent variables:
Electron solution variable (comp1.Ne): 3.5e+25
Hole solution variable (comp1.Ph): 2.4e+29
Electric potential (comp1.V): 3.2e+19
Orthonormal null-space function used.
-----      Current Progress:  55 % - Matrix factorization
Memory: 908/1014 959/1070
Iter      SolEst      ResEst     Damping    Stepsize #Res #Jac #Sol
-----      Current Progress:  55 % - Assembling matrices
Memory: 987/1014 1044/1070
   1         3.6     9.7e+04   0.1000000         4.3    2    1    2
-----      Current Progress:  59 % - Assembling sparsity pattern
Memory: 972/1014 1028/1070
-----      Current Progress:  59 % - Assembling matrices
Memory: 993/1014 1049/1070
-----      Current Progress:  59 % - Matrix factorization
Memory: 931/1014 1053/1070
-----      Current Progress:  59 % - Solving linear system
Memory: 991/1014 1053/1070
-----      Current Progress:  59 % - Assembling matrices
Memory: 970/1014 1028/1071
   2        0.24     9.1e+04   0.1000000        0.27    4    2    5
------     Current Progress:  64 % - Assembling sparsity pattern
Memory: 943/1014 999/1071
------     Current Progress:  64 % - Assembling matrices
Memory: 964/1014 1019/1071
------     Current Progress:  64 % - Matrix factorization
Memory: 889/1014 922/1071
------     Current Progress:  64 % - Assembling matrices
Memory: 965/1014 1020/1071
   3        0.36     9.7e+04   0.0553124        0.39    5    3    7
------     Current Progress:  64 % - Matrix factorization
Memory: 906/1014 1023/1071
------     Current Progress:  64 % - Solving linear system
Memory: 964/1014 1019/1071
------     Current Progress:  64 % - Assembling matrices
Memory: 965/1014 1020/1071
   4         0.4     9.7e+04   0.0288532        0.41    7    4   10
------     Current Progress:  64 % - Matrix factorization
Memory: 927/1014 1025/1071
------     Current Progress:  64 % - Assembling matrices
Memory: 967/1014 1022/1071
   5        0.42     9.8e+04   0.0288532        0.43    9    5   13
------     Current Progress:  64 % - Matrix factorization
Memory: 949/1014 1015/1071
------     Current Progress:  64 % - Assembling matrices
Memory: 967/1014 1022/1071
   6        0.44     9.8e+04   0.0288532        0.45   11    6   16
------     Current Progress:  64 % - Matrix factorization
Memory: 914/1014 1025/1071
------     Current Progress:  64 % - Solving linear system
Memory: 966/1014 1021/1071
   7         3.2       4e+05   0.2885318          14   12    7   18
------     Current Progress:  64 % - Assembling matrices
------     Current Progress:  64 % - Matrix factorization
Memory: 943/1014 1025/1071
------     Current Progress:  64 % - Assembling matrices
Memory: 967/1014 1022/1071
   8         2.3     3.8e+05   0.0593824         2.5   14    8   21
--------   Current Progress:  84 % - Assembling matrices
Memory: 966/1014 1021/1071
--------   Current Progress:  84 % - Matrix factorization
Memory: 898/1014 995/1071
--------   Current Progress:  84 % - Solving linear system
Memory: 965/1014 1021/1071
   9        0.27       4e+05   0.2872185        0.65   15    9   23
---------  Current Progress:  92 % - Assembling matrices
Memory: 966/1014 1021/1071
---------  Current Progress:  92 % - Matrix factorization
Memory: 914/1014 1025/1071
---------  Current Progress:  92 % - Solving linear system
Memory: 966/1014 1021/1071
  10        0.21     3.5e+05   0.4468084         2.4   16   10   25
---------  Current Progress:  92 % - Assembling matrices
---------  Current Progress:  92 % - Matrix factorization
Memory: 942/1014 1025/1071
---------  Current Progress:  92 % - Assembling matrices
Memory: 967/1014 1022/1071
  11       0.067     2.8e+05   0.1916435       0.081   18   11   28
---------  Current Progress:  92 % - Matrix factorization
Memory: 903/1014 1025/1071
---------  Current Progress:  92 % - Solving linear system
Memory: 966/1014 1021/1071
---------  Current Progress:  92 % - Assembling matrices
Memory: 967/1014 1022/1071
  12        0.12     2.6e+05   0.0875171        0.13   19   12   30
---------  Current Progress:  92 % - Matrix factorization
Memory: 898/1014 995/1071
---------  Current Progress:  92 % - Assembling matrices
Memory: 967/1014 1022/1071
  13        0.13     1.9e+05   0.3214112        0.16   20   13   32
---------  Current Progress:  92 % - Matrix factorization
Memory: 912/1014 1025/1071
---------  Current Progress:  92 % - Solving linear system
Memory: 966/1014 1021/1071
  14        0.16     1.1e+05   0.4398645        0.25   21   14   34
---------  Current Progress:  92 % - Assembling matrices
---------  Current Progress:  92 % - Matrix factorization
Memory: 912/1014 1025/1071
---------  Current Progress:  92 % - Assembling matrices
Memory: 967/1014 1022/1071
  15       0.074     2.3e+04   1.0000000         0.4   22   15   36
---------  Current Progress:  92 % - Matrix factorization
Memory: 943/1014 1025/1071
---------  Current Progress:  92 % - Assembling matrices
Memory: 967/1014 1022/1071
  16     0.00069     1.5e+02   1.0000000       0.098   23   16   38
---------  Current Progress:  98 % - Assembling matrices
Memory: 966/1014 1021/1071
---------  Current Progress:  98 % - Matrix factorization
Memory: 898/1014 995/1071
---------  Current Progress:  98 % - Assembling matrices
Memory: 967/1014 1022/1071
  17       6e-08     1.9e-05   1.0000000     0.00078   25   17   40
---------- Current Progress: 100 % - Constraint handling
Memory: 823/1014 855/1071
Solution time: 26 s.
Physical memory: 996 MB
Virtual memory: 1053 MB
Ended at Oct 1, 2026, 2:58:32 AM.
----- Stationary Solver 2 in Study 1/Solution 1 (sol1) ------------------------>
VD=0.20 VG=  76.00 ID=4.0174e-06 A
<---- Compile Equations: Semiconductor Equilibrium in Study 1/Solution 1 (sol1) -
Started at Oct 1, 2026, 2:58:34 AM.
Geometry shape function: Linear Lagrange
Running on 11th Gen Intel(R) Core(TM) i7-1165G7 at 2.80 GHz.
Using 1 socket with 4 cores in total on WIN-FNSSP1NOF49.
Available memory: 7.97 GB.
           Current Progress:   3 % - Compile Equations: Semiconductor Equilibrium
Memory: 848/1014 879/1071
           Current Progress:   3 % - Creating visualization mesh
Memory: 848/1014 880/1071
Time: 1 s.
Physical memory: 848 MB
Virtual memory: 880 MB
Ended at Oct 1, 2026, 2:58:35 AM.
----- Compile Equations: Semiconductor Equilibrium in Study 1/Solution 1 (sol1) >
<---- Dependent Variables 1 in Study 1/Solution 1 (sol1) -----------------------
Started at Oct 1, 2026, 2:58:35 AM.
           Current Progress:   3 % - Dependent Variables 1
Memory: 853/1014 884/1071
Solution time: 0 s.
Physical memory: 853 MB
Virtual memory: 884 MB
Ended at Oct 1, 2026, 2:58:35 AM.
----- Dependent Variables 1 in Study 1/Solution 1 (sol1) ---------------------->
<---- Stationary Solver 1 in Study 1/Solution 1 (sol1) -------------------------
Started at Oct 1, 2026, 2:58:35 AM.
Nonlinear solver
Number of degrees of freedom solved for: 138873.
           Current Progress:   5 % - Assembling sparsity pattern
Memory: 868/1014 899/1071
Nonsymmetric matrix found.
Scales for dependent variables:
Electron solution variable (comp1.Ne): 1e+23
Hole solution variable (comp1.Ph): 2.7e+26
Electric potential (comp1.V): 1.7e+21
Orthonormal null-space function used.
           Current Progress:   5 % - Matrix factorization
Memory: 894/1014 940/1071
Iter      SolEst      ResEst     Damping    Stepsize #Res #Jac #Sol
           Current Progress:   5 % - Assembling matrices
Memory: 947/1014 995/1071
           Current Progress:   9 % - Assembling matrices
Memory: 949/1014 997/1071
   1          26     1.8e+16   0.0100000          26    3    1    3
           Current Progress:   9 % - Assembling sparsity pattern
Memory: 902/1014 958/1071
           Current Progress:   9 % - Matrix factorization
Memory: 888/1014 975/1071
           Current Progress:   9 % - Solving linear system
Memory: 920/1014 975/1071
   2          33       3e+04   0.0347710          35    4    2    5
-          Current Progress:  14 % - Assembling sparsity pattern
Memory: 916/1014 970/1071
-          Current Progress:  14 % - Matrix factorization
Memory: 833/1014 914/1071
-          Current Progress:  14 % - Solving linear system
Memory: 861/1014 912/1071
   3         1.6     1.4e+06   0.1805977         4.7    5    3    7
---        Current Progress:  34 % - Matrix factorization
Memory: 820/1014 853/1071
---        Current Progress:  34 % - Solving linear system
Memory: 862/1014 912/1071
   4        0.94     1.1e+06   0.2188137         1.2    7    4   10
---        Current Progress:  34 % - Matrix factorization
Memory: 833/1014 913/1071
---        Current Progress:  34 % - Solving linear system
Memory: 861/1014 911/1071
   5        0.58     7.1e+05   0.3525877        0.89    9    5   13
---        Current Progress:  34 % - Matrix factorization
Memory: 834/1014 913/1071
---        Current Progress:  34 % - Solving linear system
Memory: 859/1014 914/1071
   6        0.14     1.2e+05   1.0000000        0.66   10    6   15
---        Current Progress:  37 % - Matrix factorization
Memory: 823/1014 857/1071
---        Current Progress:  37 % - Solving linear system
Memory: 859/1014 917/1071
   7     0.00076     7.1e+02   1.0000000         0.1   11    7   17
----       Current Progress:  46 % - Assembling matrices
Memory: 858/1014 910/1071
----       Current Progress:  46 % - Matrix factorization
Memory: 850/1014 915/1071
----       Current Progress:  46 % - Assembling matrices
Memory: 861/1014 912/1071
   8     5.4e-07       0.098   1.0000000     0.00072   13    8   19
-----      Current Progress:  50 % - Constraint handling
Memory: 852/1014 903/1071
Solution time: 9 s.
Physical memory: 949 MB
Virtual memory: 997 MB
Ended at Oct 1, 2026, 2:58:43 AM.
----- Stationary Solver 1 in Study 1/Solution 1 (sol1) ------------------------>
<---- Compile Equations: Stationary in Study 1/Solution 1 (sol1) ---------------
Started at Oct 1, 2026, 2:58:43 AM.
Geometry shape function: Linear Lagrange
-----      Current Progress:  52 % - Compile Equations: Stationary
Memory: 844/1014 879/1071
-----      Current Progress:  52 % - Creating visualization mesh
Memory: 836/1014 870/1071
Time: 1 s.
Physical memory: 845 MB
Virtual memory: 879 MB
Ended at Oct 1, 2026, 2:58:45 AM.
----- Compile Equations: Stationary in Study 1/Solution 1 (sol1) -------------->
<---- Dependent Variables 2 in Study 1/Solution 1 (sol1) -----------------------
Started at Oct 1, 2026, 2:58:45 AM.
Initial values of variables solved for: Solution 1 (sol1), Solution Store 1 (sol2).
Values of variables not solved for: Solution 1 (sol1).
-----      Current Progress:  52 % - Dependent Variables 2
Memory: 843/1014 875/1071
Solution time: 0 s.
Physical memory: 843 MB
Virtual memory: 875 MB
Ended at Oct 1, 2026, 2:58:45 AM.
----- Dependent Variables 2 in Study 1/Solution 1 (sol1) ---------------------->
<---- Stationary Solver 2 in Study 1/Solution 1 (sol1) -------------------------
Started at Oct 1, 2026, 2:58:45 AM.
Nonlinear solver
Number of degrees of freedom solved for: 138873.
-----      Current Progress:  55 % - Assembling matrices
Memory: 859/1014 891/1071
-----      Current Progress:  55 % - Assembling sparsity pattern
Memory: 858/1014 890/1071
-----      Current Progress:  55 % - Assembling matrices
Memory: 894/1014 926/1071
Nonsymmetric matrix found.
Scales for dependent variables:
Electron solution variable (comp1.Ne): 3.2e+25
Hole solution variable (comp1.Ph): 2.2e+29
Electric potential (comp1.V): 3e+19
Orthonormal null-space function used.
-----      Current Progress:  55 % - Matrix factorization
Memory: 944/1014 1008/1071
Iter      SolEst      ResEst     Damping    Stepsize #Res #Jac #Sol
-----      Current Progress:  55 % - Assembling matrices
Memory: 1008/1014 1062/1071
   1         3.6     9.4e+04   0.1000000         4.3    2    1    2
-----      Current Progress:  59 % - Assembling sparsity pattern
Memory: 993/1014 1047/1071
-----      Current Progress:  59 % - Assembling matrices
Memory: 1013/1030 1068/1087
-----      Current Progress:  59 % - Matrix factorization
Memory: 951/1030 1070/1087
-----      Current Progress:  59 % - Solving linear system
Memory: 1011/1030 1066/1087
-----      Current Progress:  59 % - 
Memory: 1007/1030 1062/1087
   2        0.25     8.8e+04   0.1000000        0.28    4    2    5
------     Current Progress:  64 % - Assembling sparsity pattern
Memory: 966/1030 1019/1087
------     Current Progress:  64 % - Assembling matrices
Memory: 986/1030 1039/1087
------     Current Progress:  64 % - Matrix factorization
Memory: 935/1030 1043/1087
------     Current Progress:  64 % - Solving linear system
Memory: 986/1030 1039/1087
   3         0.4     9.3e+04   0.0519493        0.42    5    3    7
------     Current Progress:  64 % - Assembling matrices
------     Current Progress:  64 % - Matrix factorization
Memory: 956/1030 1043/1087
------     Current Progress:  64 % - Assembling matrices
Memory: 987/1030 1040/1087
   4        0.44     9.4e+04   0.0306592        0.45    7    4   10
------     Current Progress:  64 % - Matrix factorization
Memory: 911/1030 942/1087
------     Current Progress:  64 % - Assembling matrices
Memory: 987/1030 1040/1087
------     Current Progress:  64 % - Solving linear system
   5        0.46     9.4e+04   0.0306592        0.47    9    5   13
------     Current Progress:  64 % - Assembling matrices
Memory: 986/1030 1039/1087
------     Current Progress:  64 % - Matrix factorization
Memory: 950/1030 1043/1087
------     Current Progress:  64 % - Assembling matrices
Memory: 987/1030 1040/1087
   6        0.47     9.4e+04   0.0306592        0.49   11    6   16
------     Current Progress:  64 % - Matrix factorization
Memory: 963/1030 1043/1087
------     Current Progress:  64 % - Assembling matrices
Memory: 987/1030 1040/1087
   7        0.48     9.5e+04   0.0306592        0.49   13    7   19
------     Current Progress:  64 % - Matrix factorization
Memory: 930/1030 1043/1087
------     Current Progress:  64 % - Solving linear system
Memory: 986/1030 1039/1087
   8         1.3     4.3e+05   0.3065924          11   14    8   21
------     Current Progress:  64 % - Assembling matrices
------     Current Progress:  64 % - Matrix factorization
Memory: 937/1030 1043/1087
------     Current Progress:  64 % - Solving linear system
Memory: 986/1030 1039/1087
   9        0.72       4e+05   0.2058970         1.1   15    9   23
--------   Current Progress:  87 % - Assembling matrices
--------   Current Progress:  87 % - Matrix factorization
Memory: 967/1030 1043/1087
--------   Current Progress:  87 % - Assembling matrices
Memory: 987/1030 1040/1087
  10       0.049     3.7e+05   0.3440226        0.11   17   10   26
---------  Current Progress:  94 % - Assembling matrices
Memory: 986/1030 1039/1087
---------  Current Progress:  94 % - Matrix factorization
Memory: 922/1030 1043/1087
---------  Current Progress:  94 % - Solving linear system
Memory: 986/1030 1039/1087
  11        0.13     3.4e+05   0.0894664        0.14   18   11   28
---------  Current Progress:  94 % - Assembling matrices
---------  Current Progress:  94 % - Matrix factorization
Memory: 935/1030 1043/1087
---------  Current Progress:  94 % - Solving linear system
Memory: 986/1030 1039/1087
  12        0.12     2.4e+05   0.4563090        0.18   19   12   30
---------  Current Progress:  94 % - Assembling matrices
---------  Current Progress:  94 % - Matrix factorization
Memory: 948/1030 1043/1087
---------  Current Progress:  94 % - Assembling matrices
Memory: 987/1030 1040/1087
  13        0.16     1.4e+05   0.5613527        0.28   20   13   32
---------  Current Progress:  94 % - Solving linear system
Memory: 980/1030 1033/1087
---------  Current Progress:  94 % - Assembling matrices
Memory: 986/1030 1039/1087
---------  Current Progress:  94 % - Matrix factorization
Memory: 952/1030 1043/1087
---------  Current Progress:  94 % - Assembling matrices
Memory: 987/1030 1040/1087
  14       0.068     2.7e+04   1.0000000        0.42   21   14   34
---------  Current Progress:  94 % - Matrix factorization
Memory: 970/1030 1043/1087
---------  Current Progress:  94 % - Assembling matrices
Memory: 987/1030 1040/1087
  15     0.00075     2.6e+02   1.0000000       0.092   22   15   36
---------  Current Progress:  98 % - Assembling matrices
Memory: 986/1030 1039/1087
---------  Current Progress:  98 % - Matrix factorization
Memory: 916/1030 1010/1087
---------  Current Progress:  98 % - Assembling matrices
Memory: 983/1030 1036/1087
  16     8.1e-08     2.4e-05   1.0000000     0.00085   24   16   38
---------- Current Progress: 100 % - Constraint handling
Memory: 978/1030 1030/1087
Solution time: 24 s.
Physical memory: 1.01 GB
Virtual memory: 1.07 GB
Ended at Oct 1, 2026, 2:59:09 AM.
----- Stationary Solver 2 in Study 1/Solution 1 (sol1) ------------------------>
VD=0.20 VG=  72.00 ID=3.9009e-06 A
<---- Compile Equations: Semiconductor Equilibrium in Study 1/Solution 1 (sol1) -
Started at Oct 1, 2026, 2:59:11 AM.
Geometry shape function: Linear Lagrange
Running on 11th Gen Intel(R) Core(TM) i7-1165G7 at 2.80 GHz.
Using 1 socket with 4 cores in total on WIN-FNSSP1NOF49.
Available memory: 7.97 GB.
           Current Progress:   2 % - Compile Equations: Semiconductor Equilibrium
Memory: 890/1030 922/1087
           Current Progress:   3 % - Compile Equations: Semiconductor Equilibrium
Memory: 863/1030 894/1087
           Current Progress:   3 % - Creating visualization mesh
Time: 1 s.
Physical memory: 890 MB
Virtual memory: 922 MB
Ended at Oct 1, 2026, 2:59:12 AM.
----- Compile Equations: Semiconductor Equilibrium in Study 1/Solution 1 (sol1) >
<---- Dependent Variables 1 in Study 1/Solution 1 (sol1) -----------------------
Started at Oct 1, 2026, 2:59:12 AM.
           Current Progress:   3 % - Dependent Variables 1
Memory: 868/1030 899/1087
Solution time: 0 s.
Physical memory: 868 MB
Virtual memory: 899 MB
Ended at Oct 1, 2026, 2:59:12 AM.
----- Dependent Variables 1 in Study 1/Solution 1 (sol1) ---------------------->
<---- Stationary Solver 1 in Study 1/Solution 1 (sol1) -------------------------
Started at Oct 1, 2026, 2:59:12 AM.
Nonlinear solver
Number of degrees of freedom solved for: 138873.
           Current Progress:   5 % - Assembling sparsity pattern
Memory: 882/1030 913/1087
Nonsymmetric matrix found.
Scales for dependent variables:
Electron solution variable (comp1.Ne): 1e+23
Hole solution variable (comp1.Ph): 2.7e+26
Electric potential (comp1.V): 1.7e+21
Orthonormal null-space function used.
           Current Progress:   5 % - Constraint handling
Memory: 896/1030 927/1087
           Current Progress:   5 % - Matrix factorization
Memory: 913/1030 956/1087
Iter      SolEst      ResEst     Damping    Stepsize #Res #Jac #Sol
           Current Progress:   5 % - Assembling matrices
Memory: 960/1030 1008/1087
           Current Progress:   9 % - Assembling matrices
Memory: 962/1030 1010/1087
   1          24     1.6e+16   0.0100000          24    3    1    3
           Current Progress:   9 % - Assembling sparsity pattern
Memory: 952/1030 1001/1087
           Current Progress:   9 % - Matrix factorization
Memory: 932/1030 1014/1087
           Current Progress:   9 % - Solving linear system
Memory: 963/1030 1012/1087
   2          33     3.1e+04   0.0353673          36    4    2    5
-          Current Progress:  14 % - Assembling sparsity pattern
Memory: 960/1030 1010/1087
-          Current Progress:  14 % - Assembling matrices
Memory: 922/1030 969/1087
-          Current Progress:  14 % - Matrix factorization
Memory: 919/1030 976/1087
-          Current Progress:  14 % - Assembling matrices
Memory: 927/1030 974/1087
   3         1.7     1.6e+06   0.1876817         4.9    5    3    7
---        Current Progress:  33 % - Assembling matrices
Memory: 925/1030 971/1087
---        Current Progress:  33 % - Matrix factorization
Memory: 900/1030 976/1087
---        Current Progress:  33 % - Solving linear system
Memory: 928/1030 975/1087
   4        0.95     1.2e+06   0.2243124         1.2    7    4   10
---        Current Progress:  33 % - Matrix factorization
Memory: 891/1030 931/1087
---        Current Progress:  33 % - Solving linear system
Memory: 928/1030 975/1087
   5        0.59     7.9e+05   0.3569261        0.91    9    5   13
---        Current Progress:  33 % - Matrix factorization
Memory: 887/1030 917/1087
---        Current Progress:  33 % - Solving linear system
Memory: 928/1030 975/1087
   6        0.14     1.2e+05   1.0000000        0.69   10    6   15
---        Current Progress:  38 % - Assembling matrices
Memory: 925/1030 971/1087
---        Current Progress:  38 % - Matrix factorization
Memory: 917/1030 976/1087
---        Current Progress:  38 % - Assembling matrices
Memory: 927/1030 974/1087
   7     0.00078     5.8e+02   1.0000000       0.099   11    7   17
----       Current Progress:  46 % - Assembling matrices
Memory: 925/1030 971/1087
----       Current Progress:  46 % - Matrix factorization
Memory: 908/1030 976/1087
----       Current Progress:  46 % - Solving linear system
Memory: 927/1030 974/1087
   8     4.1e-07       0.046   1.0000000     0.00074   13    8   19
-----      Current Progress:  50 % - Constraint handling
Memory: 833/1030 862/1087
Solution time: 9 s.
Physical memory: 963 MB
Virtual memory: 1014 MB
Ended at Oct 1, 2026, 2:59:21 AM.
----- Stationary Solver 1 in Study 1/Solution 1 (sol1) ------------------------>
<---- Compile Equations: Stationary in Study 1/Solution 1 (sol1) ---------------
Started at Oct 1, 2026, 2:59:21 AM.
Geometry shape function: Linear Lagrange
-----      Current Progress:  52 % - Compile Equations: Stationary
Memory: 851/1030 881/1087
-----      Current Progress:  52 % - Creating visualization mesh
Time: 1 s.
Physical memory: 851 MB
Virtual memory: 882 MB
Ended at Oct 1, 2026, 2:59:22 AM.
----- Compile Equations: Stationary in Study 1/Solution 1 (sol1) -------------->
<---- Dependent Variables 2 in Study 1/Solution 1 (sol1) -----------------------
Started at Oct 1, 2026, 2:59:22 AM.
Initial values of variables solved for: Solution 1 (sol1), Solution Store 1 (sol2).
Values of variables not solved for: Solution 1 (sol1).
-----      Current Progress:  52 % - Dependent Variables 2
Memory: 856/1030 887/1087
Solution time: 0 s.
Physical memory: 856 MB
Virtual memory: 887 MB
Ended at Oct 1, 2026, 2:59:22 AM.
----- Dependent Variables 2 in Study 1/Solution 1 (sol1) ---------------------->
<---- Stationary Solver 2 in Study 1/Solution 1 (sol1) -------------------------
Started at Oct 1, 2026, 2:59:22 AM.
Nonlinear solver
Number of degrees of freedom solved for: 138873.
-----      Current Progress:  55 % - Assembling matrices
Memory: 871/1030 902/1087
-----      Current Progress:  55 % - Assembling sparsity pattern
Memory: 875/1030 906/1087
-----      Current Progress:  55 % - Assembling matrices
Memory: 903/1030 934/1087
Nonsymmetric matrix found.
Scales for dependent variables:
Electron solution variable (comp1.Ne): 3e+25
Hole solution variable (comp1.Ph): 2e+29
Electric potential (comp1.V): 2.8e+19
Orthonormal null-space function used.
-----      Current Progress:  55 % - Matrix factorization
Memory: 951/1030 996/1087
Iter      SolEst      ResEst     Damping    Stepsize #Res #Jac #Sol
-----      Current Progress:  55 % - Solving linear system
Memory: 1013/1030 1067/1087
   1         3.6     9.1e+04   0.1000000         4.3    2    1    2
-----      Current Progress:  59 % - Solving linear system
Memory: 1010/1030 1064/1087
-----      Current Progress:  59 % - Assembling sparsity pattern
Memory: 999/1030 1053/1087
-----      Current Progress:  59 % - Assembling matrices
Memory: 1017/1035 1071/1090
-----      Current Progress:  59 % - Constraint handling
Memory: 1016/1035 1073/1090
-----      Current Progress:  59 % - Matrix factorization
Memory: 1002/1035 1075/1090
-----      Current Progress:  59 % - Assembling matrices
Memory: 1017/1035 1071/1090
   2        0.26     8.5e+04   0.1000000        0.28    4    2    5
------     Current Progress:  64 % - Assembling sparsity pattern
Memory: 997/1035 1051/1090
------     Current Progress:  64 % - Assembling matrices
Memory: 988/1035 1041/1090
------     Current Progress:  64 % - Matrix factorization
Memory: 935/1035 1045/1090
------     Current Progress:  64 % - Solving linear system
Memory: 989/1035 1041/1090
   3        0.43     8.9e+04   0.0504297        0.46    5    3    7
------     Current Progress:  64 % - Assembling matrices
Memory: 988/1035 1041/1090
------     Current Progress:  64 % - Matrix factorization
Memory: 968/1035 1045/1090
------     Current Progress:  64 % - Assembling matrices
Memory: 990/1035 1042/1090
   4        0.47       9e+04   0.0331764        0.49    7    4   10
------     Current Progress:  64 % - Matrix factorization
Memory: 936/1035 1045/1090
------     Current Progress:  64 % - Solving linear system
Memory: 989/1035 1041/1090
   5        0.49     9.1e+04   0.0331764        0.51    9    5   13
------     Current Progress:  64 % - Assembling matrices
Memory: 988/1035 1041/1090
------     Current Progress:  64 % - Matrix factorization
Memory: 913/1035 944/1090
------     Current Progress:  64 % - Assembling matrices
Memory: 990/1035 1042/1090
   6         0.5     9.1e+04   0.0331764        0.52   11    6   16
------     Current Progress:  64 % - Matrix factorization
Memory: 941/1035 1045/1090
------     Current Progress:  64 % - Solving linear system
Memory: 989/1035 1041/1090
------     Current Progress:  64 % - Assembling matrices
Memory: 990/1035 1042/1090
   7        0.51     9.2e+04   0.0331764        0.53   13    7   19
------     Current Progress:  64 % - Matrix factorization
Memory: 970/1035 1045/1090
------     Current Progress:  64 % - Assembling matrices
Memory: 990/1035 1042/1090
   8        0.51     9.3e+04   0.0331764        0.53   15    8   22
------     Current Progress:  64 % - Matrix factorization
Memory: 929/1035 1045/1090
------     Current Progress:  64 % - Solving linear system
Memory: 989/1035 1041/1090
   9        0.52     9.3e+04   0.0331764        0.53   17    9   25
------     Current Progress:  64 % - Assembling matrices
Memory: 988/1035 1041/1090
------     Current Progress:  64 % - Matrix factorization
Memory: 963/1035 1045/1090
------     Current Progress:  64 % - Assembling matrices
Memory: 990/1035 1042/1090
  10        0.78     4.4e+05   0.3317638         6.1   18   10   27
------     Current Progress:  64 % - Matrix factorization
Memory: 921/1035 1045/1090
------     Current Progress:  64 % - Solving linear system
Memory: 990/1035 1042/1090
  11        0.97       4e+05   0.1747290         1.3   19   11   29
------     Current Progress:  64 % - Assembling matrices
Memory: 988/1035 1041/1090
------     Current Progress:  64 % - Matrix factorization
Memory: 949/1035 1045/1090
------     Current Progress:  64 % - Assembling matrices
Memory: 990/1035 1042/1090
  12        0.27     3.7e+05   0.1000000         0.3   21   12   32
---------  Current Progress:  92 % - Assembling matrices
Memory: 988/1035 1041/1090
---------  Current Progress:  92 % - Matrix factorization
Memory: 921/1035 1015/1090
---------  Current Progress:  92 % - Assembling matrices
Memory: 990/1035 1042/1090
  13       0.066     3.4e+05   0.4503491        0.13   22   13   34
---------  Current Progress:  93 % - Assembling matrices
Memory: 988/1035 1041/1090
---------  Current Progress:  93 % - Matrix factorization
Memory: 941/1035 1045/1090
---------  Current Progress:  93 % - Assembling matrices
Memory: 987/1035 1039/1090
  14        0.23     3.1e+05   0.0893120        0.26   23   14   36
---------  Current Progress:  93 % - Matrix factorization
Memory: 913/1035 944/1090
---------  Current Progress:  93 % - Assembling matrices
Memory: 990/1035 1042/1090
  15        0.24     1.5e+05   0.8931200        0.58   24   15   38
---------  Current Progress:  93 % - Matrix factorization
Memory: 937/1035 1045/1090
---------  Current Progress:  93 % - Solving linear system
Memory: 989/1035 1041/1090
  16       0.031     9.1e+03   1.0000000        0.29   25   16   40
---------  Current Progress:  95 % - Assembling matrices
Memory: 988/1035 1041/1090
---------  Current Progress:  95 % - Matrix factorization
Memory: 969/1035 1045/1090
---------  Current Progress:  95 % - Assembling matrices
Memory: 990/1035 1042/1090
  17     0.00018          22   1.0000000       0.033   26   17   42
---------  Current Progress:  98 % - Assembling matrices
Memory: 988/1035 1041/1090
---------  Current Progress:  98 % - Matrix factorization
Memory: 955/1035 1045/1090
---------  Current Progress:  98 % - Assembling matrices
Memory: 990/1035 1042/1090
  18     4.2e-09       2e-05   1.0000000     0.00021   28   18   44
---------- Current Progress: 100 % - Constraint handling
Memory: 789/1035 820/1090
Solution time: 27 s.
Physical memory: 1.02 GB
Virtual memory: 1.08 GB
Ended at Oct 1, 2026, 2:59:48 AM.
----- Stationary Solver 2 in Study 1/Solution 1 (sol1) ------------------------>
VD=0.20 VG=  68.00 ID=3.7798e-06 A
<---- Compile Equations: Semiconductor Equilibrium in Study 1/Solution 1 (sol1) -
Started at Oct 1, 2026, 2:59:50 AM.
Geometry shape function: Linear Lagrange
Running on 11th Gen Intel(R) Core(TM) i7-1165G7 at 2.80 GHz.
Using 1 socket with 4 cores in total on WIN-FNSSP1NOF49.
Available memory: 7.97 GB.
           Current Progress:   3 % - Compile Equations: Semiconductor Equilibrium
Memory: 861/1035 893/1090
           Current Progress:   3 % - Creating visualization mesh
Time: 1 s.
Physical memory: 861 MB
Virtual memory: 893 MB
Ended at Oct 1, 2026, 2:59:51 AM.
----- Compile Equations: Semiconductor Equilibrium in Study 1/Solution 1 (sol1) >
<---- Dependent Variables 1 in Study 1/Solution 1 (sol1) -----------------------
Started at Oct 1, 2026, 2:59:51 AM.
           Current Progress:   3 % - Dependent Variables 1
Memory: 866/1035 897/1090
Solution time: 0 s.
Physical memory: 866 MB
Virtual memory: 897 MB
Ended at Oct 1, 2026, 2:59:51 AM.
----- Dependent Variables 1 in Study 1/Solution 1 (sol1) ---------------------->
<---- Stationary Solver 1 in Study 1/Solution 1 (sol1) -------------------------
Started at Oct 1, 2026, 2:59:51 AM.
Nonlinear solver
Number of degrees of freedom solved for: 138873.
           Current Progress:   5 % - Assembling sparsity pattern
Memory: 882/1035 914/1090
Nonsymmetric matrix found.
Scales for dependent variables:
Electron solution variable (comp1.Ne): 1e+23
Hole solution variable (comp1.Ph): 2.7e+26
Electric potential (comp1.V): 1.7e+21
Orthonormal null-space function used.
           Current Progress:   5 % - Matrix factorization
Memory: 911/1035 956/1090
Iter      SolEst      ResEst     Damping    Stepsize #Res #Jac #Sol
           Current Progress:   5 % - Assembling matrices
Memory: 961/1035 1010/1090
   1         5.5     5.8e+18   0.1000000          17    2    1    2
           Current Progress:   9 % - Assembling sparsity pattern
Memory: 950/1035 999/1090
           Current Progress:   9 % - Assembling matrices
Memory: 961/1035 1010/1090
           Current Progress:   9 % - Matrix factorization
Memory: 959/1035 1015/1090
           Current Progress:   9 % - Solving linear system
Memory: 960/1035 1012/1090
   2         1.8     2.8e+03   0.2476292         2.5    3    2    4
-          Current Progress:  14 % - Assembling sparsity pattern
Memory: 952/1035 1001/1090
-          Current Progress:  14 % - Matrix factorization
Memory: 934/1035 1014/1090
-          Current Progress:  14 % - Assembling matrices
Memory: 928/1035 976/1090
-          Current Progress:  14 % - Solving linear system
Memory: 929/1035 977/1090
   3         1.6       2e+03   0.3259445         2.3    5    3    7
--         Current Progress:  21 % - Assembling matrices
Memory: 926/1035 973/1090
--         Current Progress:  21 % - Matrix factorization
Memory: 919/1035 978/1090
--         Current Progress:  21 % - Assembling matrices
Memory: 928/1035 975/1090
   4        0.22       3e+03   1.0000000         4.2    6    4    9
---        Current Progress:  35 % - Assembling matrices
Memory: 926/1035 973/1090
---        Current Progress:  35 % - Matrix factorization
Memory: 909/1035 978/1090
---        Current Progress:  35 % - Solving linear system
Memory: 928/1035 976/1090
   5      0.0033          16   1.0000000        0.16    7    5   11
----       Current Progress:  43 % - Matrix factorization
Memory: 903/1035 978/1090
----       Current Progress:  43 % - Solving linear system
Memory: 928/1035 976/1090
   6     5.7e-06       0.033   1.0000000      0.0035    8    6   13
----       Current Progress:  49 % - Matrix factorization
Memory: 891/1035 933/1090
----       Current Progress:  49 % - Solving linear system
Memory: 929/1035 977/1090
   7     2.6e-10     1.6e-09   1.0000000     5.3e-06   10    7   15
-----      Current Progress:  50 % - Constraint handling
Memory: 839/1035 869/1090
Solution time: 8 s.
Physical memory: 961 MB
Virtual memory: 1015 MB
Ended at Oct 1, 2026, 2:59:58 AM.
----- Stationary Solver 1 in Study 1/Solution 1 (sol1) ------------------------>
<---- Compile Equations: Stationary in Study 1/Solution 1 (sol1) ---------------
Started at Oct 1, 2026, 2:59:58 AM.
Geometry shape function: Linear Lagrange
-----      Current Progress:  52 % - Compile Equations: Stationary
Memory: 857/1035 888/1090
-----      Current Progress:  52 % - Creating visualization mesh
Time: 1 s.
Physical memory: 857 MB
Virtual memory: 888 MB
Ended at Oct 1, 2026, 2:59:59 AM.
----- Compile Equations: Stationary in Study 1/Solution 1 (sol1) -------------->
<---- Dependent Variables 2 in Study 1/Solution 1 (sol1) -----------------------
Started at Oct 1, 2026, 3:00:00 AM.
Initial values of variables solved for: Solution 1 (sol1), Solution Store 1 (sol2).
Values of variables not solved for: Solution 1 (sol1).
-----      Current Progress:  52 % - Dependent Variables 2
Memory: 858/1035 889/1090
Solution time: 0 s.
Physical memory: 858 MB
Virtual memory: 889 MB
Ended at Oct 1, 2026, 3:00:00 AM.
----- Dependent Variables 2 in Study 1/Solution 1 (sol1) ---------------------->
<---- Stationary Solver 2 in Study 1/Solution 1 (sol1) -------------------------
Started at Oct 1, 2026, 3:00:00 AM.
Nonlinear solver
Number of degrees of freedom solved for: 138873.
-----      Current Progress:  55 % - Assembling matrices
Memory: 873/1035 904/1090
-----      Current Progress:  55 % - Assembling sparsity pattern
Memory: 872/1035 903/1090
-----      Current Progress:  55 % - Assembling matrices
Memory: 903/1035 935/1090
Nonsymmetric matrix found.
Scales for dependent variables:
Electron solution variable (comp1.Ne): 2.8e+25
Hole solution variable (comp1.Ph): 1.9e+29
Electric potential (comp1.V): 2.6e+19
Orthonormal null-space function used.
-----      Current Progress:  55 % - Matrix factorization
Memory: 951/1035 996/1090
Iter      SolEst      ResEst     Damping    Stepsize #Res #Jac #Sol
-----      Current Progress:  55 % - Assembling matrices
Memory: 1014/1035 1068/1090
   1         3.6     8.8e+04   0.1000000         4.3    2    1    2
-----      Current Progress:  59 % - Assembling sparsity pattern
Memory: 1001/1035 1056/1090
-----      Current Progress:  59 % - Assembling matrices
Memory: 1016/1035 1070/1090
-----      Current Progress:  59 % - Matrix factorization
Memory: 956/1035 1074/1090
-----      Current Progress:  59 % - Solving linear system
Memory: 1016/1035 1070/1090
   2        0.27     8.2e+04   0.1000000         0.3    4    2    5
------     Current Progress:  64 % - Assembling sparsity pattern
Memory: 999/1035 1053/1090
------     Current Progress:  64 % - Assembling matrices
Memory: 1015/1035 1069/1090
------     Current Progress:  64 % - Matrix factorization
Memory: 985/1035 1073/1090
------     Current Progress:  64 % - Assembling matrices
Memory: 1016/1035 1070/1090
   3        0.47     8.5e+04   0.0499413         0.5    5    3    7
------     Current Progress:  64 % - Matrix factorization
Memory: 991/1035 1073/1090
------     Current Progress:  64 % - Assembling matrices
Memory: 1016/1035 1070/1090
   4        0.51     8.6e+04   0.0358703        0.53    7    4   10
------     Current Progress:  64 % - Matrix factorization
Memory: 1009/1035 1063/1090
------     Current Progress:  64 % - Assembling matrices
Memory: 1016/1035 1070/1090
   5        0.53     8.7e+04   0.0358703        0.55    9    5   13
------     Current Progress:  64 % - Matrix factorization
Memory: 956/1035 1073/1090
------     Current Progress:  64 % - Solving linear system
Memory: 1015/1035 1069/1090
   6        0.54     8.8e+04   0.0358703        0.56   11    6   16
------     Current Progress:  64 % - Assembling matrices
------     Current Progress:  64 % - Matrix factorization
Memory: 988/1035 1073/1090
------     Current Progress:  64 % - Assembling matrices
Memory: 1016/1035 1070/1090
   7        0.54     8.9e+04   0.0358703        0.56   13    7   19
------     Current Progress:  64 % - Matrix factorization
Memory: 948/1035 1043/1090
------     Current Progress:  64 % - Assembling matrices
Memory: 1016/1035 1070/1090
------     Current Progress:  64 % - Solving linear system
   8        0.54       9e+04   0.0358703        0.56   15    8   22
-------    Current Progress:  72 % - Assembling matrices
Memory: 1015/1035 1069/1090
-------    Current Progress:  72 % - Matrix factorization
Memory: 966/1035 1073/1090
-------    Current Progress:  72 % - Solving linear system
Memory: 1015/1035 1069/1090
   9        0.54     9.1e+04   0.0358703        0.56   17    9   25
-------    Current Progress:  76 % - Solving linear system
Memory: 1006/1035 1065/1090
-------    Current Progress:  76 % - Assembling matrices
Memory: 1015/1035 1069/1090
-------    Current Progress:  76 % - Matrix factorization
Memory: 991/1035 1073/1090
-------    Current Progress:  76 % - Assembling matrices
Memory: 1016/1035 1070/1090
  10        0.54     9.1e+04   0.0358703        0.56   19   10   28
-------    Current Progress:  78 % - Assembling matrices
Memory: 1015/1035 1069/1090
-------    Current Progress:  78 % - Matrix factorization
Memory: 949/1035 1073/1090
-------    Current Progress:  78 % - Solving linear system
Memory: 1016/1035 1070/1090
  11        0.53     9.2e+04   0.0358703        0.55   21   11   31
-------    Current Progress:  79 % - Assembling matrices
Memory: 1015/1035 1069/1090
-------    Current Progress:  79 % - Matrix factorization
Memory: 953/1035 1073/1090
-------    Current Progress:  79 % - Assembling matrices
Memory: 1016/1035 1070/1090
  12        0.97     4.4e+05   0.3587029         4.9   22   12   33
-------    Current Progress:  79 % - Matrix factorization
Memory: 947/1035 1043/1090
-------    Current Progress:  79 % - Assembling matrices
Memory: 1016/1035 1070/1090
  13        0.43     3.9e+05   0.2891206        0.92   23   13   35
---------  Current Progress:  91 % - Assembling matrices
Memory: 1015/1035 1069/1090
---------  Current Progress:  91 % - Matrix factorization
Memory: 965/1035 1073/1090
---------  Current Progress:  91 % - Solving linear system
Memory: 1015/1035 1069/1090
  14        0.15     3.3e+05   0.1907633        0.19   25   14   38
---------  Current Progress:  93 % - Assembling matrices
---------  Current Progress:  93 % - Matrix factorization
Memory: 990/1035 1073/1090
---------  Current Progress:  93 % - Assembling matrices
Memory: 1016/1035 1070/1090
  15         1.1     3.1e+05   1.0000000         1.1   26   15   40
---------  Current Progress:  93 % - Matrix factorization
Memory: 940/1035 972/1090
---------  Current Progress:  93 % - Assembling matrices
Memory: 1016/1035 1070/1090
  16       0.011     5.9e+03   1.0000000        0.36   27   16   42
---------  Current Progress:  97 % - Assembling matrices
Memory: 1015/1035 1069/1090
---------  Current Progress:  97 % - Matrix factorization
Memory: 953/1035 1073/1090
---------  Current Progress:  97 % - Solving linear system
Memory: 1016/1035 1070/1090
  17     0.00013          58   1.0000000       0.011   28   17   44
---------  Current Progress:  98 % - Assembling matrices
Memory: 1015/1035 1069/1090
---------  Current Progress:  98 % - Matrix factorization
Memory: 965/1035 1073/1090
---------  Current Progress:  98 % - Solving linear system
Memory: 1015/1035 1069/1090
  18     1.3e-09       2e-05   1.0000000     0.00016   30   18   46
---------- Current Progress: 100 % - Constraint handling
Memory: 872/1035 904/1090
Solution time: 28 s.
Physical memory: 1.02 GB
Virtual memory: 1.07 GB
Ended at Oct 1, 2026, 3:00:27 AM.
----- Stationary Solver 2 in Study 1/Solution 1 (sol1) ------------------------>
VD=0.20 VG=  64.00 ID=3.6539e-06 A
<---- Compile Equations: Semiconductor Equilibrium in Study 1/Solution 1 (sol1) -
Started at Oct 1, 2026, 3:00:28 AM.
Geometry shape function: Linear Lagrange
Running on 11th Gen Intel(R) Core(TM) i7-1165G7 at 2.80 GHz.
Using 1 socket with 4 cores in total on WIN-FNSSP1NOF49.
Available memory: 7.97 GB.
           Current Progress:   3 % - Compile Equations: Semiconductor Equilibrium
Memory: 863/1035 895/1090
           Current Progress:   3 % - Creating visualization mesh
Time: 1 s.
Physical memory: 863 MB
Virtual memory: 895 MB
Ended at Oct 1, 2026, 3:00:29 AM.
----- Compile Equations: Semiconductor Equilibrium in Study 1/Solution 1 (sol1) >
<---- Dependent Variables 1 in Study 1/Solution 1 (sol1) -----------------------
Started at Oct 1, 2026, 3:00:29 AM.
           Current Progress:   3 % - Dependent Variables 1
Memory: 867/1035 900/1090
Solution time: 0 s.
Physical memory: 867 MB
Virtual memory: 900 MB
Ended at Oct 1, 2026, 3:00:29 AM.
----- Dependent Variables 1 in Study 1/Solution 1 (sol1) ---------------------->
<---- Stationary Solver 1 in Study 1/Solution 1 (sol1) -------------------------
Started at Oct 1, 2026, 3:00:29 AM.
Nonlinear solver
Number of degrees of freedom solved for: 138873.
           Current Progress:   5 % - Assembling sparsity pattern
Memory: 884/1035 916/1090
Nonsymmetric matrix found.
Scales for dependent variables:
Electron solution variable (comp1.Ne): 1e+23
Hole solution variable (comp1.Ph): 2.7e+26
Electric potential (comp1.V): 1.7e+21
Orthonormal null-space function used.
           Current Progress:   5 % - Matrix factorization
Memory: 909/1035 953/1090
Iter      SolEst      ResEst     Damping    Stepsize #Res #Jac #Sol
           Current Progress:   5 % - Assembling matrices
Memory: 963/1035 1012/1090
   1         6.8     4.3e+18   0.1000000          19    2    1    2
           Current Progress:   9 % - Assembling sparsity pattern
Memory: 951/1035 1001/1090
           Current Progress:   9 % - Assembling matrices
Memory: 963/1035 1013/1090
           Current Progress:   9 % - Matrix factorization
Memory: 957/1035 1017/1090
           Current Progress:   9 % - Assembling matrices
Memory: 965/1035 1014/1090
   2         2.1     2.8e+03   0.2882126           3    3    2    4
-          Current Progress:  14 % - Assembling sparsity pattern
Memory: 954/1035 1004/1090
-          Current Progress:  14 % - Matrix factorization
Memory: 934/1035 1016/1090
-          Current Progress:  14 % - Solving linear system
Memory: 930/1035 978/1090
-          Current Progress:  14 % - Assembling matrices
   3         1.3     1.8e+03   0.4027801         2.2    5    3    7
--         Current Progress:  24 % - Assembling matrices
Memory: 928/1035 975/1090
--         Current Progress:  24 % - Matrix factorization
Memory: 911/1035 979/1090
--         Current Progress:  24 % - Solving linear system
Memory: 929/1035 977/1090
   4        0.15     2.9e+03   1.0000000         3.3    6    4    9
---        Current Progress:  36 % - Assembling matrices
Memory: 927/1035 974/1090
---        Current Progress:  36 % - Matrix factorization
Memory: 915/1035 979/1090
---        Current Progress:  36 % - Solving linear system
Memory: 930/1035 977/1090
   5      0.0011         7.4   1.0000000        0.12    7    5   11
----       Current Progress:  44 % - Assembling matrices
Memory: 927/1035 974/1090
----       Current Progress:  44 % - Matrix factorization
Memory: 906/1035 979/1090
----       Current Progress:  44 % - Solving linear system
Memory: 930/1035 977/1090
   6     5.2e-07     1.1e-05   1.0000000      0.0011    9    6   13
-----      Current Progress:  50 % - Constraint handling
Memory: 841/1035 871/1090
Solution time: 7 s.
Physical memory: 965 MB
Virtual memory: 1017 MB
Ended at Oct 1, 2026, 3:00:36 AM.
----- Stationary Solver 1 in Study 1/Solution 1 (sol1) ------------------------>
<---- Compile Equations: Stationary in Study 1/Solution 1 (sol1) ---------------
Started at Oct 1, 2026, 3:00:36 AM.
Geometry shape function: Linear Lagrange
-----      Current Progress:  52 % - Compile Equations: Stationary
Memory: 877/1035 908/1090
-----      Current Progress:  52 % - Creating visualization mesh
Memory: 858/1035 889/1090
Time: 1 s.
Physical memory: 877 MB
Virtual memory: 908 MB
Ended at Oct 1, 2026, 3:00:37 AM.
----- Compile Equations: Stationary in Study 1/Solution 1 (sol1) -------------->
<---- Dependent Variables 2 in Study 1/Solution 1 (sol1) -----------------------
Started at Oct 1, 2026, 3:00:37 AM.
Initial values of variables solved for: Solution 1 (sol1), Solution Store 1 (sol2).
Values of variables not solved for: Solution 1 (sol1).
-----      Current Progress:  52 % - Dependent Variables 2
Memory: 864/1035 895/1090
Solution time: 0 s.
Physical memory: 864 MB
Virtual memory: 895 MB
Ended at Oct 1, 2026, 3:00:38 AM.
----- Dependent Variables 2 in Study 1/Solution 1 (sol1) ---------------------->
<---- Stationary Solver 2 in Study 1/Solution 1 (sol1) -------------------------
Started at Oct 1, 2026, 3:00:38 AM.
Nonlinear solver
Number of degrees of freedom solved for: 138873.
-----      Current Progress:  55 % - Assembling matrices
Memory: 878/1035 909/1090
-----      Current Progress:  55 % - Assembling sparsity pattern
Memory: 879/1035 910/1090
-----      Current Progress:  55 % - Assembling matrices
Memory: 908/1035 939/1090
Nonsymmetric matrix found.
Scales for dependent variables:
Electron solution variable (comp1.Ne): 2.6e+25
Hole solution variable (comp1.Ph): 1.7e+29
Electric potential (comp1.V): 2.4e+19
Orthonormal null-space function used.
-----      Current Progress:  55 % - Matrix factorization
Memory: 962/1035 1009/1090
Iter      SolEst      ResEst     Damping    Stepsize #Res #Jac #Sol
-----      Current Progress:  55 % - Solving linear system
Memory: 1020/1035 1074/1090
   1         3.6     8.5e+04   0.1000000         4.4    2    1    2
-----      Current Progress:  59 % - Assembling sparsity pattern
Memory: 1005/1035 1058/1090
-----      Current Progress:  59 % - Assembling matrices
Memory: 1023/1039 1077/1098
-----      Current Progress:  59 % - Matrix factorization
Memory: 950/1039 1051/1098
-----      Current Progress:  59 % - Solving linear system
Memory: 994/1039 1046/1098
   2        0.28     7.8e+04   0.1000000        0.31    4    2    5
------     Current Progress:  64 % - Solving linear system
Memory: 971/1039 1024/1098
------     Current Progress:  64 % - Assembling sparsity pattern
Memory: 976/1039 1029/1098
------     Current Progress:  64 % - Assembling matrices
Memory: 993/1039 1046/1098
------     Current Progress:  64 % - Matrix factorization
Memory: 944/1039 1050/1098
------     Current Progress:  64 % - Solving linear system
Memory: 994/1039 1046/1098
   3        0.51     8.1e+04   0.0498034        0.53    5    3    7
------     Current Progress:  64 % - Assembling matrices
Memory: 993/1039 1046/1098
------     Current Progress:  64 % - Matrix factorization
Memory: 953/1039 1050/1098
------     Current Progress:  64 % - Solving linear system
Memory: 994/1039 1046/1098
------     Current Progress:  64 % - Assembling matrices
Memory: 995/1039 1047/1098
   4        0.55     8.2e+04   0.0382057        0.57    7    4   10
------     Current Progress:  64 % - Matrix factorization
Memory: 963/1039 1050/1098
------     Current Progress:  64 % - Assembling matrices
Memory: 995/1039 1047/1098
   5        0.57     8.3e+04   0.0382057        0.59    9    5   13
------     Current Progress:  64 % - Constraint handling
Memory: 995/1039 1056/1098
------     Current Progress:  64 % - Matrix factorization
Memory: 977/1039 1050/1098
------     Current Progress:  64 % - Assembling matrices
Memory: 995/1039 1047/1098
   6        0.58     8.4e+04   0.0382057         0.6   11    6   16
------     Current Progress:  64 % - Matrix factorization
Memory: 918/1039 949/1098
------     Current Progress:  64 % - Assembling matrices
Memory: 995/1039 1047/1098
------     Current Progress:  64 % - Solving linear system
   7        0.58     8.5e+04   0.0382057         0.6   13    7   19
------     Current Progress:  67 % - Solving linear system
Memory: 987/1039 1040/1098
------     Current Progress:  67 % - Assembling matrices
Memory: 993/1039 1046/1098
------     Current Progress:  67 % - Matrix factorization
Memory: 957/1039 1050/1098
------     Current Progress:  67 % - Assembling matrices
Memory: 995/1039 1047/1098
   8        0.57     8.6e+04   0.0382057         0.6   15    8   22
-------    Current Progress:  75 % - Assembling matrices
Memory: 993/1039 1046/1098
-------    Current Progress:  75 % - Constraint handling
Memory: 987/1039 1040/1098
-------    Current Progress:  75 % - Matrix factorization
Memory: 980/1039 1050/1098
-------    Current Progress:  75 % - Assembling matrices
Memory: 995/1039 1047/1098
   9        0.57     8.7e+04   0.0382057        0.59   17    9   25
-------    Current Progress:  77 % - Assembling matrices
Memory: 993/1039 1046/1098
-------    Current Progress:  77 % - Matrix factorization
Memory: 937/1039 1050/1098
-------    Current Progress:  77 % - Solving linear system
Memory: 994/1039 1046/1098
  10        0.56     8.8e+04   0.0382057        0.58   19   10   28
-------    Current Progress:  79 % - Assembling matrices
Memory: 993/1039 1046/1098
-------    Current Progress:  79 % - Matrix factorization
Memory: 954/1039 1050/1098
-------    Current Progress:  79 % - Assembling matrices
Memory: 995/1039 1047/1098
-------    Current Progress:  79 % - Solving linear system
  11        0.55     8.8e+04   0.0382057        0.57   21   11   31
--------   Current Progress:  80 % - Assembling matrices
Memory: 993/1039 1046/1098
--------   Current Progress:  80 % - Matrix factorization
Memory: 953/1039 1050/1098
--------   Current Progress:  80 % - Solving linear system
Memory: 994/1039 1046/1098
--------   Current Progress:  80 % - Assembling matrices
Memory: 995/1039 1047/1098
  12        0.54     8.9e+04   0.0390826        0.57   23   12   34
--------   Current Progress:  81 % - Assembling matrices
Memory: 993/1039 1046/1098
--------   Current Progress:  81 % - Matrix factorization
Memory: 975/1039 1050/1098
--------   Current Progress:  81 % - Assembling matrices
Memory: 995/1039 1047/1098
  13        0.54     8.9e+04   0.0423785        0.56   25   13   37
--------   Current Progress:  82 % - Assembling matrices
Memory: 993/1039 1046/1098
--------   Current Progress:  82 % - Matrix factorization
Memory: 919/1039 949/1098
--------   Current Progress:  82 % - Assembling matrices
Memory: 995/1039 1047/1098
  14        0.53       9e+04   0.0423785        0.55   27   14   40
--------   Current Progress:  83 % - Assembling matrices
Memory: 993/1039 1046/1098
--------   Current Progress:  83 % - Matrix factorization
Memory: 927/1039 1050/1098
--------   Current Progress:  83 % - Solving linear system
Memory: 995/1039 1047/1098
  15        0.52       9e+04   0.0477475        0.55   29   15   43
--------   Current Progress:  83 % - Assembling matrices
Memory: 993/1039 1046/1098
--------   Current Progress:  83 % - Matrix factorization
Memory: 942/1039 1050/1098
--------   Current Progress:  83 % - Solving linear system
Memory: 994/1039 1046/1098
  16        0.51       9e+04   0.0477475        0.53   31   16   46
--------   Current Progress:  85 % - Solving linear system
Memory: 987/1039 1040/1098
--------   Current Progress:  85 % - Assembling matrices
Memory: 993/1039 1046/1098
--------   Current Progress:  85 % - Matrix factorization
Memory: 948/1039 1050/1098
--------   Current Progress:  85 % - Solving linear system
Memory: 994/1039 1046/1098
--------   Current Progress:  85 % - Assembling matrices
Memory: 995/1039 1047/1098
  17        0.49       9e+04   0.0519162        0.52   33   17   49
--------   Current Progress:  85 % - Matrix factorization
Memory: 919/1039 949/1098
--------   Current Progress:  85 % - Assembling matrices
Memory: 995/1039 1047/1098
  18        0.48       9e+04   0.0524871        0.51   35   18   52
--------   Current Progress:  86 % - Assembling matrices
Memory: 994/1039 1046/1098
--------   Current Progress:  86 % - Matrix factorization
Memory: 926/1039 1020/1098
--------   Current Progress:  86 % - Assembling matrices
Memory: 995/1039 1047/1098
--------   Current Progress:  86 % - Solving linear system
  19        0.46       9e+04   0.0601248        0.49   37   19   55
--------   Current Progress:  87 % - Assembling matrices
Memory: 993/1039 1046/1098
--------   Current Progress:  87 % - Matrix factorization
Memory: 941/1039 1050/1098
--------   Current Progress:  87 % - Solving linear system
Memory: 994/1039 1046/1098
  20        0.44     8.9e+04   0.0601248        0.47   39   20   58
--------   Current Progress:  88 % - Solving linear system
Memory: 987/1039 1040/1098
--------   Current Progress:  88 % - Assembling matrices
Memory: 994/1039 1046/1098
--------   Current Progress:  88 % - Matrix factorization
Memory: 958/1039 1050/1098
--------   Current Progress:  88 % - Assembling matrices
Memory: 991/1039 1043/1098
  21        0.41     8.8e+04   0.0670057        0.44   41   21   61
--------   Current Progress:  89 % - Solving linear system
Memory: 988/1039 1040/1098
--------   Current Progress:  89 % - Assembling matrices
Memory: 994/1039 1046/1098
--------   Current Progress:  89 % - Matrix factorization
Memory: 956/1039 1050/1098
--------   Current Progress:  89 % - Assembling matrices
Memory: 995/1039 1047/1098
  22        0.38     8.6e+04   0.0670057        0.41   43   22   64
---------  Current Progress:  90 % - Assembling matrices
Memory: 994/1039 1046/1098
---------  Current Progress:  90 % - Matrix factorization
Memory: 968/1039 1050/1098
---------  Current Progress:  90 % - Assembling matrices
Memory: 995/1039 1047/1098
  23        0.35     8.4e+04   0.0789636        0.38   45   23   67
---------  Current Progress:  90 % - Matrix factorization
Memory: 919/1039 949/1098
---------  Current Progress:  90 % - Assembling matrices
Memory: 995/1039 1047/1098
  24        0.31     8.2e+04   0.0789636        0.34   47   24   70
---------  Current Progress:  91 % - Assembling matrices
Memory: 994/1039 1046/1098
---------  Current Progress:  91 % - Matrix factorization
Memory: 926/1039 1020/1098
---------  Current Progress:  91 % - Solving linear system
Memory: 995/1039 1047/1098
  25        0.27     7.9e+04   0.0866138         0.3   49   25   73
---------  Current Progress:  92 % - Assembling matrices
Memory: 994/1039 1046/1098
---------  Current Progress:  92 % - Matrix factorization
Memory: 945/1039 1050/1098
---------  Current Progress:  92 % - Solving linear system
Memory: 994/1039 1046/1098
---------  Current Progress:  92 % - Assembling matrices
Memory: 993/1039 1045/1098
  26        0.22     7.5e+04   0.0887377        0.25   51   26   76
---------  Current Progress:  92 % - Matrix factorization
Memory: 971/1039 1050/1098
---------  Current Progress:  92 % - Assembling matrices
Memory: 995/1039 1047/1098
  27        0.18     7.2e+04   0.1082117        0.21   53   27   79
---------  Current Progress:  93 % - Assembling matrices
Memory: 994/1039 1046/1098
---------  Current Progress:  93 % - Matrix factorization
Memory: 919/1039 949/1098
---------  Current Progress:  93 % - Assembling matrices
Memory: 995/1039 1047/1098
  28        0.13     6.7e+04   0.1264677        0.15   55   28   82
---------  Current Progress:  94 % - Assembling matrices
Memory: 994/1039 1046/1098
---------  Current Progress:  94 % - Matrix factorization
Memory: 967/1039 1050/1098
---------  Current Progress:  94 % - Assembling matrices
Memory: 995/1039 1047/1098
  29       0.084     6.2e+04   0.1357207         0.1   57   29   85
---------  Current Progress:  95 % - Assembling matrices
Memory: 994/1039 1046/1098
---------  Current Progress:  95 % - Matrix factorization
Memory: 925/1039 1020/1098
---------  Current Progress:  95 % - Assembling matrices
Memory: 995/1039 1047/1098
---------  Current Progress:  95 % - Solving linear system
Memory: 993/1039 1046/1098
  30       0.048     5.7e+04   0.1305397       0.057   59   30   88
---------  Current Progress:  95 % - Assembling matrices
Memory: 994/1039 1046/1098
---------  Current Progress:  95 % - Matrix factorization
Memory: 936/1039 1050/1098
---------  Current Progress:  95 % - Solving linear system
Memory: 994/1039 1046/1098
  31       0.027       6e+04   0.5030620       0.036   60   31   90
---------  Current Progress:  96 % - Assembling matrices
---------  Current Progress:  96 % - Matrix factorization
Memory: 939/1039 1050/1098
---------  Current Progress:  96 % - Solving linear system
Memory: 994/1039 1046/1098
  32       0.056     5.1e+04   0.1672623       0.067   61   32   92
---------  Current Progress:  96 % - Assembling matrices
---------  Current Progress:  96 % - Matrix factorization
Memory: 949/1039 1050/1098
---------  Current Progress:  96 % - Solving linear system
Memory: 989/1039 1041/1098
  33       0.011     2.2e+04   1.0000000       0.054   62   33   94
---------  Current Progress:  97 % - Solving linear system
Memory: 988/1039 1040/1098
---------  Current Progress:  97 % - Assembling matrices
Memory: 994/1039 1046/1098
---------  Current Progress:  97 % - Matrix factorization
Memory: 962/1039 1050/1098
---------  Current Progress:  97 % - Assembling matrices
Memory: 995/1039 1047/1098
  34     3.2e-05          32   1.0000000       0.011   63   34   96
---------- Current Progress: 100 % - Assembling matrices
Memory: 994/1039 1046/1098
---------- Current Progress: 100 % - Matrix factorization
Memory: 971/1039 1050/1098
---------- Current Progress: 100 % - Assembling matrices
Memory: 995/1039 1047/1098
  35     1.7e-09       2e-05   1.0000000     3.4e-05   65   35   98
---------- Current Progress: 100 % - Constraint handling
Memory: 851/1039 880/1098
Solution time: 54 s.
Physical memory: 1.02 GB
Virtual memory: 1.08 GB
Ended at Oct 1, 2026, 3:01:31 AM.
----- Stationary Solver 2 in Study 1/Solution 1 (sol1) ------------------------>
VD=0.20 VG=  60.00 ID=3.5227e-06 A
<---- Compile Equations: Semiconductor Equilibrium in Study 1/Solution 1 (sol1) -
Started at Oct 1, 2026, 3:01:33 AM.
Geometry shape function: Linear Lagrange
Running on 11th Gen Intel(R) Core(TM) i7-1165G7 at 2.80 GHz.
Using 1 socket with 4 cores in total on WIN-FNSSP1NOF49.
Available memory: 7.97 GB.
           Current Progress:   3 % - Compile Equations: Semiconductor Equilibrium
Memory: 869/1039 900/1098
           Current Progress:   3 % - Creating visualization mesh
Time: 1 s.
Physical memory: 870 MB
Virtual memory: 901 MB
Ended at Oct 1, 2026, 3:01:33 AM.
----- Compile Equations: Semiconductor Equilibrium in Study 1/Solution 1 (sol1) >
<---- Dependent Variables 1 in Study 1/Solution 1 (sol1) -----------------------
Started at Oct 1, 2026, 3:01:33 AM.
           Current Progress:   3 % - Dependent Variables 1
Memory: 874/1039 905/1098
Solution time: 0 s.
Physical memory: 874 MB
Virtual memory: 905 MB
Ended at Oct 1, 2026, 3:01:33 AM.
----- Dependent Variables 1 in Study 1/Solution 1 (sol1) ---------------------->
<---- Stationary Solver 1 in Study 1/Solution 1 (sol1) -------------------------
Started at Oct 1, 2026, 3:01:33 AM.
Nonlinear solver
Number of degrees of freedom solved for: 138873.
           Current Progress:   5 % - Assembling sparsity pattern
Memory: 890/1039 920/1098
Nonsymmetric matrix found.
Scales for dependent variables:
Electron solution variable (comp1.Ne): 1e+23
Hole solution variable (comp1.Ph): 2.7e+26
Electric potential (comp1.V): 1.7e+21
Orthonormal null-space function used.
           Current Progress:   5 % - Matrix factorization
Memory: 918/1039 963/1098
Iter      SolEst      ResEst     Damping    Stepsize #Res #Jac #Sol
           Current Progress:   5 % - Solving linear system
Memory: 966/1039 1015/1098
   1         9.8     3.2e+18   0.1000000          24    2    1    2
           Current Progress:   9 % - Solving linear system
Memory: 962/1039 1010/1098
           Current Progress:   9 % - Assembling matrices
Memory: 967/1039 1015/1098
           Current Progress:   9 % - Matrix factorization
Memory: 959/1039 1020/1098
           Current Progress:   9 % - Assembling matrices
Memory: 968/1039 1017/1098
   2           2     3.3e+03   0.3954539         3.7    3    2    4
-          Current Progress:  14 % - Assembling sparsity pattern
Memory: 953/1039 1001/1098
-          Current Progress:  14 % - Assembling matrices
Memory: 967/1039 1016/1098
-          Current Progress:  14 % - Matrix factorization
Memory: 953/1039 1019/1098
-          Current Progress:  14 % - Solving linear system
Memory: 932/1039 980/1098
   3        0.38       4e+03   1.0000000         4.7    4    3    6
---        Current Progress:  31 % - Assembling matrices
Memory: 930/1039 978/1098
---        Current Progress:  31 % - Matrix factorization
Memory: 929/1039 981/1098
---        Current Progress:  31 % - Assembling matrices
Memory: 932/1039 979/1098
   4      0.0023          31   1.0000000        0.26    5    4    8
----       Current Progress:  43 % - Assembling matrices
Memory: 930/1039 976/1098
----       Current Progress:  43 % - Matrix factorization
Memory: 917/1039 981/1098
----       Current Progress:  43 % - Assembling matrices
Memory: 931/1039 978/1098
   5       2e-06       0.044   1.0000000      0.0024    6    5   10
-----      Current Progress:  50 % - Assembling matrices
Memory: 930/1039 976/1098
-----      Current Progress:  50 % - Matrix factorization
Memory: 910/1039 981/1098
-----      Current Progress:  50 % - Solving linear system
Memory: 932/1039 979/1098
   6     1.1e-11     8.4e-11   1.0000000     1.7e-06    8    6   12
-----      Current Progress:  50 % - Constraint handling
Memory: 842/1039 871/1098
Solution time: 7 s.
Physical memory: 968 MB
Virtual memory: 1020 MB
Ended at Oct 1, 2026, 3:01:40 AM.
----- Stationary Solver 1 in Study 1/Solution 1 (sol1) ------------------------>
<---- Compile Equations: Stationary in Study 1/Solution 1 (sol1) ---------------
Started at Oct 1, 2026, 3:01:40 AM.
Geometry shape function: Linear Lagrange
-----      Current Progress:  52 % - Compile Equations: Stationary
Memory: 859/1039 890/1098
-----      Current Progress:  52 % - Creating visualization mesh
Time: 1 s.
Physical memory: 862 MB
Virtual memory: 893 MB
Ended at Oct 1, 2026, 3:01:41 AM.
----- Compile Equations: Stationary in Study 1/Solution 1 (sol1) -------------->
<---- Dependent Variables 2 in Study 1/Solution 1 (sol1) -----------------------
Started at Oct 1, 2026, 3:01:41 AM.
Initial values of variables solved for: Solution 1 (sol1), Solution Store 1 (sol2).
Values of variables not solved for: Solution 1 (sol1).
-----      Current Progress:  52 % - Dependent Variables 2
Memory: 865/1039 895/1098
Solution time: 0 s.
Physical memory: 865 MB
Virtual memory: 895 MB
Ended at Oct 1, 2026, 3:01:41 AM.
----- Dependent Variables 2 in Study 1/Solution 1 (sol1) ---------------------->
<---- Stationary Solver 2 in Study 1/Solution 1 (sol1) -------------------------
Started at Oct 1, 2026, 3:01:41 AM.
Nonlinear solver
Number of degrees of freedom solved for: 138873.
-----      Current Progress:  55 % - Assembling matrices
Memory: 879/1039 910/1098
-----      Current Progress:  55 % - Assembling sparsity pattern
Memory: 879/1039 909/1098
-----      Current Progress:  55 % - Assembling matrices
Memory: 909/1039 940/1098
Nonsymmetric matrix found.
Scales for dependent variables:
Electron solution variable (comp1.Ne): 2.4e+25
Hole solution variable (comp1.Ph): 1.6e+29
Electric potential (comp1.V): 2.2e+19
Orthonormal null-space function used.
-----      Current Progress:  55 % - Matrix factorization
Memory: 969/1039 1014/1098
Iter      SolEst      ResEst     Damping    Stepsize #Res #Jac #Sol
-----      Current Progress:  55 % - Solving linear system
Memory: 1021/1039 1074/1098
   1         3.6     8.2e+04   0.1000000         4.4    2    1    2
-----      Current Progress:  59 % - Assembling sparsity pattern
Memory: 1004/1039 1058/1098
-----      Current Progress:  59 % - Assembling matrices
Memory: 1023/1039 1077/1098
-----      Current Progress:  59 % - Matrix factorization
Memory: 977/1039 1052/1098
-----      Current Progress:  59 % - Assembling matrices
Memory: 997/1039 1049/1098
   2         0.3     7.4e+04   0.1000000        0.33    4    2    5
------     Current Progress:  64 % - Assembling sparsity pattern
Memory: 977/1039 1029/1098
------     Current Progress:  64 % - Assembling matrices
Memory: 995/1039 1047/1098
------     Current Progress:  64 % - Matrix factorization
Memory: 974/1039 1051/1098
------     Current Progress:  64 % - Assembling matrices
Memory: 997/1039 1049/1098
   3        0.55     7.6e+04   0.0495253        0.57    5    3    7
------     Current Progress:  64 % - Constraint handling
Memory: 992/1039 1057/1098
------     Current Progress:  64 % - Matrix factorization
Memory: 980/1039 1051/1098
------     Current Progress:  64 % - Assembling matrices
Memory: 997/1039 1049/1098
   4        0.59     7.7e+04   0.0397223        0.62    7    4   10
------     Current Progress:  64 % - Matrix factorization
Memory: 928/1039 1022/1098
------     Current Progress:  64 % - Assembling matrices
Memory: 997/1039 1049/1098
   5        0.61     7.8e+04   0.0397223        0.64    9    5   13
------     Current Progress:  64 % - Matrix factorization
Memory: 935/1039 1051/1098
------     Current Progress:  64 % - Solving linear system
Memory: 996/1039 1048/1098
------     Current Progress:  64 % - Assembling matrices
Memory: 997/1039 1049/1098
   6        0.62     7.9e+04   0.0397223        0.65   11    6   16
------     Current Progress:  64 % - Matrix factorization
Memory: 965/1039 1051/1098
------     Current Progress:  64 % - Assembling matrices
Memory: 997/1039 1049/1098
   7        0.62       8e+04   0.0397223        0.65   13    7   19
-------    Current Progress:  72 % - Assembling matrices
Memory: 995/1039 1047/1098
-------    Current Progress:  72 % - Matrix factorization
Memory: 920/1039 951/1098
-------    Current Progress:  72 % - Assembling matrices
Memory: 997/1039 1049/1098
-------    Current Progress:  72 % - Solving linear system
   8        0.61     8.1e+04   0.0397223        0.64   15    8   22
-------    Current Progress:  76 % - Assembling matrices
Memory: 995/1039 1047/1098
-------    Current Progress:  76 % - Matrix factorization
Memory: 945/1039 1051/1098
-------    Current Progress:  76 % - Solving linear system
Memory: 995/1039 1048/1098
   9         0.6     8.2e+04   0.0397223        0.63   17    9   25
-------    Current Progress:  78 % - Solving linear system
Memory: 989/1039 1041/1098
-------    Current Progress:  78 % - Assembling matrices
Memory: 995/1039 1047/1098
-------    Current Progress:  78 % - Matrix factorization
Memory: 962/1039 1051/1098
-------    Current Progress:  78 % - Assembling matrices
Memory: 997/1039 1049/1098
  10        0.59     8.3e+04   0.0397223        0.62   19   10   28
-------    Current Progress:  79 % - Assembling matrices
Memory: 995/1039 1047/1098
-------    Current Progress:  79 % - Matrix factorization
Memory: 971/1039 1051/1098
-------    Current Progress:  79 % - Assembling matrices
Memory: 997/1039 1049/1098
  11        0.58     8.3e+04   0.0397223         0.6   21   11   31
--------   Current Progress:  80 % - Assembling matrices
Memory: 995/1039 1047/1098
--------   Current Progress:  80 % - Matrix factorization
Memory: 929/1039 1051/1098
--------   Current Progress:  80 % - Solving linear system
Memory: 997/1039 1049/1098
  12        0.57     8.4e+04   0.0397223        0.59   23   12   34
--------   Current Progress:  81 % - Assembling matrices
Memory: 995/1039 1047/1098
--------   Current Progress:  81 % - Matrix factorization
Memory: 931/1039 1051/1098
--------   Current Progress:  81 % - Solving linear system
Memory: 997/1039 1049/1098
  13        0.56     8.5e+04   0.0440709        0.59   25   13   37
--------   Current Progress:  82 % - Assembling matrices
Memory: 995/1039 1047/1098
--------   Current Progress:  82 % - Matrix factorization
Memory: 945/1039 1051/1098
--------   Current Progress:  82 % - Solving linear system
Memory: 996/1039 1048/1098
  14        0.55     8.5e+04   0.0440709        0.57   27   14   40
--------   Current Progress:  83 % - Assembling matrices
Memory: 995/1039 1047/1098
--------   Current Progress:  83 % - Matrix factorization
Memory: 958/1039 1051/1098
--------   Current Progress:  83 % - Assembling matrices
Memory: 997/1039 1049/1098
  15        0.53     8.5e+04   0.0478367        0.56   29   15   43
--------   Current Progress:  84 % - Assembling matrices
Memory: 995/1039 1047/1098
--------   Current Progress:  84 % - Matrix factorization
Memory: 972/1039 1051/1098
--------   Current Progress:  84 % - Assembling matrices
Memory: 997/1039 1049/1098
  16        0.52     8.5e+04   0.0478367        0.54   31   16   46
--------   Current Progress:  85 % - Assembling matrices
Memory: 995/1039 1047/1098
--------   Current Progress:  85 % - Matrix factorization
Memory: 954/1039 1051/1098
--------   Current Progress:  85 % - Solving linear system
Memory: 995/1039 1048/1098
--------   Current Progress:  85 % - Assembling matrices
Memory: 993/1039 1045/1098
  17         0.5     8.6e+04   0.0551207        0.53   33   17   49
--------   Current Progress:  86 % - Solving linear system
Memory: 989/1039 1041/1098
--------   Current Progress:  86 % - Assembling matrices
Memory: 995/1039 1047/1098
--------   Current Progress:  86 % - Matrix factorization
Memory: 952/1039 1051/1098
--------   Current Progress:  86 % - Assembling matrices
Memory: 997/1039 1049/1098
  18        0.48     8.6e+04   0.0551207        0.51   35   18   52
--------   Current Progress:  87 % - Assembling matrices
Memory: 995/1039 1047/1098
--------   Current Progress:  87 % - Matrix factorization
Memory: 971/1039 1051/1098
--------   Current Progress:  87 % - Assembling matrices
Memory: 997/1039 1049/1098
  19        0.46     8.5e+04   0.0593947        0.49   37   19   55
--------   Current Progress:  88 % - Assembling matrices
Memory: 995/1039 1047/1098
--------   Current Progress:  88 % - Matrix factorization
Memory: 976/1039 1051/1098
--------   Current Progress:  88 % - Assembling matrices
Memory: 997/1039 1049/1098
  20        0.44     8.4e+04   0.0617380        0.47   39   20   58
--------   Current Progress:  88 % - Matrix factorization
Memory: 928/1039 1022/1098
--------   Current Progress:  88 % - Assembling matrices
Memory: 997/1039 1049/1098
--------   Current Progress:  88 % - Solving linear system
Memory: 995/1039 1048/1098
  21        0.41     8.4e+04   0.0682026        0.44   41   21   61
--------   Current Progress:  89 % - Assembling matrices
Memory: 995/1039 1047/1098
--------   Current Progress:  89 % - Matrix factorization
Memory: 931/1039 1051/1098
--------   Current Progress:  89 % - Assembling matrices
Memory: 997/1039 1049/1098
  22        0.37     8.2e+04   0.0689577         0.4   43   22   64
---------  Current Progress:  90 % - Assembling matrices
Memory: 995/1039 1047/1098
---------  Current Progress:  90 % - Matrix factorization
Memory: 990/1039 1042/1098
---------  Current Progress:  90 % - Assembling matrices
Memory: 997/1039 1049/1098
  23        0.34       8e+04   0.0796326        0.37   45   23   67
---------  Current Progress:  91 % - Assembling matrices
Memory: 995/1039 1047/1098
---------  Current Progress:  91 % - Matrix factorization
Memory: 932/1039 1051/1098
---------  Current Progress:  91 % - Solving linear system
Memory: 994/1039 1051/1098
  24         0.3     7.8e+04   0.0796326        0.32   47   24   70
---------  Current Progress:  91 % - Assembling matrices
Memory: 995/1039 1047/1098
---------  Current Progress:  91 % - Matrix factorization
Memory: 948/1039 1051/1098
---------  Current Progress:  91 % - Solving linear system
Memory: 995/1039 1048/1098
---------  Current Progress:  91 % - Assembling matrices
Memory: 994/1039 1047/1098
  25        0.25     7.5e+04   0.0884840        0.28   49   25   73
---------  Current Progress:  92 % - Assembling matrices
Memory: 995/1039 1047/1098
---------  Current Progress:  92 % - Matrix factorization
Memory: 961/1039 1051/1098
---------  Current Progress:  92 % - Assembling matrices
Memory: 997/1039 1049/1098
  26        0.21     7.2e+04   0.0954852        0.23   51   26   76
---------  Current Progress:  93 % - Assembling matrices
Memory: 995/1039 1047/1098
---------  Current Progress:  93 % - 
Memory: 990/1039 1042/1098
---------  Current Progress:  93 % - Matrix factorization
Memory: 976/1039 1051/1098
---------  Current Progress:  93 % - Assembling matrices
Memory: 997/1039 1049/1098
---------  Current Progress:  93 % - Solving linear system
  27        0.16     6.9e+04   0.1164343        0.18   53   27   79
---------  Current Progress:  93 % - Assembling matrices
Memory: 995/1039 1047/1098
---------  Current Progress:  93 % - Matrix factorization
Memory: 936/1039 1051/1098
---------  Current Progress:  93 % - Solving linear system
Memory: 994/1039 1051/1098
  28        0.11     6.4e+04   0.1289910        0.13   55   28   82
---------  Current Progress:  94 % - Assembling matrices
Memory: 995/1039 1047/1098
---------  Current Progress:  94 % - Matrix factorization
Memory: 954/1039 1051/1098
---------  Current Progress:  94 % - Assembling matrices
Memory: 992/1039 1044/1098
  29       0.066       6e+04   0.1303070       0.078   57   29   85
---------  Current Progress:  95 % - Assembling matrices
Memory: 995/1039 1047/1098
---------  Current Progress:  95 % - 
Memory: 989/1039 1041/1098
---------  Current Progress:  95 % - Matrix factorization
Memory: 980/1039 1051/1098
---------  Current Progress:  95 % - Assembling matrices
Memory: 997/1039 1049/1098
  30       0.037     5.5e+04   0.1186819       0.043   59   30   88
---------  Current Progress:  96 % - Assembling matrices
Memory: 995/1039 1047/1098
---------  Current Progress:  96 % - Matrix factorization
Memory: 928/1039 1022/1098
---------  Current Progress:  96 % - Solving linear system
Memory: 997/1039 1049/1098
  31        0.02     5.1e+04   0.3520145       0.029   60   31   90
---------  Current Progress:  96 % - Assembling matrices
Memory: 995/1039 1047/1098
---------  Current Progress:  96 % - Matrix factorization
Memory: 941/1039 1051/1098
---------  Current Progress:  96 % - Solving linear system
Memory: 995/1039 1048/1098
  32       0.047     4.6e+04   0.0950959       0.052   61   32   92
---------  Current Progress:  96 % - Assembling matrices
Memory: 995/1039 1047/1098
---------  Current Progress:  96 % - Matrix factorization
Memory: 948/1039 1051/1098
---------  Current Progress:  96 % - Solving linear system
Memory: 996/1039 1048/1098
  33       0.031     3.7e+04   0.7803282       0.049   62   33   94
---------  Current Progress:  96 % - Assembling matrices
Memory: 995/1039 1047/1098
---------  Current Progress:  96 % - Matrix factorization
Memory: 952/1039 1051/1098
---------  Current Progress:  96 % - Assembling matrices
Memory: 997/1039 1049/1098
  34     0.00074     2.5e+03   1.0000000       0.036   63   34   96
---------  Current Progress:  99 % - Assembling matrices
Memory: 995/1039 1047/1098
---------  Current Progress:  99 % - Matrix factorization
Memory: 961/1039 1051/1098
---------  Current Progress:  99 % - Assembling matrices
Memory: 997/1039 1049/1098
  35     1.8e-06         2.4   1.0000000     0.00094   64   35   98
---------- Current Progress: 100 % - Assembling matrices
Memory: 995/1039 1047/1098
---------- Current Progress: 100 % - Matrix factorization
Memory: 978/1039 1051/1098
---------- Current Progress: 100 % - Assembling matrices
Memory: 997/1039 1049/1098
  36       3e-12       2e-05   1.0000000       2e-06   66   36  100
---------- Current Progress: 100 % - Constraint handling
Memory: 853/1039 882/1098
Solution time: 55 s.
Physical memory: 1.02 GB
Virtual memory: 1.08 GB
Ended at Oct 1, 2026, 3:02:37 AM.
----- Stationary Solver 2 in Study 1/Solution 1 (sol1) ------------------------>
VD=0.20 VG=  56.00 ID=3.3857e-06 A
<---- Compile Equations: Semiconductor Equilibrium in Study 1/Solution 1 (sol1) -
Started at Oct 1, 2026, 3:02:38 AM.
Geometry shape function: Linear Lagrange
Running on 11th Gen Intel(R) Core(TM) i7-1165G7 at 2.80 GHz.
Using 1 socket with 4 cores in total on WIN-FNSSP1NOF49.
Available memory: 7.97 GB.
           Current Progress:   3 % - Compile Equations: Semiconductor Equilibrium
Memory: 871/1039 901/1098
           Current Progress:   3 % - Creating visualization mesh
Time: 1 s.
Physical memory: 874 MB
Virtual memory: 904 MB
Ended at Oct 1, 2026, 3:02:39 AM.
----- Compile Equations: Semiconductor Equilibrium in Study 1/Solution 1 (sol1) >
<---- Dependent Variables 1 in Study 1/Solution 1 (sol1) -----------------------
Started at Oct 1, 2026, 3:02:39 AM.
           Current Progress:   3 % - Dependent Variables 1
Memory: 875/1039 906/1098
Solution time: 0 s.
Physical memory: 875 MB
Virtual memory: 906 MB
Ended at Oct 1, 2026, 3:02:39 AM.
----- Dependent Variables 1 in Study 1/Solution 1 (sol1) ---------------------->
<---- Stationary Solver 1 in Study 1/Solution 1 (sol1) -------------------------
Started at Oct 1, 2026, 3:02:39 AM.
Nonlinear solver
Number of degrees of freedom solved for: 138873.
           Current Progress:   5 % - Assembling sparsity pattern
Memory: 890/1039 921/1098
Nonsymmetric matrix found.
Scales for dependent variables:
Electron solution variable (comp1.Ne): 1e+23
Hole solution variable (comp1.Ph): 2.7e+26
Electric potential (comp1.V): 1.7e+21
Orthonormal null-space function used.
           Current Progress:   5 % - Matrix factorization
Memory: 919/1039 963/1098
Iter      SolEst      ResEst     Damping    Stepsize #Res #Jac #Sol
           Current Progress:   5 % - Solving linear system
Memory: 968/1039 1016/1098
   1          16     2.4e+18   0.1000000          35    2    1    2
           Current Progress:   9 % - Assembling matrices
Memory: 969/1039 1017/1098
           Current Progress:   9 % - Matrix factorization
Memory: 951/1039 1022/1098
           Current Progress:   9 % - Solving linear system
Memory: 970/1039 1018/1098
   2         1.6       1e+04   0.6117709         3.3    3    2    4
-          Current Progress:  14 % - Assembling matrices
Memory: 969/1039 1017/1098
-          Current Progress:  14 % - Matrix factorization
Memory: 956/1039 1021/1098
-          Current Progress:  14 % - Solving linear system
Memory: 936/1039 982/1098
   3        0.15     3.6e+03   1.0000000         2.9    4    3    6
---        Current Progress:  33 % - Matrix factorization
Memory: 906/1039 983/1098
---        Current Progress:  33 % - Solving linear system
Memory: 935/1039 981/1098
   4      0.0027     2.2e+02   1.0000000        0.12    5    4    8
----       Current Progress:  41 % - Matrix factorization
Memory: 896/1039 926/1098
----       Current Progress:  41 % - Assembling matrices
Memory: 934/1039 981/1098
   5     0.00031          30   1.0000000      0.0036    6    5   10
----       Current Progress:  41 % - Matrix factorization
Memory: 923/1039 983/1098
----       Current Progress:  41 % - Assembling matrices
Memory: 934/1039 981/1098
   6     1.1e-05        0.96   1.0000000      0.0004    7    6   12
----       Current Progress:  47 % - Assembling matrices
Memory: 932/1039 978/1098
----       Current Progress:  47 % - Matrix factorization
Memory: 916/1039 983/1098
----       Current Progress:  47 % - Solving linear system
Memory: 935/1039 981/1098
----       Current Progress:  47 % - Assembling matrices
Memory: 933/1039 980/1098
   7     1.1e-08     3.8e-06   1.0000000     9.3e-06    9    7   14
-----      Current Progress:  50 % - Constraint handling
Memory: 844/1039 873/1098
Solution time: 7 s.
Physical memory: 971 MB
Virtual memory: 1022 MB
Ended at Oct 1, 2026, 3:02:46 AM.
----- Stationary Solver 1 in Study 1/Solution 1 (sol1) ------------------------>
<---- Compile Equations: Stationary in Study 1/Solution 1 (sol1) ---------------
Started at Oct 1, 2026, 3:02:46 AM.
Geometry shape function: Linear Lagrange
-----      Current Progress:  52 % - Compile Equations: Stationary
Memory: 861/1039 892/1098
-----      Current Progress:  52 % - Creating visualization mesh
Time: 1 s.
Physical memory: 861 MB
Virtual memory: 892 MB
Ended at Oct 1, 2026, 3:02:47 AM.
----- Compile Equations: Stationary in Study 1/Solution 1 (sol1) -------------->
<---- Dependent Variables 2 in Study 1/Solution 1 (sol1) -----------------------
Started at Oct 1, 2026, 3:02:47 AM.
Initial values of variables solved for: Solution 1 (sol1), Solution Store 1 (sol2).
Values of variables not solved for: Solution 1 (sol1).
-----      Current Progress:  52 % - Dependent Variables 2
Memory: 867/1039 897/1098
Solution time: 0 s.
Physical memory: 867 MB
Virtual memory: 897 MB
Ended at Oct 1, 2026, 3:02:47 AM.
----- Dependent Variables 2 in Study 1/Solution 1 (sol1) ---------------------->
<---- Stationary Solver 2 in Study 1/Solution 1 (sol1) -------------------------
Started at Oct 1, 2026, 3:02:47 AM.
Nonlinear solver
Number of degrees of freedom solved for: 138873.
-----      Current Progress:  55 % - Assembling matrices
Memory: 880/1039 911/1098
-----      Current Progress:  55 % - Assembling sparsity pattern
Memory: 879/1039 909/1098
-----      Current Progress:  55 % - Assembling matrices
Memory: 914/1039 945/1098
Nonsymmetric matrix found.
Scales for dependent variables:
Electron solution variable (comp1.Ne): 2.1e+25
Hole solution variable (comp1.Ph): 1.4e+29
Electric potential (comp1.V): 2e+19
Orthonormal null-space function used.
-----      Current Progress:  55 % - Matrix factorization
Memory: 977/1039 1022/1098
Iter      SolEst      ResEst     Damping    Stepsize #Res #Jac #Sol
-----      Current Progress:  55 % - Solving linear system
Memory: 1030/1039 1084/1098
   1         3.6       8e+04   0.1000000         4.4    2    1    2
-----      Current Progress:  59 % - Assembling sparsity pattern
Memory: 1012/1039 1066/1098
-----      Current Progress:  59 % - Assembling matrices
Memory: 1031/1047 1085/1103
-----      Current Progress:  59 % - Constraint handling
Memory: 948/1047 1015/1106
-----      Current Progress:  59 % - Matrix factorization
Memory: 937/1047 1010/1106
-----      Current Progress:  59 % - Assembling matrices
Memory: 957/1047 1010/1106
   2        0.31       7e+04   0.1000000        0.34    4    2    5
------     Current Progress:  64 % - Assembling sparsity pattern
Memory: 940/1047 993/1106
------     Current Progress:  64 % - Assembling matrices
Memory: 966/1047 1020/1106
------     Current Progress:  64 % - Matrix factorization
Memory: 912/1047 1014/1106
------     Current Progress:  64 % - Assembling matrices
Memory: 968/1047 1021/1106
   3        0.58     7.1e+04   0.0488120        0.61    5    3    7
------     Current Progress:  64 % - Matrix factorization
Memory: 902/1047 1024/1106
------     Current Progress:  64 % - Assembling matrices
Memory: 968/1047 1021/1106
   4        0.64     7.2e+04   0.0401504        0.66    7    4   10
------     Current Progress:  64 % - Matrix factorization
Memory: 949/1047 1024/1106
------     Current Progress:  64 % - Assembling matrices
Memory: 968/1047 1021/1106
   5        0.66     7.3e+04   0.0401504        0.69    9    5   13
------     Current Progress:  64 % - Matrix factorization
Memory: 899/1047 1024/1106
------     Current Progress:  64 % - Solving linear system
Memory: 962/1047 1016/1106
------     Current Progress:  64 % - Assembling matrices
Memory: 968/1047 1021/1106
   6        0.67     7.3e+04   0.0401504         0.7   11    6   16
------     Current Progress:  64 % - Matrix factorization
Memory: 956/1047 1014/1106
------     Current Progress:  64 % - Assembling matrices
Memory: 968/1047 1021/1106
   7        0.67     7.4e+04   0.0401504        0.69   13    7   19
-------    Current Progress:  72 % - Assembling matrices
Memory: 966/1047 1020/1106
-------    Current Progress:  72 % - Matrix factorization
Memory: 902/1047 1024/1106
-------    Current Progress:  72 % - Solving linear system
Memory: 968/1047 1021/1106
   8        0.66     7.5e+04   0.0401504        0.69   15    8   22
-------    Current Progress:  76 % - Assembling matrices
Memory: 966/1047 1020/1106
-------    Current Progress:  76 % - Matrix factorization
Memory: 923/1047 1024/1106
-------    Current Progress:  76 % - Assembling matrices
Memory: 966/1047 1019/1106
   9        0.65     7.6e+04   0.0401504        0.67   17    9   25
-------    Current Progress:  78 % - Assembling matrices
Memory: 966/1047 1020/1106
-------    Current Progress:  78 % - 
Memory: 960/1047 1014/1106
-------    Current Progress:  78 % - Matrix factorization
Memory: 947/1047 1024/1106
-------    Current Progress:  78 % - Assembling matrices
Memory: 968/1047 1021/1106
  10        0.63     7.6e+04   0.0401504        0.66   19   10   28
-------    Current Progress:  79 % - Assembling matrices
Memory: 966/1047 1020/1106
-------    Current Progress:  79 % - Matrix factorization
Memory: 899/1047 1024/1106
-------    Current Progress:  79 % - Assembling matrices
Memory: 968/1047 1021/1106
  11        0.62     7.7e+04   0.0401504        0.65   21   11   31
--------   Current Progress:  81 % - Assembling matrices
Memory: 966/1047 1020/1106
--------   Current Progress:  81 % - Matrix factorization
Memory: 905/1047 1024/1106
--------   Current Progress:  81 % - Solving linear system
Memory: 968/1047 1021/1106
  12         0.6     7.7e+04   0.0401504        0.63   23   12   34
--------   Current Progress:  82 % - Assembling matrices
Memory: 966/1047 1020/1106
--------   Current Progress:  82 % - Matrix factorization
Memory: 914/1047 1024/1106
--------   Current Progress:  82 % - Solving linear system
Memory: 967/1047 1020/1106
--------   Current Progress:  82 % - Assembling matrices
Memory: 963/1047 1017/1106
  13        0.59     7.8e+04   0.0451598        0.62   25   13   37
--------   Current Progress:  82 % - Solving linear system
Memory: 945/1047 999/1106
--------   Current Progress:  82 % - Assembling matrices
Memory: 966/1047 1020/1106
--------   Current Progress:  82 % - Matrix factorization
Memory: 939/1047 1024/1106
--------   Current Progress:  82 % - Assembling matrices
Memory: 968/1047 1021/1106
  14        0.58     7.8e+04   0.0451598         0.6   27   14   40
--------   Current Progress:  84 % - Assembling matrices
Memory: 966/1047 1020/1106
--------   Current Progress:  84 % - Matrix factorization
Memory: 910/1047 1024/1106
--------   Current Progress:  84 % - Solving linear system
Memory: 967/1047 1020/1106
  15        0.56     7.8e+04   0.0478227        0.59   29   15   43
--------   Current Progress:  84 % - Assembling matrices
Memory: 966/1047 1020/1106
--------   Current Progress:  84 % - Matrix factorization
Memory: 911/1047 1024/1106
--------   Current Progress:  84 % - Solving linear system
Memory: 967/1047 1020/1106
  16        0.54     7.9e+04   0.0497412        0.57   31   16   46
--------   Current Progress:  85 % - Assembling matrices
Memory: 966/1047 1020/1106
--------   Current Progress:  85 % - Matrix factorization
Memory: 921/1047 1024/1106
--------   Current Progress:  85 % - Solving linear system
Memory: 967/1047 1020/1106
--------   Current Progress:  85 % - Assembling matrices
Memory: 968/1047 1021/1106
  17        0.52     7.9e+04   0.0536322        0.56   33   17   49
--------   Current Progress:  86 % - Assembling matrices
Memory: 966/1047 1020/1106
--------   Current Progress:  86 % - Matrix factorization
Memory: 935/1047 1025/1106
--------   Current Progress:  86 % - Assembling matrices
Memory: 969/1047 1022/1106
  18         0.5     7.9e+04   0.0548572        0.53   35   18   52
--------   Current Progress:  87 % - Assembling matrices
Memory: 968/1047 1021/1106
--------   Current Progress:  87 % - Constraint handling
Memory: 976/1047 1031/1106
--------   Current Progress:  87 % - Matrix factorization
Memory: 955/1047 1025/1106
--------   Current Progress:  87 % - Assembling matrices
Memory: 969/1047 1023/1106
  19        0.48     7.9e+04   0.0614182        0.51   37   19   55
--------   Current Progress:  88 % - Assembling matrices
Memory: 968/1047 1021/1106
--------   Current Progress:  88 % - Matrix factorization
Memory: 909/1047 1025/1106
--------   Current Progress:  88 % - Solving linear system
Memory: 968/1047 1021/1106
  20        0.45     7.8e+04   0.0614182        0.48   39   20   58
--------   Current Progress:  89 % - Assembling matrices
--------   Current Progress:  89 % - Matrix factorization
Memory: 921/1047 1025/1106
--------   Current Progress:  89 % - Solving linear system
Memory: 968/1047 1021/1106
--------   Current Progress:  89 % - Assembling matrices
Memory: 969/1047 1023/1106
  21        0.42     7.8e+04   0.0700805        0.45   41   21   61
--------   Current Progress:  89 % - Matrix factorization
Memory: 939/1047 1025/1106
--------   Current Progress:  89 % - Assembling matrices
Memory: 969/1047 1023/1106
  22        0.38     7.6e+04   0.0700805        0.41   43   22   64
---------  Current Progress:  90 % - Assembling matrices
Memory: 968/1047 1021/1106
---------  Current Progress:  90 % - Matrix factorization
Memory: 900/1047 996/1106
---------  Current Progress:  90 % - Assembling matrices
Memory: 969/1047 1023/1106
---------  Current Progress:  90 % - Solving linear system
Memory: 966/1047 1021/1106
  23        0.34     7.5e+04   0.0785433        0.37   45   23   67
---------  Current Progress:  91 % - Assembling matrices
Memory: 968/1047 1021/1106
---------  Current Progress:  91 % - Matrix factorization
Memory: 915/1047 1025/1106
---------  Current Progress:  91 % - Solving linear system
Memory: 968/1047 1021/1106
  24         0.3     7.3e+04   0.0785433        0.32   47   24   70
---------  Current Progress:  92 % - Solving linear system
Memory: 962/1047 1015/1106
---------  Current Progress:  92 % - Assembling matrices
Memory: 968/1047 1021/1106
---------  Current Progress:  92 % - Matrix factorization
Memory: 936/1047 1025/1106
---------  Current Progress:  92 % - Assembling matrices
Memory: 969/1047 1023/1106
---------  Current Progress:  92 % - Solving linear system
  25        0.25     7.1e+04   0.0888008        0.28   49   25   73
---------  Current Progress:  92 % - Assembling matrices
Memory: 968/1047 1021/1106
---------  Current Progress:  92 % - Matrix factorization
Memory: 901/1047 1025/1106
---------  Current Progress:  92 % - Solving linear system
Memory: 967/1047 1026/1106
  26         0.2     6.8e+04   0.1011906        0.23   51   26   76
---------  Current Progress:  93 % - Assembling matrices
Memory: 968/1047 1021/1106
---------  Current Progress:  93 % - Matrix factorization
Memory: 916/1047 1025/1106
---------  Current Progress:  93 % - Solving linear system
Memory: 969/1047 1023/1106
  27        0.15     6.5e+04   0.1183517        0.17   53   27   79
---------  Current Progress:  94 % - Solving linear system
Memory: 949/1047 1010/1106
---------  Current Progress:  94 % - Assembling matrices
Memory: 969/1047 1023/1106
---------  Current Progress:  94 % - Matrix factorization
Memory: 934/1047 1027/1106
---------  Current Progress:  94 % - Assembling matrices
Memory: 970/1047 1024/1106
  28       0.097     6.1e+04   0.1248853        0.11   55   28   82
---------  Current Progress:  95 % - Assembling matrices
Memory: 969/1047 1023/1106
---------  Current Progress:  95 % - Constraint handling
Memory: 977/1047 1034/1106
---------  Current Progress:  95 % - Matrix factorization
Memory: 954/1047 1027/1106
---------  Current Progress:  95 % - Assembling matrices
Memory: 970/1047 1024/1106
  29       0.056     5.7e+04   0.1183803       0.066   57   29   85
---------  Current Progress:  95 % - Matrix factorization
Memory: 913/1047 1027/1106
---------  Current Progress:  95 % - Solving linear system
Memory: 969/1047 1023/1106
  30       0.029     6.6e+04   0.4597541       0.042   58   30   87
---------  Current Progress:  96 % - Assembling matrices
---------  Current Progress:  96 % - Matrix factorization
Memory: 913/1047 1027/1106
---------  Current Progress:  96 % - Solving linear system
Memory: 969/1047 1023/1106
  31       0.074     5.9e+04   0.1133904       0.083   59   31   89
---------  Current Progress:  96 % - Assembling matrices
---------  Current Progress:  96 % - Matrix factorization
Memory: 933/1047 1027/1106
---------  Current Progress:  96 % - Assembling matrices
Memory: 970/1047 1024/1106
  32       0.022     3.9e+04   1.0000000       0.068   60   32   91
---------  Current Progress:  97 % - Assembling matrices
Memory: 969/1047 1023/1106
---------  Current Progress:  97 % - Matrix factorization
Memory: 945/1047 1027/1106
---------  Current Progress:  97 % - Assembling matrices
Memory: 970/1047 1024/1106
  33      0.0001          65   1.0000000        0.02   61   33   93
---------  Current Progress:  99 % - Assembling matrices
Memory: 969/1047 1023/1106
---------  Current Progress:  99 % - Matrix factorization
Memory: 901/1047 997/1106
---------  Current Progress:  99 % - Assembling matrices
Memory: 970/1047 1024/1106
  34     1.1e-08     2.1e-05   1.0000000     0.00011   63   34   95
---------- Current Progress: 100 % - Constraint handling
Memory: 965/1047 1019/1106
Solution time: 52 s.
Physical memory: 1.03 GB
Virtual memory: 1.09 GB
Ended at Oct 1, 2026, 3:03:39 AM.
----- Stationary Solver 2 in Study 1/Solution 1 (sol1) ------------------------>
VD=0.20 VG=  52.00 ID=3.2423e-06 A
<---- Compile Equations: Semiconductor Equilibrium in Study 1/Solution 1 (sol1) -
Started at Oct 1, 2026, 3:03:40 AM.
Geometry shape function: Linear Lagrange
Running on 11th Gen Intel(R) Core(TM) i7-1165G7 at 2.80 GHz.
Using 1 socket with 4 cores in total on WIN-FNSSP1NOF49.
Available memory: 7.97 GB.
           Current Progress:   3 % - Compile Equations: Semiconductor Equilibrium
Memory: 875/1047 907/1106
           Current Progress:   3 % - Creating visualization mesh
Time: 1 s.
Physical memory: 875 MB
Virtual memory: 907 MB
Ended at Oct 1, 2026, 3:03:41 AM.
----- Compile Equations: Semiconductor Equilibrium in Study 1/Solution 1 (sol1) >
<---- Dependent Variables 1 in Study 1/Solution 1 (sol1) -----------------------
Started at Oct 1, 2026, 3:03:41 AM.
           Current Progress:   3 % - Dependent Variables 1
Memory: 879/1047 911/1106
Solution time: 0 s.
Physical memory: 879 MB
Virtual memory: 911 MB
Ended at Oct 1, 2026, 3:03:41 AM.
----- Dependent Variables 1 in Study 1/Solution 1 (sol1) ---------------------->
<---- Stationary Solver 1 in Study 1/Solution 1 (sol1) -------------------------
Started at Oct 1, 2026, 3:03:41 AM.
Nonlinear solver
Number of degrees of freedom solved for: 138873.
           Current Progress:   5 % - Assembling sparsity pattern
Memory: 896/1047 927/1106
Nonsymmetric matrix found.
Scales for dependent variables:
Electron solution variable (comp1.Ne): 1e+23
Hole solution variable (comp1.Ph): 2.7e+26
Electric potential (comp1.V): 1.7e+21
Orthonormal null-space function used.
           Current Progress:   5 % - Matrix factorization
Memory: 928/1047 972/1106
Iter      SolEst      ResEst     Damping    Stepsize #Res #Jac #Sol
           Current Progress:   5 % - Solving linear system
Memory: 976/1047 1026/1106
   1          22     1.8e+18   0.1000000          42    2    1    2
           Current Progress:   9 % - Assembling matrices
Memory: 977/1047 1026/1106
           Current Progress:   9 % - Matrix factorization
Memory: 959/1047 1031/1106
           Current Progress:   9 % - Solving linear system
Memory: 979/1047 1028/1106
   2         2.1     3.1e+03   0.1543333         2.5    4    2    5
-          Current Progress:  14 % - Assembling sparsity pattern
Memory: 963/1047 1012/1106
-          Current Progress:  14 % - Assembling matrices
Memory: 976/1047 1025/1106
-          Current Progress:  14 % - Matrix factorization
Memory: 873/1047 939/1106
-          Current Progress:  14 % - Assembling matrices
Memory: 889/1047 937/1106
   3        0.85     1.3e+04   0.8810554           4    5    3    7
--         Current Progress:  27 % - Assembling matrices
Memory: 887/1047 935/1106
--         Current Progress:  27 % - Matrix factorization
Memory: 872/1047 940/1106
--         Current Progress:  27 % - Solving linear system
Memory: 890/1047 938/1106
   4       0.022     2.2e+03   1.0000000        0.86    6    4    9
---        Current Progress:  39 % - Matrix factorization
Memory: 862/1047 940/1106
---        Current Progress:  39 % - Solving linear system
Memory: 890/1047 938/1106
   5      0.0016     1.4e+02   1.0000000       0.027    7    5   11
----       Current Progress:  41 % - Matrix factorization
Memory: 852/1047 882/1106
----       Current Progress:  41 % - Solving linear system
Memory: 891/1047 939/1106
   6       4e-05           3   1.0000000      0.0018    8    6   13
----       Current Progress:  46 % - Assembling matrices
Memory: 887/1047 935/1106
----       Current Progress:  46 % - Matrix factorization
Memory: 880/1047 940/1106
----       Current Progress:  46 % - Assembling matrices
Memory: 890/1047 937/1106
   7     7.6e-08     4.2e-05   1.0000000     3.5e-05   10    7   15
-----      Current Progress:  50 % - Constraint handling
Memory: 885/1047 932/1106
Solution time: 8 s.
Physical memory: 980 MB
Virtual memory: 1031 MB
Ended at Oct 1, 2026, 3:03:49 AM.
----- Stationary Solver 1 in Study 1/Solution 1 (sol1) ------------------------>
<---- Compile Equations: Stationary in Study 1/Solution 1 (sol1) ---------------
Started at Oct 1, 2026, 3:03:49 AM.
Geometry shape function: Linear Lagrange
-----      Current Progress:  52 % - Compile Equations: Stationary
Memory: 848/1047 882/1106
-----      Current Progress:  52 % - Creating visualization mesh
Memory: 851/1047 885/1106
Time: 1 s.
Physical memory: 866 MB
Virtual memory: 901 MB
Ended at Oct 1, 2026, 3:03:50 AM.
----- Compile Equations: Stationary in Study 1/Solution 1 (sol1) -------------->
<---- Dependent Variables 2 in Study 1/Solution 1 (sol1) -----------------------
Started at Oct 1, 2026, 3:03:50 AM.
Initial values of variables solved for: Solution 1 (sol1), Solution Store 1 (sol2).
Values of variables not solved for: Solution 1 (sol1).
-----      Current Progress:  52 % - Dependent Variables 2
Memory: 863/1047 897/1106
Solution time: 0 s.
Physical memory: 863 MB
Virtual memory: 897 MB
Ended at Oct 1, 2026, 3:03:50 AM.
----- Dependent Variables 2 in Study 1/Solution 1 (sol1) ---------------------->
<---- Stationary Solver 2 in Study 1/Solution 1 (sol1) -------------------------
Started at Oct 1, 2026, 3:03:50 AM.
Nonlinear solver
Number of degrees of freedom solved for: 138873.
-----      Current Progress:  55 % - Assembling matrices
Memory: 879/1047 912/1106
-----      Current Progress:  55 % - Assembling sparsity pattern
Memory: 881/1047 914/1106
-----      Current Progress:  55 % - Assembling matrices
Memory: 911/1047 944/1106
Nonsymmetric matrix found.
-----      Current Progress:  55 % - 
Memory: 905/1047 937/1106
Scales for dependent variables:
Electron solution variable (comp1.Ne): 1.9e+25
Hole solution variable (comp1.Ph): 1.2e+29
Electric potential (comp1.V): 1.8e+19
Orthonormal null-space function used.
-----      Current Progress:  55 % - Matrix factorization
Memory: 960/1047 1006/1106
Iter      SolEst      ResEst     Damping    Stepsize #Res #Jac #Sol
-----      Current Progress:  55 % - Assembling matrices
Memory: 1026/1047 1081/1106
   1         3.6     7.7e+04   0.1000000         4.4    2    1    2
-----      Current Progress:  59 % - Assembling sparsity pattern
Memory: 1009/1047 1063/1106
-----      Current Progress:  59 % - Assembling matrices
Memory: 1028/1047 1082/1106
-----      Current Progress:  59 % - Matrix factorization
Memory: 992/1047 1086/1106
-----      Current Progress:  59 % - Assembling matrices
Memory: 1028/1047 1083/1106
   2        0.32     6.6e+04   0.1000000        0.35    4    2    5
------     Current Progress:  64 % - Assembling sparsity pattern
Memory: 1007/1047 1061/1106
------     Current Progress:  64 % - Assembling matrices
Memory: 1027/1047 1081/1106
------     Current Progress:  64 % - Matrix factorization
Memory: 972/1047 1085/1106
------     Current Progress:  64 % - Solving linear system
Memory: 1027/1047 1082/1106
   3        0.62     6.6e+04   0.0475357        0.65    5    3    7
------     Current Progress:  64 % - Assembling matrices
Memory: 1027/1047 1081/1106
------     Current Progress:  64 % - Matrix factorization
Memory: 998/1047 1085/1106
------     Current Progress:  64 % - Assembling matrices
Memory: 1029/1047 1083/1106
------     Current Progress:  64 % - Solving linear system
   4        0.68     6.6e+04   0.0394691        0.71    7    4   10
------     Current Progress:  64 % - Assembling matrices
Memory: 1027/1047 1081/1106
------     Current Progress:  64 % - Matrix factorization
Memory: 996/1047 1085/1106
------     Current Progress:  64 % - Assembling matrices
Memory: 1029/1047 1083/1106
   5        0.71     6.7e+04   0.0394691        0.74    9    5   13
------     Current Progress:  64 % - Matrix factorization
Memory: 966/1047 1085/1106
------     Current Progress:  64 % - Solving linear system
Memory: 1029/1047 1083/1106
   6        0.72     6.7e+04   0.0394691        0.75   11    6   16
------     Current Progress:  64 % - Assembling matrices
Memory: 1027/1047 1081/1106
------     Current Progress:  64 % - Matrix factorization
Memory: 992/1047 1085/1106
------     Current Progress:  64 % - Assembling matrices
Memory: 1029/1047 1083/1106
   7        0.72     6.7e+04   0.0394691        0.75   13    7   19
------     Current Progress:  64 % - Matrix factorization
Memory: 960/1047 1085/1106
------     Current Progress:  64 % - Solving linear system
Memory: 1029/1047 1083/1106
   8        0.71     6.7e+04   0.0394691        0.74   15    8   22
-------    Current Progress:  76 % - Assembling matrices
Memory: 1027/1047 1081/1106
-------    Current Progress:  76 % - Matrix factorization
Memory: 994/1047 1085/1106
-------    Current Progress:  76 % - Assembling matrices
Memory: 1029/1047 1083/1106
   9         0.7     6.8e+04   0.0394691        0.73   17    9   25
-------    Current Progress:  78 % - Assembling matrices
Memory: 1027/1047 1081/1106
-------    Current Progress:  78 % - Matrix factorization
Memory: 968/1047 1085/1106
-------    Current Progress:  78 % - Solving linear system
Memory: 1026/1047 1085/1106
  10        0.69     6.8e+04   0.0394691        0.72   19   10   28
-------    Current Progress:  79 % - Assembling matrices
Memory: 1027/1047 1081/1106
-------    Current Progress:  79 % - Matrix factorization
Memory: 1005/1047 1085/1106
-------    Current Progress:  79 % - Assembling matrices
Memory: 1029/1047 1083/1106
  11        0.67     6.8e+04   0.0394691         0.7   21   11   31
--------   Current Progress:  81 % - Assembling matrices
Memory: 1027/1047 1081/1106
--------   Current Progress:  81 % - Matrix factorization
Memory: 961/1047 1085/1106
--------   Current Progress:  81 % - Solving linear system
Memory: 1029/1047 1083/1106
  12        0.66     6.9e+04   0.0422823        0.69   23   12   34
--------   Current Progress:  81 % - Assembling matrices
Memory: 1027/1047 1081/1106
--------   Current Progress:  81 % - Matrix factorization
Memory: 968/1047 1085/1106
--------   Current Progress:  81 % - Assembling matrices
Memory: 1029/1047 1083/1106
  13        0.64     6.9e+04   0.0422823        0.67   25   13   37
--------   Current Progress:  83 % - Assembling matrices
Memory: 1027/1047 1081/1106
--------   Current Progress:  83 % - Matrix factorization
Memory: 993/1047 1085/1106
--------   Current Progress:  83 % - Assembling matrices
Memory: 1025/1047 1080/1106
  14        0.63       7e+04   0.0476564        0.66   27   14   40
--------   Current Progress:  83 % - Solving linear system
Memory: 1023/1047 1081/1106
--------   Current Progress:  83 % - Assembling matrices
Memory: 1027/1047 1081/1106
--------   Current Progress:  83 % - Matrix factorization
Memory: 1001/1047 1085/1106
--------   Current Progress:  83 % - Solving linear system
Memory: 1027/1047 1082/1106
  15         0.6       7e+04   0.0476564        0.64   29   15   43
--------   Current Progress:  85 % - Assembling matrices
Memory: 1023/1047 1081/1106
--------   Current Progress:  85 % - 
Memory: 988/1047 1076/1106
--------   Current Progress:  85 % - Matrix factorization
Memory: 945/1047 1085/1106
--------   Current Progress:  85 % - Assembling matrices
Memory: 944/1047 1083/1106
  16        0.58       7e+04   0.0506719        0.62   31   16   46
--------   Current Progress:  85 % - Matrix factorization
Memory: 897/1047 1085/1106
--------   Current Progress:  85 % - Solving linear system
Memory: 946/1047 1082/1106
--------   Current Progress:  85 % - Assembling matrices
Memory: 943/1047 1078/1106
  17        0.56     7.1e+04   0.0525155        0.59   33   17   49
--------   Current Progress:  86 % - Solving linear system
Memory: 925/1047 1077/1106
--------   Current Progress:  86 % - Assembling matrices
Memory: 946/1047 1081/1106
--------   Current Progress:  86 % - 
Memory: 940/1047 1075/1106
--------   Current Progress:  86 % - Matrix factorization
Memory: 930/1047 1085/1106
--------   Current Progress:  86 % - Assembling matrices
Memory: 947/1047 1083/1106
  18        0.54     7.1e+04   0.0570631        0.57   35   18   52
--------   Current Progress:  87 % - Assembling matrices
Memory: 946/1047 1081/1106
--------   Current Progress:  87 % - Matrix factorization
Memory: 894/1047 1085/1106
--------   Current Progress:  87 % - Solving linear system
Memory: 946/1047 1082/1106
  19        0.51     7.1e+04   0.0577764        0.54   37   19   55
--------   Current Progress:  88 % - Solving linear system
Memory: 940/1047 1075/1106
--------   Current Progress:  88 % - Assembling matrices
Memory: 946/1047 1081/1106
--------   Current Progress:  88 % - Matrix factorization
Memory: 922/1047 1085/1106
--------   Current Progress:  88 % - Assembling matrices
Memory: 947/1047 1083/1106
  20        0.48     7.1e+04   0.0656463        0.51   39   20   58
--------   Current Progress:  89 % - Assembling matrices
Memory: 946/1047 1081/1106
--------   Current Progress:  89 % - Matrix factorization
Memory: 891/1047 1085/1106
--------   Current Progress:  89 % - Solving linear system
Memory: 947/1047 1082/1106
  21        0.44       7e+04   0.0656463        0.47   41   21   61
---------  Current Progress:  90 % - Assembling matrices
Memory: 946/1047 1081/1106
---------  Current Progress:  90 % - Matrix factorization
Memory: 884/1047 1085/1106
---------  Current Progress:  90 % - Solving linear system
Memory: 945/1047 1085/1106
  22         0.4     6.9e+04   0.0728750        0.44   43   22   64
---------  Current Progress:  90 % - Assembling matrices
Memory: 947/1047 1081/1106
---------  Current Progress:  90 % - Matrix factorization
Memory: 918/1047 1085/1106
---------  Current Progress:  90 % - Assembling matrices
Memory: 948/1047 1083/1106
  23        0.36     6.8e+04   0.0728750        0.39   45   23   67
---------  Current Progress:  91 % - Assembling matrices
Memory: 947/1047 1081/1106
---------  Current Progress:  91 % - Matrix factorization
Memory: 883/1047 1085/1106
---------  Current Progress:  91 % - Solving linear system
Memory: 945/1047 1081/1106
  24        0.31     6.7e+04   0.0827632        0.34   47   24   70
---------  Current Progress:  91 % - Assembling matrices
Memory: 947/1047 1081/1106
---------  Current Progress:  91 % - Matrix factorization
Memory: 916/1047 1085/1106
---------  Current Progress:  91 % - Assembling matrices
Memory: 945/1047 1080/1106
  25        0.26     6.5e+04   0.0860391        0.29   49   25   73
---------  Current Progress:  92 % - Assembling matrices
Memory: 947/1047 1081/1106
---------  Current Progress:  92 % - Matrix factorization
Memory: 903/1047 1085/1106
---------  Current Progress:  92 % - Solving linear system
Memory: 948/1047 1082/1106
  26        0.21     6.3e+04   0.1043855        0.23   51   26   76
---------  Current Progress:  93 % - Assembling matrices
Memory: 947/1047 1081/1106
---------  Current Progress:  93 % - Matrix factorization
Memory: 928/1047 1085/1106
---------  Current Progress:  93 % - Assembling matrices
Memory: 949/1047 1083/1106
  27        0.15       6e+04   0.1154099        0.17   53   27   79
---------  Current Progress:  94 % - Assembling matrices
Memory: 948/1047 1081/1106
---------  Current Progress:  94 % - Matrix factorization
Memory: 890/1047 1085/1106
---------  Current Progress:  94 % - Solving linear system
Memory: 948/1047 1082/1106
  28       0.092     5.7e+04   0.1165294        0.11   55   28   82
---------  Current Progress:  95 % - Assembling matrices
Memory: 948/1047 1081/1106
---------  Current Progress:  95 % - Matrix factorization
Memory: 913/1047 1085/1106
---------  Current Progress:  95 % - Assembling matrices
Memory: 949/1047 1083/1106
  29       0.061     8.8e+04   0.5299043       0.071   56   29   84
---------  Current Progress:  95 % - Constraint handling
Memory: 942/1047 1075/1106
---------  Current Progress:  95 % - Matrix factorization
Memory: 936/1047 1085/1106
---------  Current Progress:  95 % - Assembling matrices
Memory: 950/1047 1083/1106
  30        0.11     7.2e+04   0.2098996        0.13   57   30   86
---------  Current Progress:  95 % - Matrix factorization
Memory: 898/1047 1085/1106
---------  Current Progress:  95 % - Solving linear system
Memory: 949/1047 1082/1106
  31      0.0083     3.1e+04   1.0000000        0.09   58   31   88
---------  Current Progress:  98 % - Assembling matrices
Memory: 948/1047 1081/1106
---------  Current Progress:  98 % - Matrix factorization
Memory: 923/1047 1085/1106
---------  Current Progress:  98 % - Assembling matrices
Memory: 950/1047 1083/1106
  32     2.7e-05          93   1.0000000       0.011   59   32   90
---------  Current Progress:  99 % - Assembling matrices
Memory: 949/1047 1081/1106
---------  Current Progress:  99 % - Matrix factorization
Memory: 881/1047 1056/1106
---------  Current Progress:  99 % - Assembling matrices
Memory: 950/1047 1083/1106
  33     9.4e-10     2.1e-05   1.0000000       3e-05   61   33   92
---------- Current Progress: 100 % - Constraint handling
Memory: 941/1047 1073/1106
Solution time: 49 s.
Physical memory: 1.03 GB
Virtual memory: 1.09 GB
Ended at Oct 1, 2026, 3:04:39 AM.
----- Stationary Solver 2 in Study 1/Solution 1 (sol1) ------------------------>
VD=0.20 VG=  48.00 ID=3.0918e-06 A
<---- Compile Equations: Semiconductor Equilibrium in Study 1/Solution 1 (sol1) -
Started at Oct 1, 2026, 3:04:41 AM.
Geometry shape function: Linear Lagrange
Running on 11th Gen Intel(R) Core(TM) i7-1165G7 at 2.80 GHz.
Using 1 socket with 4 cores in total on WIN-FNSSP1NOF49.
Available memory: 7.97 GB.
           Current Progress:   3 % - Compile Equations: Semiconductor Equilibrium
Memory: 840/1047 909/1106
           Current Progress:   3 % - Creating visualization mesh
Time: 1 s.
Physical memory: 840 MB
Virtual memory: 909 MB
Ended at Oct 1, 2026, 3:04:41 AM.
----- Compile Equations: Semiconductor Equilibrium in Study 1/Solution 1 (sol1) >
<---- Dependent Variables 1 in Study 1/Solution 1 (sol1) -----------------------
Started at Oct 1, 2026, 3:04:41 AM.
           Current Progress:   3 % - Dependent Variables 1
Memory: 845/1047 914/1106
Solution time: 0 s.
Physical memory: 845 MB
Virtual memory: 914 MB
Ended at Oct 1, 2026, 3:04:41 AM.
----- Dependent Variables 1 in Study 1/Solution 1 (sol1) ---------------------->
<---- Stationary Solver 1 in Study 1/Solution 1 (sol1) -------------------------
Started at Oct 1, 2026, 3:04:41 AM.
Nonlinear solver
Number of degrees of freedom solved for: 138873.
           Current Progress:   5 % - Assembling sparsity pattern
Memory: 861/1047 930/1106
Nonsymmetric matrix found.
Scales for dependent variables:
Electron solution variable (comp1.Ne): 1e+23
Hole solution variable (comp1.Ph): 2.7e+26
Electric potential (comp1.V): 1.7e+21
Orthonormal null-space function used.
           Current Progress:   5 % - Matrix factorization
Memory: 890/1047 973/1106
Iter      SolEst      ResEst     Damping    Stepsize #Res #Jac #Sol
           Current Progress:   5 % - Assembling matrices
Memory: 940/1047 1025/1106
   1          24     1.3e+18   0.1000000          41    2    1    2
           Current Progress:   9 % - Assembling sparsity pattern
Memory: 929/1047 1015/1106
           Current Progress:   9 % - Assembling matrices
Memory: 943/1047 1028/1106
           Current Progress:   9 % - Matrix factorization
Memory: 934/1047 1033/1106
           Current Progress:   9 % - Assembling matrices
Memory: 943/1047 1030/1106
   2         2.2     3.2e+03   0.0885589         2.5    4    2    5
-          Current Progress:  14 % - Assembling sparsity pattern
Memory: 933/1047 1019/1106
-          Current Progress:  14 % - Assembling matrices
Memory: 942/1047 1027/1106
-          Current Progress:  14 % - Matrix factorization
Memory: 926/1047 1031/1106
-          Current Progress:  14 % - Solving linear system
Memory: 923/1047 993/1106
   3         1.3     1.5e+04   0.6597448         2.8    5    3    7
--         Current Progress:  25 % - Matrix factorization
Memory: 898/1047 995/1106
--         Current Progress:  25 % - Solving linear system
Memory: 923/1047 993/1106
   4       0.092     3.9e+03   1.0000000           2    6    4    9
---        Current Progress:  37 % - Matrix factorization
Memory: 891/1047 995/1106
---        Current Progress:  37 % - Solving linear system
Memory: 924/1047 994/1106
   5      0.0016          91   1.0000000       0.079    7    5   11
----       Current Progress:  43 % - Assembling matrices
Memory: 917/1047 987/1106
----       Current Progress:  43 % - Matrix factorization
Memory: 915/1047 995/1106
----       Current Progress:  43 % - Assembling matrices
Memory: 923/1047 993/1106
   6     2.4e-05         1.9   1.0000000      0.0018    8    6   13
----       Current Progress:  47 % - Assembling matrices
Memory: 920/1047 990/1106
----       Current Progress:  47 % - Matrix factorization
Memory: 912/1047 995/1106
----       Current Progress:  47 % - Assembling matrices
Memory: 923/1047 993/1106
   7     2.1e-08     8.1e-06   1.0000000     1.9e-05   10    7   15
-----      Current Progress:  50 % - Constraint handling
Memory: 768/1047 820/1106
Solution time: 8 s.
Physical memory: 943 MB
Virtual memory: 1033 MB
Ended at Oct 1, 2026, 3:04:49 AM.
----- Stationary Solver 1 in Study 1/Solution 1 (sol1) ------------------------>
<---- Compile Equations: Stationary in Study 1/Solution 1 (sol1) ---------------
Started at Oct 1, 2026, 3:04:49 AM.
Geometry shape function: Linear Lagrange
-----      Current Progress:  52 % - Compile Equations: Stationary
Memory: 826/1047 881/1106
-----      Current Progress:  52 % - Creating visualization mesh
Memory: 827/1047 882/1106
Time: 1 s.
Physical memory: 828 MB
Virtual memory: 883 MB
Ended at Oct 1, 2026, 3:04:50 AM.
----- Compile Equations: Stationary in Study 1/Solution 1 (sol1) -------------->
<---- Dependent Variables 2 in Study 1/Solution 1 (sol1) -----------------------
Started at Oct 1, 2026, 3:04:50 AM.
Initial values of variables solved for: Solution 1 (sol1), Solution Store 1 (sol2).
Values of variables not solved for: Solution 1 (sol1).
-----      Current Progress:  52 % - Dependent Variables 2
Memory: 831/1047 887/1106
Solution time: 0 s.
Physical memory: 831 MB
Virtual memory: 887 MB
Ended at Oct 1, 2026, 3:04:50 AM.
----- Dependent Variables 2 in Study 1/Solution 1 (sol1) ---------------------->
<---- Stationary Solver 2 in Study 1/Solution 1 (sol1) -------------------------
Started at Oct 1, 2026, 3:04:50 AM.
Nonlinear solver
Number of degrees of freedom solved for: 138873.
-----      Current Progress:  55 % - Assembling matrices
Memory: 850/1047 905/1106
-----      Current Progress:  55 % - Assembling sparsity pattern
Memory: 854/1047 909/1106
-----      Current Progress:  55 % - Assembling matrices
Memory: 886/1047 941/1106
Nonsymmetric matrix found.
-----      Current Progress:  55 % - 
Memory: 880/1047 935/1106
Scales for dependent variables:
Electron solution variable (comp1.Ne): 1.7e+25
Hole solution variable (comp1.Ph): 1.1e+29
Electric potential (comp1.V): 1.6e+19
Orthonormal null-space function used.
-----      Current Progress:  55 % - Matrix factorization
Memory: 936/1047 1004/1106
Iter      SolEst      ResEst     Damping    Stepsize #Res #Jac #Sol
-----      Current Progress:  55 % - Assembling matrices
Memory: 1004/1047 1081/1106
   1         3.6     7.5e+04   0.1000000         4.4    2    1    2
-----      Current Progress:  59 % - Assembling sparsity pattern
Memory: 986/1047 1064/1106
-----      Current Progress:  59 % - Assembling matrices
Memory: 1006/1047 1083/1106
-----      Current Progress:  59 % - Matrix factorization
Memory: 977/1047 1087/1106
-----      Current Progress:  59 % - Assembling matrices
Memory: 1006/1047 1083/1106
   2        0.33     6.1e+04   0.1000000        0.36    4    2    5
------     Current Progress:  64 % - Assembling sparsity pattern
Memory: 984/1047 1062/1106
------     Current Progress:  64 % - Assembling matrices
Memory: 1005/1047 1082/1106
------     Current Progress:  64 % - Matrix factorization
Memory: 953/1047 1086/1106
------     Current Progress:  64 % - Solving linear system
Memory: 1005/1047 1082/1106
   3        0.65     6.1e+04   0.0456950        0.68    5    3    7
------     Current Progress:  64 % - Assembling matrices
------     Current Progress:  64 % - Matrix factorization
Memory: 977/1047 1086/1106
------     Current Progress:  64 % - Assembling matrices
Memory: 1006/1047 1083/1106
   4        0.72     6.1e+04   0.0378724        0.75    7    4   10
------     Current Progress:  64 % - Matrix factorization
Memory: 939/1047 1086/1106
------     Current Progress:  64 % - Solving linear system
Memory: 1004/1047 1082/1106
   5        0.76       6e+04   0.0378724        0.79    9    5   13
------     Current Progress:  64 % - Assembling matrices
Memory: 1005/1047 1082/1106
------     Current Progress:  64 % - Matrix factorization
Memory: 971/1047 1086/1106
------     Current Progress:  64 % - Assembling matrices
Memory: 1006/1047 1083/1106
------     Current Progress:  64 % - Solving linear system
------     Current Progress:  64 % - Assembling matrices
   6        0.77       6e+04   0.0378724         0.8   11    6   16
------     Current Progress:  64 % - Matrix factorization
Memory: 951/1047 1086/1106
------     Current Progress:  64 % - Solving linear system
Memory: 1005/1047 1082/1106
   7        0.78       6e+04   0.0378724        0.81   13    7   19
------     Current Progress:  64 % - Assembling matrices
------     Current Progress:  64 % - Matrix factorization
Memory: 969/1047 1086/1106
------     Current Progress:  64 % - Assembling matrices
Memory: 1006/1047 1083/1106
   8        0.77       6e+04   0.0378724        0.81   15    8   22
-------    Current Progress:  74 % - Assembling matrices
Memory: 1005/1047 1082/1106
-------    Current Progress:  74 % - Matrix factorization
Memory: 955/1047 1076/1106
-------    Current Progress:  74 % - Assembling matrices
Memory: 1006/1047 1083/1106
   9        0.77       6e+04   0.0378724         0.8   17    9   25
-------    Current Progress:  77 % - Assembling matrices
Memory: 1005/1047 1082/1106
-------    Current Progress:  77 % - Matrix factorization
Memory: 957/1047 1086/1106
-------    Current Progress:  77 % - Assembling matrices
Memory: 1002/1047 1079/1106
  10        0.75       6e+04   0.0378724        0.78   19   10   28
-------    Current Progress:  79 % - Assembling matrices
Memory: 1005/1047 1082/1106
-------    Current Progress:  79 % - Matrix factorization
Memory: 937/1047 1056/1106
-------    Current Progress:  79 % - Solving linear system
Memory: 1005/1047 1085/1106
  11        0.74       6e+04   0.0409931        0.77   21   11   31
--------   Current Progress:  80 % - Assembling matrices
Memory: 1005/1047 1082/1106
--------   Current Progress:  80 % - Matrix factorization
Memory: 979/1047 1086/1106
--------   Current Progress:  80 % - Assembling matrices
Memory: 1006/1047 1083/1106
  12        0.72       6e+04   0.0409931        0.76   23   12   34
--------   Current Progress:  82 % - Assembling matrices
Memory: 1005/1047 1082/1106
--------   Current Progress:  82 % - Matrix factorization
Memory: 955/1047 1086/1106
--------   Current Progress:  82 % - Solving linear system
Memory: 1005/1047 1082/1106
  13        0.71       6e+04   0.0448034        0.74   25   13   37
--------   Current Progress:  82 % - Assembling matrices
--------   Current Progress:  82 % - Matrix factorization
Memory: 980/1047 1086/1106
--------   Current Progress:  82 % - Assembling matrices
Memory: 1006/1047 1083/1106
  14        0.69       6e+04   0.0448034        0.72   27   14   40
--------   Current Progress:  84 % - Assembling matrices
Memory: 1005/1047 1082/1106
--------   Current Progress:  84 % - Matrix factorization
Memory: 947/1047 1086/1106
--------   Current Progress:  84 % - Solving linear system
Memory: 1005/1047 1082/1106
  15        0.67     6.1e+04   0.0491835         0.7   29   15   43
--------   Current Progress:  84 % - Assembling matrices
--------   Current Progress:  84 % - Matrix factorization
Memory: 977/1047 1086/1106
--------   Current Progress:  84 % - Assembling matrices
Memory: 1006/1047 1083/1106
  16        0.64     6.1e+04   0.0491835        0.68   31   16   46
--------   Current Progress:  86 % - Assembling matrices
Memory: 1005/1047 1082/1106
--------   Current Progress:  86 % - Matrix factorization
Memory: 941/1047 1086/1106
--------   Current Progress:  86 % - Solving linear system
Memory: 1005/1047 1082/1106
--------   Current Progress:  86 % - Assembling matrices
Memory: 1006/1047 1083/1106
  17        0.62     6.1e+04   0.0547499        0.65   33   17   49
--------   Current Progress:  86 % - Matrix factorization
Memory: 932/1047 1056/1106
--------   Current Progress:  86 % - Assembling matrices
Memory: 1006/1047 1083/1106
--------   Current Progress:  86 % - Solving linear system
Memory: 1004/1047 1082/1106
  18        0.59     6.1e+04   0.0547499        0.62   35   18   52
--------   Current Progress:  87 % - Assembling matrices
Memory: 1005/1047 1082/1106
--------   Current Progress:  87 % - Matrix factorization
Memory: 963/1047 1086/1106
--------   Current Progress:  87 % - Assembling matrices
Memory: 1006/1047 1083/1106
  19        0.56     6.2e+04   0.0608210         0.6   37   19   55
--------   Current Progress:  88 % - Assembling matrices
Memory: 1005/1047 1082/1106
--------   Current Progress:  88 % - Matrix factorization
Memory: 930/1047 985/1106
--------   Current Progress:  88 % - Assembling matrices
Memory: 1006/1047 1083/1106
  20        0.52     6.1e+04   0.0608210        0.56   39   20   58
--------   Current Progress:  89 % - Assembling matrices
Memory: 1005/1047 1082/1106
--------   Current Progress:  89 % - Matrix factorization
Memory: 959/1047 1086/1106
--------   Current Progress:  89 % - Assembling matrices
Memory: 1004/1047 1081/1106
  21        0.48     6.1e+04   0.0686126        0.52   41   21   61
--------   Current Progress:  89 % - Matrix factorization
Memory: 930/1047 985/1106
--------   Current Progress:  89 % - Assembling matrices
Memory: 1006/1047 1083/1106
--------   Current Progress:  89 % - Solving linear system
Memory: 1004/1047 1082/1106
  22        0.44     6.1e+04   0.0686126        0.47   43   22   64
---------  Current Progress:  90 % - Assembling matrices
Memory: 1005/1047 1082/1106
---------  Current Progress:  90 % - Matrix factorization
Memory: 964/1047 1086/1106
---------  Current Progress:  90 % - Assembling matrices
Memory: 1003/1047 1080/1106
  23        0.39       6e+04   0.0755509        0.42   45   23   67
---------  Current Progress:  91 % - Assembling matrices
Memory: 1005/1047 1082/1106
---------  Current Progress:  91 % - Matrix factorization
Memory: 993/1047 1076/1106
---------  Current Progress:  91 % - Assembling matrices
Memory: 1006/1047 1083/1106
---------  Current Progress:  91 % - Solving linear system
  24        0.34     5.9e+04   0.0755509        0.37   47   24   70
---------  Current Progress:  92 % - Assembling matrices
Memory: 1005/1047 1082/1106
---------  Current Progress:  92 % - Matrix factorization
Memory: 954/1047 1086/1106
---------  Current Progress:  92 % - Solving linear system
Memory: 1005/1047 1082/1106
  25        0.28     5.7e+04   0.0893621        0.31   49   25   73
---------  Current Progress:  92 % - Assembling matrices
---------  Current Progress:  92 % - Matrix factorization
Memory: 979/1047 1086/1106
---------  Current Progress:  92 % - Assembling matrices
Memory: 1006/1047 1083/1106
  26        0.22     5.6e+04   0.1034299        0.25   51   26   76
---------  Current Progress:  93 % - Assembling matrices
Memory: 1005/1047 1082/1106
---------  Current Progress:  93 % - Matrix factorization
Memory: 947/1047 1086/1106
---------  Current Progress:  93 % - Solving linear system
Memory: 1005/1047 1082/1106
---------  Current Progress:  93 % - Assembling matrices
Memory: 1002/1047 1079/1106
  27        0.15     5.4e+04   0.1108752        0.17   53   27   79
---------  Current Progress:  94 % - Assembling matrices
Memory: 1005/1047 1082/1106
---------  Current Progress:  94 % - Matrix factorization
Memory: 1001/1047 1078/1106
---------  Current Progress:  94 % - Assembling matrices
Memory: 1006/1047 1083/1106
  28       0.093     5.1e+04   0.1060154        0.11   55   28   82
---------  Current Progress:  95 % - Solving linear system
Memory: 985/1047 1078/1106
---------  Current Progress:  95 % - Assembling matrices
Memory: 1005/1047 1082/1106
---------  Current Progress:  95 % - Matrix factorization
Memory: 974/1047 1086/1106
---------  Current Progress:  95 % - Assembling matrices
Memory: 1006/1047 1083/1106
  29       0.048     7.5e+04   0.4563968       0.068   56   29   84
---------  Current Progress:  96 % - Assembling matrices
Memory: 1005/1047 1082/1106
---------  Current Progress:  96 % - Matrix factorization
Memory: 937/1047 1056/1106
---------  Current Progress:  96 % - Assembling matrices
Memory: 1006/1047 1083/1106
  30        0.13     6.8e+04   0.0944317        0.15   57   30   86
---------  Current Progress:  96 % - Matrix factorization
Memory: 959/1047 1086/1106
---------  Current Progress:  96 % - Solving linear system
Memory: 1005/1047 1082/1106
  31       0.036     5.3e+04   0.9443175        0.11   58   31   88
---------  Current Progress:  97 % - Assembling matrices
---------  Current Progress:  97 % - Matrix factorization
Memory: 986/1047 1086/1106
---------  Current Progress:  97 % - Assembling matrices
Memory: 1006/1047 1083/1106
  32     0.00035     6.2e+02   1.0000000       0.036   59   32   90
---------  Current Progress:  99 % - Assembling matrices
Memory: 1005/1047 1082/1106
---------  Current Progress:  99 % - Matrix factorization
Memory: 947/1047 1086/1106
---------  Current Progress:  99 % - Solving linear system
Memory: 1005/1047 1082/1106
  33     3.2e-07     0.00041   1.0000000     0.00042   61   33   92
---------- Current Progress: 100 % - Constraint handling
Memory: 862/1047 917/1106
Solution time: 48 s.
Physical memory: 1.01 GB
Virtual memory: 1.09 GB
Ended at Oct 1, 2026, 3:05:38 AM.
----- Stationary Solver 2 in Study 1/Solution 1 (sol1) ------------------------>
VD=0.20 VG=  44.00 ID=2.9335e-06 A
<---- Compile Equations: Semiconductor Equilibrium in Study 1/Solution 1 (sol1) -
Started at Oct 1, 2026, 3:05:40 AM.
Geometry shape function: Linear Lagrange
Running on 11th Gen Intel(R) Core(TM) i7-1165G7 at 2.80 GHz.
Using 1 socket with 4 cores in total on WIN-FNSSP1NOF49.
Available memory: 7.97 GB.
           Current Progress:   3 % - Compile Equations: Semiconductor Equilibrium
Memory: 865/1047 907/1106
           Current Progress:   3 % - Creating visualization mesh
Time: 1 s.
Physical memory: 865 MB
Virtual memory: 907 MB
Ended at Oct 1, 2026, 3:05:40 AM.
----- Compile Equations: Semiconductor Equilibrium in Study 1/Solution 1 (sol1) >
<---- Dependent Variables 1 in Study 1/Solution 1 (sol1) -----------------------
Started at Oct 1, 2026, 3:05:40 AM.
           Current Progress:   3 % - Dependent Variables 1
Memory: 870/1047 911/1106
Solution time: 0 s.
Physical memory: 870 MB
Virtual memory: 911 MB
Ended at Oct 1, 2026, 3:05:40 AM.
----- Dependent Variables 1 in Study 1/Solution 1 (sol1) ---------------------->
<---- Stationary Solver 1 in Study 1/Solution 1 (sol1) -------------------------
Started at Oct 1, 2026, 3:05:40 AM.
Nonlinear solver
Number of degrees of freedom solved for: 138873.
           Current Progress:   5 % - Assembling sparsity pattern
Memory: 887/1047 928/1106
Nonsymmetric matrix found.
Scales for dependent variables:
Electron solution variable (comp1.Ne): 1e+23
Hole solution variable (comp1.Ph): 2.7e+26
Electric potential (comp1.V): 1.7e+21
Orthonormal null-space function used.
           Current Progress:   5 % - Matrix factorization
Memory: 918/1047 973/1106
Iter      SolEst      ResEst     Damping    Stepsize #Res #Jac #Sol
           Current Progress:   5 % - Assembling matrices
Memory: 967/1047 1026/1106
   1          25     9.5e+17   0.1000000          39    2    1    2
           Current Progress:   9 % - Assembling sparsity pattern
Memory: 958/1047 1016/1106
           Current Progress:   9 % - Assembling matrices
Memory: 969/1047 1028/1106
           Current Progress:   9 % - Matrix factorization
Memory: 960/1047 1031/1106
           Current Progress:   9 % - Assembling matrices
Memory: 970/1047 1028/1106
           Current Progress:   9 % - Solving linear system
Memory: 971/1047 1029/1106
   2           2     3.2e+03   0.0901850         2.2    4    2    5
-          Current Progress:  14 % - Assembling sparsity pattern
Memory: 960/1047 1018/1106
-          Current Progress:  14 % - Matrix factorization
Memory: 940/1047 1030/1106
-          Current Progress:  14 % - Solving linear system
Memory: 937/1047 993/1106
   3         1.4       1e+04   0.5062634         2.5    5    3    7
--         Current Progress:  24 % - Assembling matrices
Memory: 933/1047 989/1106
--         Current Progress:  24 % - Matrix factorization
Memory: 923/1047 993/1106
--         Current Progress:  24 % - Assembling matrices
Memory: 935/1047 991/1106
   4        0.19     5.8e+03   1.0000000         2.7    6    4    9
---        Current Progress:  35 % - Assembling matrices
Memory: 932/1047 988/1106
---        Current Progress:  35 % - Matrix factorization
Memory: 917/1047 993/1106
---        Current Progress:  35 % - Solving linear system
Memory: 935/1047 991/1106
   5     0.00056         4.9   1.0000000        0.14    7    5   11
----       Current Progress:  45 % - Solving linear system
----       Current Progress:  45 % - Matrix factorization
Memory: 913/1047 993/1106
----       Current Progress:  45 % - Solving linear system
Memory: 935/1047 991/1106
   6     9.3e-08     2.5e-06   1.0000000     0.00052    9    6   13
-----      Current Progress:  50 % - Constraint handling
Memory: 786/1047 825/1106
Solution time: 7 s.
Physical memory: 971 MB
Virtual memory: 1031 MB
Ended at Oct 1, 2026, 3:05:47 AM.
----- Stationary Solver 1 in Study 1/Solution 1 (sol1) ------------------------>
<---- Compile Equations: Stationary in Study 1/Solution 1 (sol1) ---------------
Started at Oct 1, 2026, 3:05:47 AM.
Geometry shape function: Linear Lagrange
-----      Current Progress:  52 % - Compile Equations: Stationary
Memory: 867/1047 909/1106
-----      Current Progress:  52 % - Creating visualization mesh
Memory: 849/1047 891/1106
Time: 1 s.
Physical memory: 867 MB
Virtual memory: 909 MB
Ended at Oct 1, 2026, 3:05:48 AM.
----- Compile Equations: Stationary in Study 1/Solution 1 (sol1) -------------->
<---- Dependent Variables 2 in Study 1/Solution 1 (sol1) -----------------------
Started at Oct 1, 2026, 3:05:48 AM.
Initial values of variables solved for: Solution 1 (sol1), Solution Store 1 (sol2).
Values of variables not solved for: Solution 1 (sol1).
-----      Current Progress:  52 % - Dependent Variables 2
Memory: 859/1047 901/1106
Solution time: 0 s.
Physical memory: 859 MB
Virtual memory: 901 MB
Ended at Oct 1, 2026, 3:05:48 AM.
----- Dependent Variables 2 in Study 1/Solution 1 (sol1) ---------------------->
<---- Stationary Solver 2 in Study 1/Solution 1 (sol1) -------------------------
Started at Oct 1, 2026, 3:05:48 AM.
Nonlinear solver
Number of degrees of freedom solved for: 138873.
-----      Current Progress:  55 % - Assembling matrices
Memory: 875/1047 917/1106
-----      Current Progress:  55 % - Assembling sparsity pattern
Memory: 878/1047 919/1106
-----      Current Progress:  55 % - Assembling matrices
Memory: 909/1047 951/1106
Nonsymmetric matrix found.
Scales for dependent variables:
Electron solution variable (comp1.Ne): 1.5e+25
Hole solution variable (comp1.Ph): 9.5e+28
Electric potential (comp1.V): 1.4e+19
Orthonormal null-space function used.
-----      Current Progress:  55 % - Matrix factorization
Memory: 962/1047 1016/1106
Iter      SolEst      ResEst     Damping    Stepsize #Res #Jac #Sol
-----      Current Progress:  55 % - Assembling matrices
Memory: 1026/1047 1090/1106
   1         3.6     7.2e+04   0.1000000         4.4    2    1    2
-----      Current Progress:  59 % - Assembling sparsity pattern
Memory: 1010/1047 1073/1106
-----      Current Progress:  59 % - Assembling matrices
Memory: 1028/1047 1092/1106
-----      Current Progress:  59 % - Matrix factorization
Memory: 917/1047 1027/1113
-----      Current Progress:  59 % - Assembling matrices
Memory: 960/1047 1024/1113
   2        0.34     5.7e+04   0.1000000        0.37    4    2    5
------     Current Progress:  64 % - Assembling sparsity pattern
Memory: 943/1047 1008/1113
------     Current Progress:  64 % - Assembling matrices
Memory: 969/1047 1032/1113
------     Current Progress:  64 % - Matrix factorization
Memory: 910/1047 1036/1113
------     Current Progress:  64 % - Solving linear system
Memory: 968/1047 1036/1113
   3        0.69     5.6e+04   0.0433648        0.72    5    3    7
------     Current Progress:  64 % - Assembling matrices
Memory: 969/1047 1032/1113
------     Current Progress:  64 % - Matrix factorization
Memory: 922/1047 1036/1113
------     Current Progress:  64 % - Solving linear system
Memory: 963/1047 1026/1113
------     Current Progress:  64 % - Assembling matrices
Memory: 969/1047 1033/1113
   4        0.76     5.5e+04   0.0356610        0.79    7    4   10
------     Current Progress:  64 % - Constraint handling
Memory: 979/1047 1044/1113
------     Current Progress:  64 % - Matrix factorization
Memory: 951/1047 1036/1113
------     Current Progress:  64 % - Assembling matrices
Memory: 970/1047 1034/1113
   5         0.8     5.5e+04   0.0356610        0.83    9    5   13
------     Current Progress:  64 % - Matrix factorization
Memory: 909/1047 1036/1113
------     Current Progress:  64 % - Solving linear system
Memory: 969/1047 1033/1113
   6        0.83     5.4e+04   0.0356610        0.86   11    6   16
------     Current Progress:  64 % - Assembling matrices
Memory: 969/1047 1032/1113
------     Current Progress:  64 % - Matrix factorization
Memory: 935/1047 1036/1113
------     Current Progress:  64 % - Assembling matrices
Memory: 970/1047 1034/1113
   7        0.84     5.3e+04   0.0356610        0.87   13    7   19
------     Current Progress:  64 % - Matrix factorization
Memory: 901/1047 1007/1113
------     Current Progress:  64 % - Assembling matrices
Memory: 970/1047 1034/1113
   8        0.84     5.3e+04   0.0356610        0.87   15    8   22
------     Current Progress:  64 % - Matrix factorization
Memory: 919/1047 1036/1113
------     Current Progress:  64 % - Solving linear system
Memory: 969/1047 1033/1113
------     Current Progress:  64 % - Assembling matrices
Memory: 970/1047 1034/1113
   9        0.84     5.2e+04   0.0371465        0.87   17    9   25
-------    Current Progress:  75 % - Assembling matrices
Memory: 969/1047 1032/1113
-------    Current Progress:  75 % - Matrix factorization
Memory: 910/1047 1036/1113
-------    Current Progress:  75 % - Solving linear system
Memory: 969/1047 1033/1113
  10        0.83     5.2e+04   0.0383323        0.87   19   10   28
-------    Current Progress:  78 % - Assembling matrices
Memory: 969/1047 1032/1113
-------    Current Progress:  78 % - Matrix factorization
Memory: 940/1047 1036/1113
-------    Current Progress:  78 % - Assembling matrices
Memory: 970/1047 1034/1113
  11        0.82     5.2e+04   0.0403535        0.86   21   11   31
--------   Current Progress:  80 % - Assembling matrices
Memory: 969/1047 1032/1113
--------   Current Progress:  80 % - Matrix factorization
Memory: 906/1047 1036/1113
--------   Current Progress:  80 % - Solving linear system
Memory: 965/1047 1030/1113
  12         0.8     5.2e+04   0.0411920        0.84   23   12   34
--------   Current Progress:  81 % - Assembling matrices
Memory: 969/1047 1032/1113
--------   Current Progress:  81 % - Matrix factorization
Memory: 936/1047 1037/1113
--------   Current Progress:  81 % - Assembling matrices
Memory: 971/1047 1035/1113
  13        0.79     5.2e+04   0.0445290        0.82   25   13   37
--------   Current Progress:  82 % - Assembling matrices
Memory: 970/1047 1034/1113
--------   Current Progress:  82 % - Matrix factorization
Memory: 918/1047 1027/1113
--------   Current Progress:  82 % - Solving linear system
Memory: 967/1047 1031/1113
--------   Current Progress:  82 % - Assembling matrices
Memory: 971/1047 1035/1113
  14        0.76     5.1e+04   0.0445290         0.8   27   14   40
--------   Current Progress:  84 % - Assembling matrices
Memory: 970/1047 1034/1113
--------   Current Progress:  84 % - Matrix factorization
Memory: 923/1047 1038/1113
--------   Current Progress:  84 % - Solving linear system
Memory: 970/1047 1034/1113
--------   Current Progress:  84 % - Assembling matrices
Memory: 971/1047 1035/1113
  15        0.74     5.2e+04   0.0495306        0.78   29   15   43
--------   Current Progress:  84 % - 
Memory: 964/1047 1028/1113
--------   Current Progress:  84 % - Matrix factorization
Memory: 957/1047 1038/1113
--------   Current Progress:  84 % - Assembling matrices
Memory: 971/1047 1035/1113
  16        0.71     5.2e+04   0.0495306        0.75   31   16   46
--------   Current Progress:  86 % - Assembling matrices
Memory: 970/1047 1034/1113
--------   Current Progress:  86 % - Matrix factorization
Memory: 919/1047 1038/1113
--------   Current Progress:  86 % - Solving linear system
Memory: 970/1047 1034/1113
  17        0.69     5.2e+04   0.0536808        0.73   33   17   49
--------   Current Progress:  86 % - Assembling matrices
--------   Current Progress:  86 % - Matrix factorization
Memory: 942/1047 1038/1113
--------   Current Progress:  86 % - Assembling matrices
Memory: 971/1047 1035/1113
  18        0.65     5.2e+04   0.0538068        0.69   35   18   52
--------   Current Progress:  87 % - Assembling matrices
Memory: 970/1047 1034/1113
--------   Current Progress:  87 % - Matrix factorization
Memory: 902/1047 1008/1113
--------   Current Progress:  87 % - Solving linear system
Memory: 971/1047 1035/1113
  19        0.62     5.2e+04   0.0613162        0.66   37   19   55
--------   Current Progress:  88 % - Assembling matrices
Memory: 970/1047 1034/1113
--------   Current Progress:  88 % - Matrix factorization
Memory: 940/1047 1038/1113
--------   Current Progress:  88 % - Assembling matrices
Memory: 971/1047 1035/1113
--------   Current Progress:  88 % - Solving linear system
  20        0.58     5.2e+04   0.0613162        0.62   39   20   58
--------   Current Progress:  89 % - Assembling matrices
Memory: 970/1047 1034/1113
--------   Current Progress:  89 % - Matrix factorization
Memory: 923/1047 1038/1113
--------   Current Progress:  89 % - Solving linear system
Memory: 968/1047 1032/1113
--------   Current Progress:  89 % - Assembling matrices
Memory: 971/1047 1035/1113
  21        0.53     5.2e+04   0.0659170        0.57   41   21   61
--------   Current Progress:  89 % - Matrix factorization
Memory: 965/1047 1029/1113
--------   Current Progress:  89 % - Assembling matrices
Memory: 971/1047 1035/1113
  22        0.48     5.1e+04   0.0675155        0.52   43   22   64
---------  Current Progress:  90 % - Assembling matrices
Memory: 970/1047 1034/1113
---------  Current Progress:  90 % - Matrix factorization
Memory: 910/1047 1038/1113
---------  Current Progress:  90 % - Solving linear system
Memory: 971/1047 1035/1113
  23        0.43     5.1e+04   0.0737938        0.47   45   23   67
---------  Current Progress:  91 % - Assembling matrices
Memory: 970/1047 1034/1113
---------  Current Progress:  91 % - Matrix factorization
Memory: 924/1047 1038/1113
---------  Current Progress:  91 % - Solving linear system
Memory: 967/1047 1031/1113
---------  Current Progress:  91 % - Assembling matrices
Memory: 971/1047 1035/1113
  24        0.37       5e+04   0.0763024        0.41   47   24   70
---------  Current Progress:  92 % - Assembling matrices
Memory: 970/1047 1034/1113
---------  Current Progress:  92 % - Constraint handling
Memory: 964/1047 1029/1113
---------  Current Progress:  92 % - Matrix factorization
Memory: 953/1047 1038/1113
---------  Current Progress:  92 % - Assembling matrices
Memory: 971/1047 1035/1113
  25        0.31     4.9e+04   0.0914050        0.34   49   25   73
---------  Current Progress:  92 % - Matrix factorization
Memory: 918/1047 1038/1113
---------  Current Progress:  92 % - Solving linear system
Memory: 970/1047 1034/1113
  26        0.23     4.8e+04   0.1020710        0.26   51   26   76
---------  Current Progress:  93 % - Solving linear system
Memory: 973/1047 1037/1113
---------  Current Progress:  93 % - Assembling matrices
Memory: 970/1047 1034/1113
---------  Current Progress:  93 % - Matrix factorization
Memory: 948/1047 1038/1113
---------  Current Progress:  93 % - Assembling matrices
Memory: 971/1047 1035/1113
  27        0.16     4.7e+04   0.1052601        0.18   53   27   79
---------  Current Progress:  94 % - Assembling matrices
Memory: 970/1047 1034/1113
---------  Current Progress:  94 % - Matrix factorization
Memory: 912/1047 1038/1113
---------  Current Progress:  94 % - Solving linear system
Memory: 970/1047 1034/1113
  28         0.1     9.2e+04   0.5086986        0.13   54   28   81
---------  Current Progress:  94 % - Assembling matrices
---------  Current Progress:  94 % - Matrix factorization
Memory: 941/1047 1038/1113
---------  Current Progress:  94 % - Assembling matrices
Memory: 971/1047 1035/1113
  29        0.19     7.7e+04   0.1850480        0.24   55   29   83
---------  Current Progress:  94 % - Constraint handling
Memory: 975/1047 1044/1113
---------  Current Progress:  94 % - Matrix factorization
Memory: 955/1047 1038/1113
---------  Current Progress:  94 % - Assembling matrices
Memory: 971/1047 1035/1113
  30       0.011     4.5e+04   1.0000000        0.14   56   30   85
---------  Current Progress:  98 % - Assembling matrices
Memory: 970/1047 1034/1113
---------  Current Progress:  98 % - Matrix factorization
Memory: 902/1047 1008/1113
---------  Current Progress:  98 % - Solving linear system
Memory: 971/1047 1035/1113
  31     0.00014     2.2e+02   1.0000000       0.019   57   31   87
---------  Current Progress:  99 % - Assembling matrices
Memory: 970/1047 1034/1113
---------  Current Progress:  99 % - Matrix factorization
Memory: 902/1047 1008/1113
---------  Current Progress:  99 % - Assembling matrices
Memory: 971/1047 1035/1113
  32     2.6e-08     2.3e-05   1.0000000     0.00016   59   32   89
---------- Current Progress: 100 % - Constraint handling
Memory: 801/1047 839/1113
Solution time: 47 s.
Physical memory: 1.03 GB
Virtual memory: 1.09 GB
Ended at Oct 1, 2026, 3:06:36 AM.
----- Stationary Solver 2 in Study 1/Solution 1 (sol1) ------------------------>
VD=0.20 VG=  40.00 ID=2.7664e-06 A
<---- Compile Equations: Semiconductor Equilibrium in Study 1/Solution 1 (sol1) -
Started at Oct 1, 2026, 3:06:37 AM.
Geometry shape function: Linear Lagrange
Running on 11th Gen Intel(R) Core(TM) i7-1165G7 at 2.80 GHz.
Using 1 socket with 4 cores in total on WIN-FNSSP1NOF49.
Available memory: 7.97 GB.
           Current Progress:   3 % - Compile Equations: Semiconductor Equilibrium
Memory: 861/1047 903/1113
           Current Progress:   3 % - Creating visualization mesh
Time: 1 s.
Physical memory: 862 MB
Virtual memory: 904 MB
Ended at Oct 1, 2026, 3:06:38 AM.
----- Compile Equations: Semiconductor Equilibrium in Study 1/Solution 1 (sol1) >
<---- Dependent Variables 1 in Study 1/Solution 1 (sol1) -----------------------
Started at Oct 1, 2026, 3:06:38 AM.
           Current Progress:   3 % - Dependent Variables 1
Memory: 866/1047 908/1113
Solution time: 0 s.
Physical memory: 866 MB
Virtual memory: 908 MB
Ended at Oct 1, 2026, 3:06:38 AM.
----- Dependent Variables 1 in Study 1/Solution 1 (sol1) ---------------------->
<---- Stationary Solver 1 in Study 1/Solution 1 (sol1) -------------------------
Started at Oct 1, 2026, 3:06:38 AM.
Nonlinear solver
Number of degrees of freedom solved for: 138873.
           Current Progress:   5 % - Assembling sparsity pattern
Memory: 883/1047 925/1113
Nonsymmetric matrix found.
Scales for dependent variables:
Electron solution variable (comp1.Ne): 1e+23
Hole solution variable (comp1.Ph): 2.7e+26
Electric potential (comp1.V): 1.7e+21
Orthonormal null-space function used.
           Current Progress:   5 % - Matrix factorization
Memory: 915/1047 970/1113
Iter      SolEst      ResEst     Damping    Stepsize #Res #Jac #Sol
           Current Progress:   5 % - Assembling matrices
Memory: 966/1047 1024/1113
   1          29     6.9e+17   0.1000000          43    2    1    2
           Current Progress:   9 % - Assembling sparsity pattern
Memory: 955/1047 1014/1113
           Current Progress:   9 % - Matrix factorization
Memory: 943/1047 1012/1113
           Current Progress:   9 % - Assembling matrices
Memory: 969/1047 1028/1113
           Current Progress:   9 % - Solving linear system
Memory: 968/1047 1032/1113
   2         1.8     3.2e+03   0.1000000         1.9    4    2    5
-          Current Progress:  14 % - Assembling sparsity pattern
Memory: 965/1047 1023/1113
-          Current Progress:  14 % - Matrix factorization
Memory: 940/1047 1030/1113
-          Current Progress:  14 % - Solving linear system
Memory: 936/1047 993/1113
   3         1.5     4.8e+03   0.3072748         2.1    5    3    7
--         Current Progress:  21 % - Assembling matrices
Memory: 933/1047 989/1113
--         Current Progress:  21 % - Matrix factorization
Memory: 926/1047 994/1113
--         Current Progress:  21 % - Assembling matrices
Memory: 935/1047 992/1113
   4        0.39       1e+04   1.0000000         3.4    6    4    9
---        Current Progress:  32 % - Assembling matrices
Memory: 933/1047 989/1113
---        Current Progress:  32 % - Matrix factorization
Memory: 919/1047 994/1113
---        Current Progress:  32 % - Solving linear system
Memory: 935/1047 992/1113
   5       0.003     4.9e+02   1.0000000        0.29    7    5   11
----       Current Progress:  44 % - Solving linear system
Memory: 928/1047 984/1113
----       Current Progress:  44 % - Matrix factorization
Memory: 910/1047 994/1113
----       Current Progress:  44 % - Solving linear system
Memory: 935/1047 992/1113
   6     3.2e-05         4.2   1.0000000      0.0034    8    6   13
----       Current Progress:  47 % - Matrix factorization
Memory: 898/1047 949/1113
----       Current Progress:  47 % - Solving linear system
Memory: 936/1047 993/1113
   7     2.1e-09     8.6e-08   1.0000000     2.2e-05   10    7   15
-----      Current Progress:  50 % - Constraint handling
Memory: 792/1047 831/1113
Solution time: 8 s.
Physical memory: 969 MB
Virtual memory: 1032 MB
Ended at Oct 1, 2026, 3:06:45 AM.
----- Stationary Solver 1 in Study 1/Solution 1 (sol1) ------------------------>
<---- Compile Equations: Stationary in Study 1/Solution 1 (sol1) ---------------
Started at Oct 1, 2026, 3:06:45 AM.
Geometry shape function: Linear Lagrange
-----      Current Progress:  52 % - Compile Equations: Stationary
Memory: 882/1047 925/1113
-----      Current Progress:  52 % - Creating visualization mesh
Memory: 856/1047 898/1113
Time: 1 s.
Physical memory: 882 MB
Virtual memory: 925 MB
Ended at Oct 1, 2026, 3:06:46 AM.
----- Compile Equations: Stationary in Study 1/Solution 1 (sol1) -------------->
<---- Dependent Variables 2 in Study 1/Solution 1 (sol1) -----------------------
Started at Oct 1, 2026, 3:06:46 AM.
Initial values of variables solved for: Solution 1 (sol1), Solution Store 1 (sol2).
Values of variables not solved for: Solution 1 (sol1).
-----      Current Progress:  52 % - Dependent Variables 2
Memory: 858/1047 899/1113
Solution time: 0 s.
Physical memory: 858 MB
Virtual memory: 899 MB
Ended at Oct 1, 2026, 3:06:47 AM.
----- Dependent Variables 2 in Study 1/Solution 1 (sol1) ---------------------->
<---- Stationary Solver 2 in Study 1/Solution 1 (sol1) -------------------------
Started at Oct 1, 2026, 3:06:47 AM.
Nonlinear solver
Number of degrees of freedom solved for: 138873.
-----      Current Progress:  55 % - Assembling matrices
Memory: 874/1047 915/1113
-----      Current Progress:  55 % - Assembling sparsity pattern
Memory: 880/1047 921/1113
-----      Current Progress:  55 % - Assembling matrices
Memory: 910/1047 951/1113
Nonsymmetric matrix found.
Scales for dependent variables:
Electron solution variable (comp1.Ne): 1.3e+25
Hole solution variable (comp1.Ph): 8.1e+28
Electric potential (comp1.V): 1.2e+19
Orthonormal null-space function used.
-----      Current Progress:  55 % - Matrix factorization
Memory: 962/1047 1017/1113
Iter      SolEst      ResEst     Damping    Stepsize #Res #Jac #Sol
-----      Current Progress:  55 % - Assembling matrices
Memory: 1026/1047 1089/1113
   1         3.6     7.1e+04   0.1000000         4.4    2    1    2
-----      Current Progress:  59 % - Assembling sparsity pattern
Memory: 1009/1047 1072/1113
-----      Current Progress:  59 % - Assembling matrices
Memory: 1028/1047 1091/1113
-----      Current Progress:  59 % - Matrix factorization
Memory: 996/1047 1095/1113
-----      Current Progress:  59 % - Assembling matrices
Memory: 1028/1047 1091/1113
   2        0.35     5.3e+04   0.1000000        0.37    4    2    5
------     Current Progress:  64 % - Assembling sparsity pattern
Memory: 1006/1047 1069/1113
------     Current Progress:  64 % - Assembling matrices
Memory: 1027/1047 1090/1113
------     Current Progress:  64 % - Matrix factorization
Memory: 973/1047 1094/1113
------     Current Progress:  64 % - Solving linear system
Memory: 1027/1047 1090/1113
   3        0.72     5.2e+04   0.0406530        0.75    5    3    7
------     Current Progress:  64 % - Assembling matrices
------     Current Progress:  64 % - Matrix factorization
Memory: 995/1047 1094/1113
------     Current Progress:  64 % - Assembling matrices
Memory: 1028/1047 1091/1113
   4         0.8     5.1e+04   0.0331341        0.82    7    4   10
------     Current Progress:  64 % - Matrix factorization
Memory: 965/1047 1094/1113
------     Current Progress:  64 % - Assembling matrices
Memory: 1028/1047 1091/1113
------     Current Progress:  64 % - Solving linear system
   5        0.85       5e+04   0.0331341        0.88    9    5   13
------     Current Progress:  64 % - Assembling matrices
Memory: 1027/1047 1090/1113
------     Current Progress:  64 % - Matrix factorization
Memory: 993/1047 1094/1113
------     Current Progress:  64 % - Assembling matrices
Memory: 1028/1047 1091/1113
   6        0.88     4.9e+04   0.0331341        0.91   11    6   16
------     Current Progress:  64 % - Matrix factorization
Memory: 962/1047 1094/1113
------     Current Progress:  64 % - Solving linear system
Memory: 1027/1047 1090/1113
   7         2.2     1.6e+05   0.3313413         3.3   12    7   18
------     Current Progress:  64 % - Assembling matrices
------     Current Progress:  64 % - Matrix factorization
Memory: 991/1047 1094/1113
------     Current Progress:  64 % - Assembling matrices
Memory: 1028/1047 1091/1113
   8        0.63     1.7e+05   0.2546390         1.3   13    8   20
--------   Current Progress:  89 % - Assembling matrices
Memory: 1027/1047 1090/1113
--------   Current Progress:  89 % - Matrix factorization
Memory: 952/1047 993/1113
--------   Current Progress:  89 % - Assembling matrices
Memory: 1028/1047 1091/1113
--------   Current Progress:  89 % - Solving linear system
Memory: 1026/1047 1090/1113
   9        0.27     1.6e+05   0.0821369         0.3   15    9   23
--------   Current Progress:  89 % - Assembling matrices
Memory: 1027/1047 1090/1113
--------   Current Progress:  89 % - Matrix factorization
Memory: 991/1047 1094/1113
--------   Current Progress:  89 % - Assembling matrices
Memory: 1028/1047 1091/1113
  10        0.24     1.5e+05   0.0930581        0.26   17   10   26
--------   Current Progress:  89 % - Matrix factorization
Memory: 959/1047 1064/1113
--------   Current Progress:  89 % - Assembling matrices
Memory: 1028/1047 1091/1113
--------   Current Progress:  89 % - Solving linear system
  11        0.21     1.4e+05   0.1147327        0.24   19   11   29
--------   Current Progress:  89 % - Assembling matrices
Memory: 1027/1047 1090/1113
--------   Current Progress:  89 % - Matrix factorization
Memory: 988/1047 1094/1113
--------   Current Progress:  89 % - Assembling matrices
Memory: 1028/1047 1091/1113
  12        0.19     1.3e+05   0.1835382        0.23   21   12   32
--------   Current Progress:  89 % - Constraint handling
Memory: 1028/1047 1101/1113
--------   Current Progress:  89 % - Matrix factorization
Memory: 993/1047 1094/1113
--------   Current Progress:  89 % - Solving linear system
Memory: 1024/1047 1087/1113
  13        0.77       3e+05   1.0000000        0.75   22   13   34
--------   Current Progress:  89 % - Assembling matrices
Memory: 1027/1047 1090/1113
--------   Current Progress:  89 % - Constraint handling
Memory: 1021/1047 1084/1113
--------   Current Progress:  89 % - Matrix factorization
Memory: 1012/1047 1094/1113
--------   Current Progress:  89 % - Assembling matrices
Memory: 1028/1047 1091/1113
  14       0.016     5.5e+03   1.0000000        0.39   23   14   36
---------  Current Progress:  97 % - Assembling matrices
Memory: 1027/1047 1090/1113
---------  Current Progress:  97 % - Matrix factorization
Memory: 968/1047 1094/1113
---------  Current Progress:  97 % - Solving linear system
Memory: 1025/1047 1093/1113
  15     0.00013          37   1.0000000       0.016   24   15   38
---------  Current Progress:  98 % - Assembling matrices
Memory: 1027/1047 1090/1113
---------  Current Progress:  98 % - Matrix factorization
Memory: 992/1047 1094/1113
---------  Current Progress:  98 % - Assembling matrices
Memory: 1028/1047 1091/1113
  16     9.5e-10       2e-05   1.0000000     0.00017   26   16   40
---------- Current Progress: 100 % - Constraint handling
Memory: 884/1047 924/1113
Solution time: 24 s.
Physical memory: 1.03 GB
Virtual memory: 1.1 GB
Ended at Oct 1, 2026, 3:07:10 AM.
----- Stationary Solver 2 in Study 1/Solution 1 (sol1) ------------------------>
VD=0.20 VG=  36.00 ID=2.5894e-06 A
<---- Compile Equations: Semiconductor Equilibrium in Study 1/Solution 1 (sol1) -
Started at Oct 1, 2026, 3:07:12 AM.
Geometry shape function: Linear Lagrange
Running on 11th Gen Intel(R) Core(TM) i7-1165G7 at 2.80 GHz.
Using 1 socket with 4 cores in total on WIN-FNSSP1NOF49.
Available memory: 7.97 GB.
           Current Progress:   2 % - Compile Equations: Semiconductor Equilibrium
Memory: 866/1047 906/1113
           Current Progress:   3 % - Compile Equations: Semiconductor Equilibrium
Memory: 879/1047 919/1113
           Current Progress:   3 % - Creating visualization mesh
Time: 1 s.
Physical memory: 879 MB
Virtual memory: 919 MB
Ended at Oct 1, 2026, 3:07:12 AM.
----- Compile Equations: Semiconductor Equilibrium in Study 1/Solution 1 (sol1) >
<---- Dependent Variables 1 in Study 1/Solution 1 (sol1) -----------------------
Started at Oct 1, 2026, 3:07:12 AM.
           Current Progress:   3 % - Dependent Variables 1
Memory: 883/1047 923/1113
Solution time: 0 s.
Physical memory: 883 MB
Virtual memory: 923 MB
Ended at Oct 1, 2026, 3:07:13 AM.
----- Dependent Variables 1 in Study 1/Solution 1 (sol1) ---------------------->
<---- Stationary Solver 1 in Study 1/Solution 1 (sol1) -------------------------
Started at Oct 1, 2026, 3:07:13 AM.
Nonlinear solver
Number of degrees of freedom solved for: 138873.
           Current Progress:   5 % - Assembling sparsity pattern
Memory: 898/1047 937/1113
Nonsymmetric matrix found.
Scales for dependent variables:
Electron solution variable (comp1.Ne): 1e+23
Hole solution variable (comp1.Ph): 2.7e+26
Electric potential (comp1.V): 1.7e+21
Orthonormal null-space function used.
           Current Progress:   5 % - Constraint handling
Memory: 906/1047 945/1113
           Current Progress:   5 % - Matrix factorization
Memory: 931/1047 982/1113
Iter      SolEst      ResEst     Damping    Stepsize #Res #Jac #Sol
           Current Progress:   5 % - Solving linear system
Memory: 978/1047 1035/1113
   1          31     4.9e+17   0.1000000          42    2    1    2
           Current Progress:   9 % - Assembling sparsity pattern
Memory: 965/1047 1022/1113
           Current Progress:   9 % - Assembling matrices
Memory: 979/1047 1036/1113
           Current Progress:   9 % - Matrix factorization
Memory: 968/1047 1040/1113
           Current Progress:   9 % - Assembling matrices
Memory: 980/1047 1037/1113
   2         1.6     3.3e+03   0.1000000         1.8    4    2    5
-          Current Progress:  14 % - Assembling sparsity pattern
Memory: 968/1047 1025/1113
-          Current Progress:  14 % - Matrix factorization
Memory: 948/1047 1039/1113
-          Current Progress:  14 % - Assembling matrices
Memory: 945/1047 1000/1113
   3         1.3     3.7e+03   0.1942550         1.6    5    3    7
--         Current Progress:  22 % - Assembling matrices
Memory: 942/1047 998/1113
--         Current Progress:  22 % - Matrix factorization
Memory: 880/1047 957/1113
--         Current Progress:  22 % - Solving linear system
Memory: 897/1047 955/1113
   4        0.82     6.5e+03   0.5343775         1.7    6    4    9
--         Current Progress:  27 % - Solving linear system
Memory: 882/1047 940/1113
--         Current Progress:  27 % - Matrix factorization
Memory: 873/1047 957/1113
--         Current Progress:  27 % - Solving linear system
Memory: 897/1047 955/1113
   5       0.096     6.8e+03   1.0000000         1.5    7    5   11
---        Current Progress:  38 % - Matrix factorization
Memory: 868/1047 957/1113
---        Current Progress:  38 % - Solving linear system
Memory: 898/1047 956/1113
   6     7.6e-05         3.1   1.0000000       0.077    8    6   13
----       Current Progress:  47 % - Assembling matrices
Memory: 894/1047 952/1113
----       Current Progress:  47 % - Matrix factorization
Memory: 888/1047 957/1113
----       Current Progress:  47 % - Assembling matrices
Memory: 897/1047 955/1113
   7     1.4e-09     1.2e-08   1.0000000       7e-05   10    7   15
-----      Current Progress:  50 % - Constraint handling
Memory: 887/1047 945/1113
Solution time: 8 s.
Physical memory: 980 MB
Virtual memory: 1040 MB
Ended at Oct 1, 2026, 3:07:20 AM.
----- Stationary Solver 1 in Study 1/Solution 1 (sol1) ------------------------>
<---- Compile Equations: Stationary in Study 1/Solution 1 (sol1) ---------------
Started at Oct 1, 2026, 3:07:20 AM.
Geometry shape function: Linear Lagrange
-----      Current Progress:  52 % - Compile Equations: Stationary
Memory: 846/1047 888/1113
-----      Current Progress:  52 % - Creating visualization mesh
Time: 1 s.
Physical memory: 866 MB
Virtual memory: 909 MB
Ended at Oct 1, 2026, 3:07:21 AM.
----- Compile Equations: Stationary in Study 1/Solution 1 (sol1) -------------->
<---- Dependent Variables 2 in Study 1/Solution 1 (sol1) -----------------------
Started at Oct 1, 2026, 3:07:21 AM.
Initial values of variables solved for: Solution 1 (sol1), Solution Store 1 (sol2).
Values of variables not solved for: Solution 1 (sol1).
-----      Current Progress:  52 % - Dependent Variables 2
Memory: 868/1047 910/1113
Solution time: 0 s.
Physical memory: 868 MB
Virtual memory: 910 MB
Ended at Oct 1, 2026, 3:07:21 AM.
----- Dependent Variables 2 in Study 1/Solution 1 (sol1) ---------------------->
<---- Stationary Solver 2 in Study 1/Solution 1 (sol1) -------------------------
Started at Oct 1, 2026, 3:07:21 AM.
Nonlinear solver
Number of degrees of freedom solved for: 138873.
-----      Current Progress:  55 % - Assembling matrices
Memory: 882/1047 924/1113
-----      Current Progress:  55 % - Assembling sparsity pattern
-----      Current Progress:  55 % - Assembling matrices
Memory: 914/1047 955/1113
Nonsymmetric matrix found.
Scales for dependent variables:
Electron solution variable (comp1.Ne): 1.1e+25
Hole solution variable (comp1.Ph): 6.8e+28
Electric potential (comp1.V): 1e+19
Orthonormal null-space function used.
-----      Current Progress:  55 % - Matrix factorization
Memory: 929/1047 999/1113
Iter      SolEst      ResEst     Damping    Stepsize #Res #Jac #Sol
-----      Current Progress:  55 % - Assembling matrices
Memory: 1027/1047 1090/1113
   1         3.6       7e+04   0.1000000         4.4    2    1    2
-----      Current Progress:  59 % - Assembling sparsity pattern
Memory: 1011/1047 1074/1113
-----      Current Progress:  59 % - Assembling matrices
Memory: 1029/1047 1092/1113
-----      Current Progress:  59 % - Matrix factorization
Memory: 969/1047 1096/1113
-----      Current Progress:  59 % - Solving linear system
Memory: 1028/1047 1091/1113
   2        0.35     5.1e+04   0.1000000        0.38    4    2    5
------     Current Progress:  64 % - Assembling sparsity pattern
Memory: 1009/1047 1072/1113
------     Current Progress:  64 % - Assembling matrices
Memory: 1028/1047 1091/1113
------     Current Progress:  64 % - Matrix factorization
Memory: 988/1047 1095/1113
------     Current Progress:  64 % - Assembling matrices
Memory: 1030/1047 1092/1113
   3        0.74       5e+04   0.0376785        0.77    5    3    7
------     Current Progress:  64 % - Matrix factorization
Memory: 1002/1047 1095/1113
------     Current Progress:  64 % - Assembling matrices
Memory: 1030/1047 1092/1113
   4         1.6     1.3e+05   0.3053255           5    6    4    9
------     Current Progress:  64 % - Matrix factorization
Memory: 953/1047 994/1113
------     Current Progress:  64 % - Assembling matrices
Memory: 1030/1047 1092/1113
   5        0.58     1.3e+05   0.2429509         1.2    7    5   11
--------   Current Progress:  83 % - Assembling matrices
Memory: 1028/1047 1091/1113
--------   Current Progress:  83 % - Matrix factorization
Memory: 969/1047 1095/1113
--------   Current Progress:  83 % - Solving linear system
Memory: 1028/1047 1091/1113
   6        0.57     1.9e+05   0.4702865         1.7    8    6   13
--------   Current Progress:  83 % - Assembling matrices
--------   Current Progress:  83 % - Matrix factorization
Memory: 980/1047 1095/1113
--------   Current Progress:  83 % - Solving linear system
Memory: 1028/1047 1091/1113
   7         1.5     1.7e+05   0.1067599         1.7   10    7   16
--------   Current Progress:  83 % - Assembling matrices
--------   Current Progress:  83 % - Matrix factorization
Memory: 992/1047 1095/1113
--------   Current Progress:  83 % - Assembling matrices
Memory: 1030/1047 1092/1113
   8        0.17     1.4e+05   0.5651851        0.16   11    8   18
---------  Current Progress:  91 % - Assembling matrices
Memory: 1028/1047 1091/1113
---------  Current Progress:  91 % - Matrix factorization
Memory: 1001/1047 1095/1113
---------  Current Progress:  91 % - Assembling matrices
Memory: 1030/1047 1092/1113
   9        0.28     9.9e+04   0.3137357        0.41   12    9   20
---------  Current Progress:  91 % - Constraint handling
Memory: 1034/1047 1101/1113
---------  Current Progress:  91 % - Matrix factorization
Memory: 1017/1047 1095/1113
---------  Current Progress:  91 % - Assembling matrices
Memory: 1030/1047 1092/1113
  10       0.052     3.8e+04   1.0000000        0.76   13   10   22
---------  Current Progress:  92 % - Assembling matrices
Memory: 1028/1047 1091/1113
---------  Current Progress:  92 % - Matrix factorization
Memory: 988/1047 1095/1113
---------  Current Progress:  92 % - Assembling matrices
Memory: 1030/1047 1092/1113
  11       0.001     3.7e+02   1.0000000        0.11   14   11   24
---------  Current Progress:  97 % - Assembling matrices
Memory: 1028/1047 1091/1113
---------  Current Progress:  97 % - Matrix factorization
Memory: 1010/1047 1095/1113
---------  Current Progress:  97 % - Assembling matrices
Memory: 1030/1047 1092/1113
  12     8.6e-07     3.4e-05   1.0000000      0.0014   16   12   26
---------- Current Progress: 100 % - Constraint handling
Memory: 886/1047 926/1113
Solution time: 19 s.
Physical memory: 1.03 GB
Virtual memory: 1.1 GB
Ended at Oct 1, 2026, 3:07:40 AM.
----- Stationary Solver 2 in Study 1/Solution 1 (sol1) ------------------------>
VD=0.20 VG=  32.00 ID=2.4011e-06 A
<---- Compile Equations: Semiconductor Equilibrium in Study 1/Solution 1 (sol1) -
Started at Oct 1, 2026, 3:07:41 AM.
Geometry shape function: Linear Lagrange
Running on 11th Gen Intel(R) Core(TM) i7-1165G7 at 2.80 GHz.
Using 1 socket with 4 cores in total on WIN-FNSSP1NOF49.
Available memory: 7.97 GB.
           Current Progress:   3 % - Compile Equations: Semiconductor Equilibrium
Memory: 879/1047 918/1113
           Current Progress:   3 % - Creating visualization mesh
Time: 1 s.
Physical memory: 879 MB
Virtual memory: 918 MB
Ended at Oct 1, 2026, 3:07:42 AM.
----- Compile Equations: Semiconductor Equilibrium in Study 1/Solution 1 (sol1) >
<---- Dependent Variables 1 in Study 1/Solution 1 (sol1) -----------------------
Started at Oct 1, 2026, 3:07:42 AM.
           Current Progress:   3 % - Dependent Variables 1
Memory: 883/1047 923/1113
Solution time: 0 s.
Physical memory: 883 MB
Virtual memory: 923 MB
Ended at Oct 1, 2026, 3:07:42 AM.
----- Dependent Variables 1 in Study 1/Solution 1 (sol1) ---------------------->
<---- Stationary Solver 1 in Study 1/Solution 1 (sol1) -------------------------
Started at Oct 1, 2026, 3:07:42 AM.
Nonlinear solver
Number of degrees of freedom solved for: 138873.
           Current Progress:   5 % - Assembling sparsity pattern
Memory: 899/1047 938/1113
Nonsymmetric matrix found.
Scales for dependent variables:
Electron solution variable (comp1.Ne): 1e+23
Hole solution variable (comp1.Ph): 2.7e+26
Electric potential (comp1.V): 1.7e+21
Orthonormal null-space function used.
           Current Progress:   5 % - Matrix factorization
Memory: 933/1047 988/1113
Iter      SolEst      ResEst     Damping    Stepsize #Res #Jac #Sol
           Current Progress:   5 % - Assembling matrices
Memory: 976/1047 1033/1113
   1          30     3.4e+17   0.1000000          40    2    1    2
           Current Progress:   9 % - Assembling sparsity pattern
Memory: 966/1047 1023/1113
           Current Progress:   9 % - Assembling matrices
Memory: 976/1047 1033/1113
           Current Progress:   9 % - Matrix factorization
Memory: 972/1047 1039/1113
           Current Progress:   9 % - Assembling matrices
Memory: 979/1047 1036/1113
   2         1.8     3.4e+03   0.1000000           2    4    2    5
-          Current Progress:  14 % - Assembling sparsity pattern
Memory: 973/1047 1029/1113
-          Current Progress:  14 % - Assembling matrices
Memory: 977/1047 1034/1113
-          Current Progress:  14 % - Matrix factorization
Memory: 966/1047 1038/1113
-          Current Progress:  14 % - Solving linear system
Memory: 894/1047 949/1113
   3         1.1       4e+03   0.1873107         1.3    5    3    7
--         Current Progress:  24 % - Matrix factorization
Memory: 858/1047 907/1113
--         Current Progress:  24 % - Assembling matrices
Memory: 895/1047 950/1113
   4         0.9       5e+03   0.3616766         1.4    6    4    9
--         Current Progress:  25 % - Assembling matrices
Memory: 892/1047 949/1113
--         Current Progress:  25 % - Matrix factorization
Memory: 870/1047 954/1113
--         Current Progress:  25 % - Assembling matrices
Memory: 895/1047 951/1113
   5         0.2     1.2e+04   1.0000000         1.8    7    5   11
---        Current Progress:  36 % - Assembling matrices
Memory: 892/1047 949/1113
---        Current Progress:  36 % - Matrix factorization
Memory: 880/1047 954/1113
---        Current Progress:  36 % - Solving linear system
Memory: 895/1047 952/1113
   6       0.001     1.9e+02   1.0000000        0.15    8    6   13
----       Current Progress:  45 % - Matrix factorization
Memory: 864/1047 954/1113
----       Current Progress:  45 % - Assembling matrices
Memory: 895/1047 951/1113
   7     2.7e-06        0.42   1.0000000      0.0011    9    7   15
----       Current Progress:  49 % - Assembling matrices
Memory: 892/1047 949/1113
----       Current Progress:  49 % - Matrix factorization
Memory: 887/1047 954/1113
----       Current Progress:  49 % - Assembling matrices
Memory: 895/1047 951/1113
   8       1e-11     3.8e-10   1.0000000     1.8e-06   11    8   17
-----      Current Progress:  50 % - Constraint handling
Memory: 888/1047 945/1113
Solution time: 9 s.
Physical memory: 979 MB
Virtual memory: 1039 MB
Ended at Oct 1, 2026, 3:07:51 AM.
----- Stationary Solver 1 in Study 1/Solution 1 (sol1) ------------------------>
<---- Compile Equations: Stationary in Study 1/Solution 1 (sol1) ---------------
Started at Oct 1, 2026, 3:07:51 AM.
Geometry shape function: Linear Lagrange
-----      Current Progress:  52 % - Compile Equations: Stationary
Memory: 853/1047 894/1113
-----      Current Progress:  52 % - Creating visualization mesh
Time: 1 s.
Physical memory: 856 MB
Virtual memory: 897 MB
Ended at Oct 1, 2026, 3:07:52 AM.
----- Compile Equations: Stationary in Study 1/Solution 1 (sol1) -------------->
<---- Dependent Variables 2 in Study 1/Solution 1 (sol1) -----------------------
Started at Oct 1, 2026, 3:07:52 AM.
Initial values of variables solved for: Solution 1 (sol1), Solution Store 1 (sol2).
Values of variables not solved for: Solution 1 (sol1).
-----      Current Progress:  52 % - Dependent Variables 2
Memory: 865/1047 907/1113
Solution time: 0 s.
Physical memory: 867 MB
Virtual memory: 908 MB
Ended at Oct 1, 2026, 3:07:52 AM.
----- Dependent Variables 2 in Study 1/Solution 1 (sol1) ---------------------->
<---- Stationary Solver 2 in Study 1/Solution 1 (sol1) -------------------------
Started at Oct 1, 2026, 3:07:52 AM.
Nonlinear solver
Number of degrees of freedom solved for: 138873.
-----      Current Progress:  55 % - Assembling matrices
Memory: 884/1047 925/1113
-----      Current Progress:  55 % - Assembling sparsity pattern
Memory: 883/1047 924/1113
-----      Current Progress:  55 % - Assembling matrices
Memory: 917/1047 958/1113
Nonsymmetric matrix found.
Scales for dependent variables:
Electron solution variable (comp1.Ne): 9.3e+24
Hole solution variable (comp1.Ph): 5.5e+28
Electric potential (comp1.V): 8.4e+18
Orthonormal null-space function used.
-----      Current Progress:  55 % - Matrix factorization
Memory: 968/1047 1022/1113
Iter      SolEst      ResEst     Damping    Stepsize #Res #Jac #Sol
-----      Current Progress:  55 % - Assembling matrices
Memory: 1032/1047 1095/1113
   1         3.6     6.9e+04   0.1000000         4.4    2    1    2
-----      Current Progress:  59 % - Assembling sparsity pattern
Memory: 1016/1047 1078/1113
-----      Current Progress:  59 % - Assembling matrices
Memory: 1034/1049 1097/1113
-----      Current Progress:  59 % - Matrix factorization
Memory: 973/1049 1101/1113
-----      Current Progress:  59 % - Solving linear system
Memory: 1034/1049 1097/1113
-----      Current Progress:  59 % - 
Memory: 1030/1049 1093/1118
   2        0.35     4.9e+04   0.1000000        0.37    4    2    5
------     Current Progress:  64 % - Assembling sparsity pattern
Memory: 989/1049 1050/1118
------     Current Progress:  64 % - Assembling matrices
Memory: 1007/1049 1068/1118
------     Current Progress:  64 % - Matrix factorization
Memory: 971/1049 1072/1118
------     Current Progress:  64 % - Assembling matrices
Memory: 1008/1049 1069/1118
   3        0.77     4.8e+04   0.0345779        0.79    5    3    7
------     Current Progress:  64 % - Matrix factorization
Memory: 1002/1049 1064/1118
------     Current Progress:  64 % - Assembling matrices
Memory: 1008/1049 1069/1118
   4         2.2       1e+05   0.2804366          14    6    4    9
------     Current Progress:  64 % - Matrix factorization
Memory: 949/1049 1072/1118
------     Current Progress:  64 % - Solving linear system
Memory: 1004/1049 1065/1118
   5        0.41     9.8e+04   0.2516519           1    7    5   11
--------   Current Progress:  86 % - Assembling matrices
Memory: 1007/1049 1068/1118
--------   Current Progress:  86 % - Matrix factorization
Memory: 972/1049 1072/1118
--------   Current Progress:  86 % - Assembling matrices
Memory: 1008/1049 1069/1118
   6        0.38     9.8e+04   0.2577870        0.69    8    6   13
--------   Current Progress:  86 % - Constraint handling
Memory: 1008/1049 1071/1118
--------   Current Progress:  86 % - Matrix factorization
Memory: 997/1049 1072/1118
--------   Current Progress:  86 % - Assembling matrices
Memory: 1008/1049 1069/1118
   7       0.084       1e+05   0.3944150         0.1   10    7   16
--------   Current Progress:  89 % - Assembling matrices
Memory: 1007/1049 1068/1118
--------   Current Progress:  89 % - Matrix factorization
Memory: 955/1049 1072/1118
--------   Current Progress:  89 % - Solving linear system
Memory: 1007/1049 1068/1118
   8        0.16     8.5e+04   0.2014309        0.19   11    8   18
--------   Current Progress:  89 % - Assembling matrices
--------   Current Progress:  89 % - Matrix factorization
Memory: 976/1049 1072/1118
--------   Current Progress:  89 % - Assembling matrices
Memory: 1008/1049 1069/1118
   9        0.14     8.2e+04   0.8204701         0.3   12    9   20
--------   Current Progress:  89 % - Matrix factorization
Memory: 940/1049 1042/1118
--------   Current Progress:  89 % - Assembling matrices
Memory: 1008/1049 1069/1118
  10       0.036       1e+04   1.0000000        0.37   13   10   22
---------  Current Progress:  92 % - Assembling matrices
Memory: 1007/1049 1068/1118
---------  Current Progress:  92 % - Matrix factorization
Memory: 953/1049 1072/1118
---------  Current Progress:  92 % - Solving linear system
Memory: 1007/1049 1068/1118
  11     0.00026          63   1.0000000       0.042   14   11   24
---------  Current Progress:  97 % - Assembling matrices
---------  Current Progress:  97 % - Matrix factorization
Memory: 945/1049 1072/1118
---------  Current Progress:  97 % - Solving linear system
Memory: 1008/1049 1069/1118
  12     1.5e-08       2e-05   1.0000000     0.00034   16   12   26
---------- Current Progress: 100 % - Constraint handling
Memory: 999/1049 1060/1118
Solution time: 18 s.
Physical memory: 1.03 GB
Virtual memory: 1.1 GB
Ended at Oct 1, 2026, 3:08:10 AM.
----- Stationary Solver 2 in Study 1/Solution 1 (sol1) ------------------------>
VD=0.20 VG=  28.00 ID=2.1998e-06 A
<---- Compile Equations: Semiconductor Equilibrium in Study 1/Solution 1 (sol1) -
Started at Oct 1, 2026, 3:08:11 AM.
Geometry shape function: Linear Lagrange
Running on 11th Gen Intel(R) Core(TM) i7-1165G7 at 2.80 GHz.
Using 1 socket with 4 cores in total on WIN-FNSSP1NOF49.
Available memory: 7.97 GB.
           Current Progress:   3 % - Compile Equations: Semiconductor Equilibrium
Memory: 882/1049 921/1118
           Current Progress:   3 % - Creating visualization mesh
Time: 1 s.
Physical memory: 882 MB
Virtual memory: 921 MB
Ended at Oct 1, 2026, 3:08:12 AM.
----- Compile Equations: Semiconductor Equilibrium in Study 1/Solution 1 (sol1) >
<---- Dependent Variables 1 in Study 1/Solution 1 (sol1) -----------------------
Started at Oct 1, 2026, 3:08:12 AM.
           Current Progress:   3 % - Dependent Variables 1
Memory: 886/1049 926/1118
Solution time: 0 s.
Physical memory: 886 MB
Virtual memory: 926 MB
Ended at Oct 1, 2026, 3:08:12 AM.
----- Dependent Variables 1 in Study 1/Solution 1 (sol1) ---------------------->
<---- Stationary Solver 1 in Study 1/Solution 1 (sol1) -------------------------
Started at Oct 1, 2026, 3:08:12 AM.
Nonlinear solver
Number of degrees of freedom solved for: 138873.
           Current Progress:   5 % - Assembling sparsity pattern
Memory: 901/1049 941/1118
Nonsymmetric matrix found.
Scales for dependent variables:
Electron solution variable (comp1.Ne): 1e+23
Hole solution variable (comp1.Ph): 2.7e+26
Electric potential (comp1.V): 1.7e+21
Orthonormal null-space function used.
           Current Progress:   5 % - Matrix factorization
Memory: 931/1049 983/1118
Iter      SolEst      ResEst     Damping    Stepsize #Res #Jac #Sol
           Current Progress:   5 % - Solving linear system
Memory: 980/1049 1037/1118
   1          33     2.3e+17   0.1000000          42    2    1    2
           Current Progress:   9 % - Assembling sparsity pattern
Memory: 968/1049 1025/1118
           Current Progress:   9 % - Assembling matrices
Memory: 982/1049 1038/1118
           Current Progress:   9 % - Matrix factorization
Memory: 972/1049 1042/1118
           Current Progress:   9 % - Assembling matrices
Memory: 982/1049 1039/1118
   2         2.7     3.5e+03   0.1000000         3.2    4    2    5
-          Current Progress:  14 % - Assembling sparsity pattern
Memory: 972/1049 1028/1118
-          Current Progress:  14 % - Matrix factorization
Memory: 951/1049 1041/1118
-          Current Progress:  14 % - Assembling matrices
Memory: 947/1049 1001/1118
   3         1.3     6.8e+03   0.2766903         1.9    5    3    7
--         Current Progress:  26 % - Assembling matrices
Memory: 944/1049 999/1118
--         Current Progress:  26 % - Matrix factorization
Memory: 928/1049 1004/1118
--         Current Progress:  26 % - Solving linear system
Memory: 947/1049 1001/1118
   4        0.68     7.8e+03   0.5621648         1.5    6    4    9
--         Current Progress:  29 % - Assembling matrices
Memory: 944/1049 999/1118
--         Current Progress:  29 % - Matrix factorization
Memory: 928/1049 1004/1118
--         Current Progress:  29 % - Solving linear system
Memory: 947/1049 1001/1118
   5       0.073     9.7e+03   1.0000000        0.93    7    5   11
---        Current Progress:  38 % - Assembling matrices
Memory: 944/1049 1000/1118
---        Current Progress:  38 % - Matrix factorization
Memory: 941/1049 1004/1118
---        Current Progress:  38 % - Assembling matrices
Memory: 947/1049 1001/1118
   6       4e-05         4.2   1.0000000       0.061    8    6   13
----       Current Progress:  48 % - Assembling matrices
Memory: 944/1049 999/1118
----       Current Progress:  48 % - Matrix factorization
Memory: 930/1049 1004/1118
----       Current Progress:  48 % - Assembling matrices
Memory: 947/1049 1001/1118
   7     7.7e-10     1.2e-08   1.0000000     3.5e-05   10    7   15
-----      Current Progress:  50 % - Constraint handling
Memory: 859/1049 895/1118
Solution time: 8 s.
Physical memory: 982 MB
Virtual memory: 1042 MB
Ended at Oct 1, 2026, 3:08:20 AM.
----- Stationary Solver 1 in Study 1/Solution 1 (sol1) ------------------------>
<---- Compile Equations: Stationary in Study 1/Solution 1 (sol1) ---------------
Started at Oct 1, 2026, 3:08:20 AM.
Geometry shape function: Linear Lagrange
-----      Current Progress:  52 % - Compile Equations: Stationary
Memory: 877/1049 915/1118
-----      Current Progress:  52 % - Creating visualization mesh
Time: 1 s.
Physical memory: 877 MB
Virtual memory: 915 MB
Ended at Oct 1, 2026, 3:08:21 AM.
----- Compile Equations: Stationary in Study 1/Solution 1 (sol1) -------------->
<---- Dependent Variables 2 in Study 1/Solution 1 (sol1) -----------------------
Started at Oct 1, 2026, 3:08:21 AM.
Initial values of variables solved for: Solution 1 (sol1), Solution Store 1 (sol2).
Values of variables not solved for: Solution 1 (sol1).
-----      Current Progress:  52 % - Dependent Variables 2
Solution time: 0 s.
Physical memory: 877 MB
Virtual memory: 915 MB
Ended at Oct 1, 2026, 3:08:21 AM.
----- Dependent Variables 2 in Study 1/Solution 1 (sol1) ---------------------->
<---- Stationary Solver 2 in Study 1/Solution 1 (sol1) -------------------------
Started at Oct 1, 2026, 3:08:21 AM.
Nonlinear solver
Number of degrees of freedom solved for: 138873.
-----      Current Progress:  55 % - Assembling matrices
Memory: 891/1049 929/1118
-----      Current Progress:  55 % - Assembling sparsity pattern
-----      Current Progress:  55 % - Assembling matrices
Memory: 921/1049 960/1118
Nonsymmetric matrix found.
Scales for dependent variables:
Electron solution variable (comp1.Ne): 7.4e+24
Hole solution variable (comp1.Ph): 4.3e+28
Electric potential (comp1.V): 6.7e+18
Orthonormal null-space function used.
-----      Current Progress:  55 % - Matrix factorization
Memory: 972/1049 1024/1118
Iter      SolEst      ResEst     Damping    Stepsize #Res #Jac #Sol
-----      Current Progress:  55 % - Assembling matrices
Memory: 1033/1049 1094/1118
   1         3.6     6.8e+04   0.1000000         4.4    2    1    2
-----      Current Progress:  59 % - Assembling sparsity pattern
Memory: 1013/1049 1074/1118
-----      Current Progress:  59 % - Assembling matrices
Memory: 1035/1049 1096/1118
-----      Current Progress:  59 % - Constraint handling
Memory: 1036/1049 1106/1118
-----      Current Progress:  59 % - Matrix factorization
Memory: 1022/1049 1100/1118
-----      Current Progress:  59 % - Assembling matrices
Memory: 1035/1049 1096/1118
   2        0.35     4.7e+04   0.1000000        0.37    4    2    5
------     Current Progress:  64 % - Assembling sparsity pattern
Memory: 1016/1049 1077/1118
------     Current Progress:  64 % - Assembling matrices
Memory: 1034/1051 1095/1118
------     Current Progress:  64 % - Matrix factorization
Memory: 982/1051 1099/1118
------     Current Progress:  64 % - Solving linear system
Memory: 1034/1051 1095/1118
------     Current Progress:  64 % - Assembling matrices
Memory: 1035/1051 1096/1118
   3        0.79     4.6e+04   0.0315960        0.81    5    3    7
------     Current Progress:  64 % - Matrix factorization
Memory: 1019/1051 1089/1118
------     Current Progress:  64 % - Assembling matrices
Memory: 1035/1051 1096/1118
   4          29     7.7e+04   0.2585116          86    6    4    9
------     Current Progress:  64 % - Matrix factorization
Memory: 972/1051 1099/1118
------     Current Progress:  64 % - Solving linear system
Memory: 1032/1051 1094/1118
   5           1     7.2e+04   0.0989018         1.2    8    5   12
--------   Current Progress:  89 % - Assembling matrices
Memory: 1034/1051 1095/1118
--------   Current Progress:  89 % - Matrix factorization
Memory: 1000/1051 1099/1118
--------   Current Progress:  89 % - Assembling matrices
Memory: 1035/1051 1096/1118
   6         0.4     6.8e+04   0.0563563        0.43   10    6   15
--------   Current Progress:  89 % - Matrix factorization
Memory: 969/1051 1099/1118
--------   Current Progress:  89 % - Solving linear system
Memory: 1035/1051 1096/1118
   7       0.094     6.9e+04   0.2550113        0.23   11    7   17
--------   Current Progress:  89 % - Assembling matrices
Memory: 1034/1051 1095/1118
--------   Current Progress:  89 % - Matrix factorization
Memory: 991/1051 1099/1118
--------   Current Progress:  89 % - Solving linear system
Memory: 1034/1051 1095/1118
   8        0.19     6.4e+04   0.1043276        0.21   12    8   19
--------   Current Progress:  89 % - Assembling matrices
--------   Current Progress:  89 % - Matrix factorization
Memory: 1009/1051 1099/1118
--------   Current Progress:  89 % - Assembling matrices
Memory: 1035/1051 1096/1118
   9        0.18       6e+04   0.1000000         0.2   14    9   22
--------   Current Progress:  89 % - Matrix factorization
Memory: 968/1051 1099/1118
--------   Current Progress:  89 % - Solving linear system
Memory: 1031/1051 1092/1118
  10        0.17     5.4e+04   0.1412552         0.2   16   10   25
--------   Current Progress:  89 % - Assembling matrices
Memory: 1034/1051 1095/1118
--------   Current Progress:  89 % - Matrix factorization
Memory: 998/1051 1099/1118
--------   Current Progress:  89 % - Assembling matrices
Memory: 1035/1051 1096/1118
  11        0.15     5.2e+04   0.3467667        0.22   18   11   28
--------   Current Progress:  89 % - Matrix factorization
Memory: 971/1051 1099/1118
--------   Current Progress:  89 % - Solving linear system
Memory: 1035/1051 1096/1118
  12        0.12     7.5e+04   1.0000000        0.34   19   12   30
--------   Current Progress:  89 % - Assembling matrices
Memory: 1034/1051 1095/1118
--------   Current Progress:  89 % - Matrix factorization
Memory: 991/1051 1099/1118
--------   Current Progress:  89 % - Assembling matrices
Memory: 1033/1051 1094/1118
  13      0.0048     1.8e+03   1.0000000        0.32   20   13   32
---------  Current Progress:  96 % - Assembling matrices
Memory: 1034/1051 1095/1118
---------  Current Progress:  96 % - Matrix factorization
Memory: 1029/1051 1090/1118
---------  Current Progress:  96 % - Assembling matrices
Memory: 1035/1051 1096/1118
  14     1.4e-06         4.2   1.0000000      0.0045   21   14   34
---------- Current Progress: 100 % - Assembling matrices
Memory: 1034/1051 1095/1118
---------- Current Progress: 100 % - Matrix factorization
Memory: 988/1051 1099/1118
---------- Current Progress: 100 % - Assembling matrices
Memory: 1035/1051 1096/1118
  15     9.4e-12     1.8e-05   1.0000000     2.3e-06   23   15   36
---------- Current Progress: 100 % - Constraint handling
Memory: 891/1051 930/1118
Solution time: 22 s.
Physical memory: 1.04 GB
Virtual memory: 1.11 GB
Ended at Oct 1, 2026, 3:08:44 AM.
----- Stationary Solver 2 in Study 1/Solution 1 (sol1) ------------------------>
VD=0.20 VG=  24.00 ID=1.9835e-06 A
<---- Compile Equations: Semiconductor Equilibrium in Study 1/Solution 1 (sol1) -
Started at Oct 1, 2026, 3:08:45 AM.
Geometry shape function: Linear Lagrange
Running on 11th Gen Intel(R) Core(TM) i7-1165G7 at 2.80 GHz.
Using 1 socket with 4 cores in total on WIN-FNSSP1NOF49.
Available memory: 7.97 GB.
           Current Progress:   3 % - Compile Equations: Semiconductor Equilibrium
Memory: 884/1051 922/1118
           Current Progress:   3 % - Creating visualization mesh
Time: 1 s.
Physical memory: 884 MB
Virtual memory: 922 MB
Ended at Oct 1, 2026, 3:08:46 AM.
----- Compile Equations: Semiconductor Equilibrium in Study 1/Solution 1 (sol1) >
<---- Dependent Variables 1 in Study 1/Solution 1 (sol1) -----------------------
Started at Oct 1, 2026, 3:08:46 AM.
           Current Progress:   3 % - Dependent Variables 1
Memory: 888/1051 926/1118
Solution time: 0 s.
Physical memory: 888 MB
Virtual memory: 926 MB
Ended at Oct 1, 2026, 3:08:46 AM.
----- Dependent Variables 1 in Study 1/Solution 1 (sol1) ---------------------->
<---- Stationary Solver 1 in Study 1/Solution 1 (sol1) -------------------------
Started at Oct 1, 2026, 3:08:46 AM.
Nonlinear solver
Number of degrees of freedom solved for: 138873.
           Current Progress:   5 % - Assembling sparsity pattern
Memory: 905/1051 945/1118
Nonsymmetric matrix found.
Scales for dependent variables:
Electron solution variable (comp1.Ne): 1e+23
Hole solution variable (comp1.Ph): 2.7e+26
Electric potential (comp1.V): 1.7e+21
Orthonormal null-space function used.
           Current Progress:   5 % - Constraint handling
Memory: 921/1051 959/1118
           Current Progress:   5 % - Matrix factorization
Memory: 936/1051 986/1118
Iter      SolEst      ResEst     Damping    Stepsize #Res #Jac #Sol
           Current Progress:   5 % - Solving linear system
Memory: 981/1051 1037/1118
   1          38     1.4e+17   0.1000000          47    2    1    2
           Current Progress:   9 % - Solving linear system
Memory: 977/1051 1033/1118
           Current Progress:   9 % - Assembling matrices
Memory: 983/1051 1039/1118
           Current Progress:   9 % - Matrix factorization
Memory: 974/1051 1044/1118
           Current Progress:   9 % - Assembling matrices
Memory: 983/1051 1040/1118
   2         3.9     3.7e+03   0.1000000         4.5    4    2    5
-          Current Progress:  14 % - Assembling sparsity pattern
Memory: 973/1051 1030/1118
-          Current Progress:  14 % - Matrix factorization
Memory: 952/1051 1042/1118
-          Current Progress:  14 % - Assembling matrices
Memory: 948/1051 1002/1118
   3         1.4     1.4e+04   0.3743355         2.8    5    3    7
--         Current Progress:  28 % - Assembling matrices
Memory: 946/1051 999/1118
--         Current Progress:  28 % - Matrix factorization
Memory: 935/1051 1004/1118
--         Current Progress:  28 % - Assembling matrices
Memory: 948/1051 1002/1118
   4        0.65     9.1e+03   0.4859638         1.3    7    4   10
---        Current Progress:  30 % - Assembling matrices
Memory: 946/1051 999/1118
---        Current Progress:  30 % - Matrix factorization
Memory: 932/1051 1004/1118
---        Current Progress:  30 % - Solving linear system
Memory: 948/1051 1002/1118
   5        0.08     1.4e+04   1.0000000        0.85    8    5   12
---        Current Progress:  38 % - Assembling matrices
Memory: 946/1051 999/1118
---        Current Progress:  38 % - Matrix factorization
Memory: 926/1051 1004/1118
---        Current Progress:  38 % - Solving linear system
Memory: 948/1051 1002/1118
   6       5e-05           7   1.0000000       0.066    9    6   14
----       Current Progress:  48 % - Matrix factorization
Memory: 917/1051 1004/1118
----       Current Progress:  48 % - Assembling matrices
Memory: 948/1051 1002/1118
   7     1.4e-09     3.7e-08   1.0000000     4.1e-05   11    7   16
-----      Current Progress:  50 % - Constraint handling
Memory: 939/1051 992/1118
Solution time: 8 s.
Physical memory: 983 MB
Virtual memory: 1044 MB
Ended at Oct 1, 2026, 3:08:54 AM.
----- Stationary Solver 1 in Study 1/Solution 1 (sol1) ------------------------>
<---- Compile Equations: Stationary in Study 1/Solution 1 (sol1) ---------------
Started at Oct 1, 2026, 3:08:54 AM.
Geometry shape function: Linear Lagrange
-----      Current Progress:  52 % - Compile Equations: Stationary
Memory: 878/1051 916/1118
-----      Current Progress:  52 % - Creating visualization mesh
Time: 1 s.
Physical memory: 878 MB
Virtual memory: 916 MB
Ended at Oct 1, 2026, 3:08:55 AM.
----- Compile Equations: Stationary in Study 1/Solution 1 (sol1) -------------->
<---- Dependent Variables 2 in Study 1/Solution 1 (sol1) -----------------------
Started at Oct 1, 2026, 3:08:55 AM.
Initial values of variables solved for: Solution 1 (sol1), Solution Store 1 (sol2).
Values of variables not solved for: Solution 1 (sol1).
-----      Current Progress:  52 % - Dependent Variables 2
Memory: 879/1051 917/1118
Solution time: 0 s.
Physical memory: 879 MB
Virtual memory: 917 MB
Ended at Oct 1, 2026, 3:08:55 AM.
----- Dependent Variables 2 in Study 1/Solution 1 (sol1) ---------------------->
<---- Stationary Solver 2 in Study 1/Solution 1 (sol1) -------------------------
Started at Oct 1, 2026, 3:08:55 AM.
Nonlinear solver
Number of degrees of freedom solved for: 138873.
-----      Current Progress:  55 % - Assembling matrices
Memory: 893/1051 931/1118
-----      Current Progress:  55 % - Assembling sparsity pattern
-----      Current Progress:  55 % - Assembling matrices
Memory: 923/1051 961/1118
Nonsymmetric matrix found.
Scales for dependent variables:
Electron solution variable (comp1.Ne): 5.7e+24
Hole solution variable (comp1.Ph): 3.2e+28
Electric potential (comp1.V): 5.1e+18
Orthonormal null-space function used.
-----      Current Progress:  55 % - Matrix factorization
Memory: 978/1051 1037/1118
Iter      SolEst      ResEst     Damping    Stepsize #Res #Jac #Sol
-----      Current Progress:  55 % - Solving linear system
Memory: 1034/1051 1095/1118
   1         3.7     6.6e+04   0.1000000         4.4    2    1    2
-----      Current Progress:  59 % - Assembling sparsity pattern
Memory: 1019/1051 1080/1118
-----      Current Progress:  59 % - Assembling matrices
Memory: 1037/1051 1098/1118
-----      Current Progress:  59 % - Matrix factorization
Memory: 995/1051 1102/1118
-----      Current Progress:  59 % - Solving linear system
Memory: 1037/1051 1097/1118
-----      Current Progress:  59 % - Assembling matrices
Memory: 1038/1051 1098/1118
   2        0.35     4.5e+04   0.1000000        0.37    4    2    5
------     Current Progress:  64 % - Assembling sparsity pattern
Memory: 1018/1051 1079/1118
------     Current Progress:  64 % - Assembling matrices
Memory: 1036/1051 1097/1118
------     Current Progress:  64 % - Matrix factorization
Memory: 1008/1051 1091/1118
------     Current Progress:  64 % - Assembling matrices
Memory: 1038/1051 1098/1118
   3        0.81     4.3e+04   0.0291173        0.83    5    3    7
------     Current Progress:  64 % - Matrix factorization
Memory: 970/1051 1101/1118
------     Current Progress:  64 % - Solving linear system
Memory: 1036/1051 1097/1118
   4        0.68     5.8e+04   0.2414259         2.2    6    4    9
-------    Current Progress:  74 % - Assembling matrices
-------    Current Progress:  74 % - Matrix factorization
Memory: 985/1051 1101/1118
-------    Current Progress:  74 % - Solving linear system
Memory: 1037/1051 1097/1118
   5        0.35     5.4e+04   0.2192689        0.72    7    5   11
--------   Current Progress:  82 % - Assembling matrices
Memory: 1036/1051 1097/1118
--------   Current Progress:  82 % - Matrix factorization
Memory: 1000/1051 1101/1118
--------   Current Progress:  82 % - Assembling matrices
Memory: 1038/1051 1098/1118
   6        0.37       5e+04   0.1846312        0.49    8    6   13
--------   Current Progress:  82 % - Matrix factorization
Memory: 1018/1051 1101/1118
--------   Current Progress:  82 % - Assembling matrices
Memory: 1038/1051 1098/1118
   7        0.22     4.7e+04   0.1000000        0.25   10    7   16
--------   Current Progress:  84 % - Assembling matrices
Memory: 1036/1051 1097/1118
--------   Current Progress:  84 % - Matrix factorization
Memory: 973/1051 1101/1118
--------   Current Progress:  84 % - Solving linear system
Memory: 1036/1051 1097/1118
   8        0.21     4.3e+04   0.1000000        0.23   12    8   19
--------   Current Progress:  84 % - Assembling matrices
--------   Current Progress:  84 % - Matrix factorization
Memory: 985/1051 1101/1118
--------   Current Progress:  84 % - Solving linear system
Memory: 1037/1051 1097/1118
   9         0.2       4e+04   0.1062785        0.22   14    9   22
--------   Current Progress:  84 % - Assembling matrices
Memory: 1036/1051 1097/1118
--------   Current Progress:  84 % - Matrix factorization
Memory: 1005/1051 1101/1118
--------   Current Progress:  84 % - Assembling matrices
Memory: 1038/1051 1098/1118
  10        0.18     3.6e+04   0.1823183        0.23   16   10   25
--------   Current Progress:  84 % - Constraint handling
Memory: 1047/1051 1108/1118
--------   Current Progress:  84 % - Matrix factorization
Memory: 1022/1051 1101/1118
--------   Current Progress:  84 % - Assembling matrices
Memory: 1038/1051 1098/1118
  11         1.1     8.8e+04   1.0000000        0.92   17   11   27
--------   Current Progress:  84 % - Matrix factorization
Memory: 969/1051 1071/1118
--------   Current Progress:  84 % - Assembling matrices
Memory: 1038/1051 1098/1118
  12        0.01     2.2e+03   1.0000000        0.29   18   12   29
---------  Current Progress:  97 % - Assembling matrices
Memory: 1036/1051 1097/1118
---------  Current Progress:  97 % - Matrix factorization
Memory: 969/1051 1071/1118
---------  Current Progress:  97 % - Assembling matrices
Memory: 1038/1051 1098/1118
  13     7.7e-05         8.7   1.0000000       0.011   19   13   31
---------  Current Progress:  98 % - Assembling matrices
Memory: 1036/1051 1097/1118
---------  Current Progress:  98 % - Matrix factorization
Memory: 993/1051 1101/1118
---------  Current Progress:  98 % - Assembling matrices
Memory: 1038/1051 1098/1118
  14     4.5e-10     1.7e-05   1.0000000     0.00011   21   14   33
---------- Current Progress: 100 % - Constraint handling
Memory: 894/1051 932/1118
Solution time: 22 s.
Physical memory: 1.05 GB
Virtual memory: 1.11 GB
Ended at Oct 1, 2026, 3:09:17 AM.
----- Stationary Solver 2 in Study 1/Solution 1 (sol1) ------------------------>
VD=0.20 VG=  20.00 ID=1.7496e-06 A
<---- Compile Equations: Semiconductor Equilibrium in Study 1/Solution 1 (sol1) -
Started at Oct 1, 2026, 3:09:18 AM.
Geometry shape function: Linear Lagrange
Running on 11th Gen Intel(R) Core(TM) i7-1165G7 at 2.80 GHz.
Using 1 socket with 4 cores in total on WIN-FNSSP1NOF49.
Available memory: 7.97 GB.
           Current Progress:   3 % - Compile Equations: Semiconductor Equilibrium
Memory: 887/1051 925/1118
           Current Progress:   3 % - Creating visualization mesh
Time: 1 s.
Physical memory: 887 MB
Virtual memory: 925 MB
Ended at Oct 1, 2026, 3:09:18 AM.
----- Compile Equations: Semiconductor Equilibrium in Study 1/Solution 1 (sol1) >
<---- Dependent Variables 1 in Study 1/Solution 1 (sol1) -----------------------
Started at Oct 1, 2026, 3:09:18 AM.
           Current Progress:   3 % - Dependent Variables 1
Memory: 891/1051 929/1118
Solution time: 0 s.
Physical memory: 891 MB
Virtual memory: 929 MB
Ended at Oct 1, 2026, 3:09:18 AM.
----- Dependent Variables 1 in Study 1/Solution 1 (sol1) ---------------------->
<---- Stationary Solver 1 in Study 1/Solution 1 (sol1) -------------------------
Started at Oct 1, 2026, 3:09:19 AM.
Nonlinear solver
Number of degrees of freedom solved for: 138873.
           Current Progress:   5 % - Assembling sparsity pattern
Memory: 906/1051 944/1118
Nonsymmetric matrix found.
Scales for dependent variables:
Electron solution variable (comp1.Ne): 1e+23
Hole solution variable (comp1.Ph): 2.7e+26
Electric potential (comp1.V): 1.7e+21
Orthonormal null-space function used.
           Current Progress:   5 % - Matrix factorization
Memory: 939/1051 989/1118
Iter      SolEst      ResEst     Damping    Stepsize #Res #Jac #Sol
           Current Progress:   5 % - Assembling matrices
Memory: 983/1051 1038/1118
   1          47     8.5e+16   0.1000000          57    2    1    2
           Current Progress:   9 % - Assembling sparsity pattern
Memory: 975/1051 1031/1118
           Current Progress:   9 % - Matrix factorization
Memory: 945/1051 984/1118
           Current Progress:   9 % - Solving linear system
Memory: 979/1051 1035/1118
   2         5.7     3.6e+03   0.0794582         6.4    4    2    5
-          Current Progress:  14 % - Assembling sparsity pattern
Memory: 981/1051 1036/1118
-          Current Progress:  14 % - Matrix factorization
Memory: 960/1051 1041/1118
-          Current Progress:  14 % - Solving linear system
Memory: 950/1051 1004/1118
   3         1.8     1.4e+04   0.3278575         3.9    5    3    7
--         Current Progress:  28 % - Assembling matrices
Memory: 947/1051 1000/1118
--         Current Progress:  28 % - Matrix factorization
Memory: 938/1051 1004/1118
--         Current Progress:  28 % - Assembling matrices
Memory: 948/1051 1002/1118
   4        0.75     1.1e+04   0.3559431         1.2    7    4   10
---        Current Progress:  30 % - Assembling matrices
Memory: 946/1051 999/1118
---        Current Progress:  30 % - Matrix factorization
Memory: 936/1051 1004/1118
---        Current Progress:  30 % - Assembling matrices
Memory: 948/1051 1002/1118
   5        0.18     2.9e+04   1.0000000        0.99    8    5   12
---        Current Progress:  36 % - Assembling matrices
Memory: 946/1051 999/1118
---        Current Progress:  36 % - Matrix factorization
Memory: 928/1051 1004/1118
---        Current Progress:  36 % - Solving linear system
Memory: 948/1051 1002/1118
   6     0.00048       1e+02   1.0000000        0.14    9    6   14
----       Current Progress:  46 % - Matrix factorization
Memory: 923/1051 1004/1118
----       Current Progress:  46 % - Solving linear system
Memory: 948/1051 1002/1118
   7     1.8e-07     6.8e-05   1.0000000     0.00031   11    7   16
-----      Current Progress:  50 % - Constraint handling
Memory: 859/1051 895/1118
Solution time: 8 s.
Physical memory: 985 MB
Virtual memory: 1042 MB
Ended at Oct 1, 2026, 3:09:26 AM.
----- Stationary Solver 1 in Study 1/Solution 1 (sol1) ------------------------>
<---- Compile Equations: Stationary in Study 1/Solution 1 (sol1) ---------------
Started at Oct 1, 2026, 3:09:26 AM.
Geometry shape function: Linear Lagrange
-----      Current Progress:  52 % - Compile Equations: Stationary
Memory: 875/1051 913/1118
-----      Current Progress:  52 % - Creating visualization mesh
Memory: 876/1051 913/1118
Time: 1 s.
Physical memory: 876 MB
Virtual memory: 913 MB
Ended at Oct 1, 2026, 3:09:27 AM.
----- Compile Equations: Stationary in Study 1/Solution 1 (sol1) -------------->
<---- Dependent Variables 2 in Study 1/Solution 1 (sol1) -----------------------
Started at Oct 1, 2026, 3:09:27 AM.
Initial values of variables solved for: Solution 1 (sol1), Solution Store 1 (sol2).
Values of variables not solved for: Solution 1 (sol1).
-----      Current Progress:  52 % - Dependent Variables 2
Memory: 877/1051 914/1118
Solution time: 0 s.
Physical memory: 877 MB
Virtual memory: 914 MB
Ended at Oct 1, 2026, 3:09:27 AM.
----- Dependent Variables 2 in Study 1/Solution 1 (sol1) ---------------------->
<---- Stationary Solver 2 in Study 1/Solution 1 (sol1) -------------------------
Started at Oct 1, 2026, 3:09:27 AM.
Nonlinear solver
Number of degrees of freedom solved for: 138873.
-----      Current Progress:  55 % - Assembling matrices
Memory: 891/1051 928/1118
-----      Current Progress:  55 % - Assembling sparsity pattern
-----      Current Progress:  55 % - Assembling matrices
Memory: 922/1051 959/1118
Nonsymmetric matrix found.
Scales for dependent variables:
Electron solution variable (comp1.Ne): 4e+24
Hole solution variable (comp1.Ph): 2.2e+28
Electric potential (comp1.V): 3.6e+18
Orthonormal null-space function used.
-----      Current Progress:  55 % - Matrix factorization
Memory: 980/1051 1032/1118
Iter      SolEst      ResEst     Damping    Stepsize #Res #Jac #Sol
-----      Current Progress:  55 % - Solving linear system
Memory: 1033/1051 1094/1118
   1         3.7     6.4e+04   0.1000000         4.5    2    1    2
-----      Current Progress:  59 % - Assembling sparsity pattern
Memory: 1017/1051 1077/1118
-----      Current Progress:  59 % - Assembling matrices
Memory: 1036/1051 1097/1118
-----      Current Progress:  59 % - Matrix factorization
Memory: 1009/1051 1101/1118
-----      Current Progress:  59 % - Assembling matrices
Memory: 1037/1051 1097/1118
   2        0.35     4.3e+04   0.1000000        0.37    4    2    5
------     Current Progress:  64 % - Assembling sparsity pattern
Memory: 1021/1051 1081/1118
------     Current Progress:  64 % - Assembling matrices
Memory: 1035/1051 1096/1118
------     Current Progress:  64 % - Constraint handling
Memory: 1043/1051 1106/1118
------     Current Progress:  64 % - Matrix factorization
Memory: 1028/1051 1100/1118
------     Current Progress:  64 % - Assembling matrices
Memory: 1037/1051 1097/1118
   3        0.83     4.2e+04   0.0276213        0.85    5    3    7
------     Current Progress:  64 % - Matrix factorization
Memory: 976/1051 1100/1118
------     Current Progress:  64 % - Solving linear system
Memory: 1032/1051 1093/1118
   4         0.7     4.7e+04   0.2311736           2    6    4    9
-------    Current Progress:  74 % - Assembling matrices
Memory: 1035/1051 1096/1118
-------    Current Progress:  74 % - Matrix factorization
Memory: 980/1051 1100/1118
-------    Current Progress:  74 % - Solving linear system
Memory: 1035/1051 1096/1118
   5       0.089     4.1e+04   0.3033550        0.53    7    5   11
--------   Current Progress:  88 % - Assembling matrices
--------   Current Progress:  88 % - Matrix factorization
Memory: 997/1051 1100/1118
--------   Current Progress:  88 % - Assembling matrices
Memory: 1037/1051 1097/1118
   6        0.69       4e+04   0.0338873        0.71    8    6   13
--------   Current Progress:  88 % - Matrix factorization
Memory: 1010/1051 1100/1118
--------   Current Progress:  88 % - Assembling matrices
Memory: 1037/1051 1097/1118
   7         7.4     4.1e+04   0.3388735          23    9    7   15
--------   Current Progress:  88 % - Matrix factorization
Memory: 960/1051 1070/1118
--------   Current Progress:  88 % - Assembling matrices
Memory: 1037/1051 1097/1118
   8        0.16     3.8e+04   0.1000000        0.19   11    8   18
---------  Current Progress:  93 % - Assembling matrices
Memory: 1035/1051 1096/1118
---------  Current Progress:  93 % - Matrix factorization
Memory: 978/1051 1100/1118
---------  Current Progress:  93 % - Solving linear system
Memory: 1035/1051 1096/1118
   9       0.055     3.5e+04   0.0599494        0.06   13    9   21
---------  Current Progress:  93 % - Assembling matrices
---------  Current Progress:  93 % - Matrix factorization
Memory: 1001/1051 1100/1118
---------  Current Progress:  93 % - Assembling matrices
Memory: 1037/1051 1097/1118
  10       0.027     3.1e+04   0.1303759        0.03   14   10   23
---------  Current Progress:  93 % - Matrix factorization
Memory: 1022/1051 1100/1118
---------  Current Progress:  93 % - Assembling matrices
Memory: 1037/1051 1097/1118
  11       0.082     3.1e+04   0.0188144       0.083   15   11   25
---------  Current Progress:  93 % - Matrix factorization
Memory: 973/1051 1100/1118
---------  Current Progress:  93 % - Solving linear system
Memory: 1032/1051 1095/1118
  12       0.083     2.6e+04   0.1881437       0.093   16   12   27
---------  Current Progress:  93 % - Assembling matrices
Memory: 1035/1051 1096/1118
---------  Current Progress:  93 % - Matrix factorization
Memory: 991/1051 1100/1118
---------  Current Progress:  93 % - Solving linear system
Memory: 1035/1051 1096/1118
---------  Current Progress:  93 % - Assembling matrices
Memory: 1037/1051 1097/1118
  13        0.13     2.2e+04   0.1620942        0.15   17   13   29
---------  Current Progress:  93 % - Matrix factorization
Memory: 960/1051 999/1118
---------  Current Progress:  93 % - Assembling matrices
Memory: 1037/1051 1097/1118
  14        0.13     1.6e+04   0.5536105        0.21   18   14   31
---------  Current Progress:  93 % - Matrix factorization
Memory: 976/1051 1100/1118
---------  Current Progress:  93 % - Solving linear system
Memory: 1035/1051 1096/1118
  15        0.04       6e+03   1.0000000         0.3   19   15   33
---------  Current Progress:  94 % - Assembling matrices
---------  Current Progress:  94 % - Matrix factorization
Memory: 990/1051 1100/1118
---------  Current Progress:  94 % - Solving linear system
Memory: 1035/1051 1096/1118
  16     0.00025          37   1.0000000       0.049   20   16   35
---------  Current Progress:  98 % - Assembling matrices
---------  Current Progress:  98 % - Matrix factorization
Memory: 993/1051 1100/1118
---------  Current Progress:  98 % - Assembling matrices
Memory: 1034/1051 1095/1118
  17     1.4e-08     1.5e-05   1.0000000     0.00034   22   17   37
---------- Current Progress: 100 % - Constraint handling
Memory: 893/1051 930/1118
Solution time: 25 s.
Physical memory: 1.04 GB
Virtual memory: 1.11 GB
Ended at Oct 1, 2026, 3:09:52 AM.
----- Stationary Solver 2 in Study 1/Solution 1 (sol1) ------------------------>
VD=0.20 VG=  16.00 ID=1.4949e-06 A
<---- Compile Equations: Semiconductor Equilibrium in Study 1/Solution 1 (sol1) -
Started at Oct 1, 2026, 3:09:53 AM.
Geometry shape function: Linear Lagrange
Running on 11th Gen Intel(R) Core(TM) i7-1165G7 at 2.80 GHz.
Using 1 socket with 4 cores in total on WIN-FNSSP1NOF49.
Available memory: 7.97 GB.
           Current Progress:   3 % - Compile Equations: Semiconductor Equilibrium
Memory: 872/1051 911/1118
           Current Progress:   3 % - Creating visualization mesh
Time: 1 s.
Physical memory: 873 MB
Virtual memory: 911 MB
Ended at Oct 1, 2026, 3:09:54 AM.
----- Compile Equations: Semiconductor Equilibrium in Study 1/Solution 1 (sol1) >
<---- Dependent Variables 1 in Study 1/Solution 1 (sol1) -----------------------
Started at Oct 1, 2026, 3:09:54 AM.
           Current Progress:   3 % - Dependent Variables 1
Memory: 877/1051 916/1118
Solution time: 0 s.
Physical memory: 877 MB
Virtual memory: 916 MB
Ended at Oct 1, 2026, 3:09:54 AM.
----- Dependent Variables 1 in Study 1/Solution 1 (sol1) ---------------------->
<---- Stationary Solver 1 in Study 1/Solution 1 (sol1) -------------------------
Started at Oct 1, 2026, 3:09:54 AM.
Nonlinear solver
Number of degrees of freedom solved for: 138873.
           Current Progress:   5 % - Assembling sparsity pattern
Memory: 894/1051 933/1118
Nonsymmetric matrix found.
Scales for dependent variables:
Electron solution variable (comp1.Ne): 1e+23
Hole solution variable (comp1.Ph): 2.7e+26
Electric potential (comp1.V): 1.7e+21
Orthonormal null-space function used.
           Current Progress:   5 % - Matrix factorization
Memory: 927/1051 978/1118
Iter      SolEst      ResEst     Damping    Stepsize #Res #Jac #Sol
           Current Progress:   5 % - Assembling matrices
Memory: 977/1051 1033/1118
   1         5.9     4.4e+16   0.1000000         6.9    2    1    2
           Current Progress:   9 % - Assembling sparsity pattern
Memory: 967/1051 1022/1118
           Current Progress:   9 % - Matrix factorization
Memory: 973/1051 1028/1118
           Current Progress:   9 % - Assembling matrices
Memory: 980/1051 1036/1118
   2         2.8     3.9e+04   0.4239626           9    3    2    4
-          Current Progress:  14 % - Assembling sparsity pattern
Memory: 970/1051 1025/1118
-          Current Progress:  14 % - Matrix factorization
Memory: 942/1051 994/1118
-          Current Progress:  14 % - Solving linear system
Memory: 981/1051 1037/1118
   3        0.98     2.3e+04   0.4827019         1.9    5    3    7
--         Current Progress:  28 % - Matrix factorization
Memory: 905/1051 942/1118
--         Current Progress:  28 % - Solving linear system
Memory: 945/1051 1000/1118
   4        0.12     4.1e+04   1.0000000         1.3    6    4    9
---        Current Progress:  35 % - Assembling matrices
Memory: 942/1051 996/1118
---        Current Progress:  35 % - Matrix factorization
Memory: 934/1051 1001/1118
---        Current Progress:  35 % - Assembling matrices
Memory: 945/1051 998/1118
   5     4.8e-05         5.4   1.0000000       0.095    7    5   11
----       Current Progress:  47 % - Assembling matrices
Memory: 942/1051 996/1118
----       Current Progress:  47 % - Matrix factorization
Memory: 926/1051 1001/1118
----       Current Progress:  47 % - Solving linear system
Memory: 945/1051 999/1118
----       Current Progress:  47 % - Assembling matrices
Memory: 944/1051 997/1118
   6       9e-10     1.4e-08   1.0000000     4.4e-05    9    6   13
-----      Current Progress:  50 % - Constraint handling
Memory: 857/1051 893/1118
Solution time: 7 s.
Physical memory: 981 MB
Virtual memory: 1039 MB
Ended at Oct 1, 2026, 3:10:01 AM.
----- Stationary Solver 1 in Study 1/Solution 1 (sol1) ------------------------>
<---- Compile Equations: Stationary in Study 1/Solution 1 (sol1) ---------------
Started at Oct 1, 2026, 3:10:01 AM.
Geometry shape function: Linear Lagrange
-----      Current Progress:  52 % - Compile Equations: Stationary
Memory: 874/1051 912/1118
-----      Current Progress:  52 % - Creating visualization mesh
Time: 1 s.
Physical memory: 874 MB
Virtual memory: 912 MB
Ended at Oct 1, 2026, 3:10:02 AM.
----- Compile Equations: Stationary in Study 1/Solution 1 (sol1) -------------->
<---- Dependent Variables 2 in Study 1/Solution 1 (sol1) -----------------------
Started at Oct 1, 2026, 3:10:02 AM.
Initial values of variables solved for: Solution 1 (sol1), Solution Store 1 (sol2).
Values of variables not solved for: Solution 1 (sol1).
-----      Current Progress:  52 % - Dependent Variables 2
Memory: 880/1051 917/1118
Solution time: 0 s.
Physical memory: 880 MB
Virtual memory: 917 MB
Ended at Oct 1, 2026, 3:10:02 AM.
----- Dependent Variables 2 in Study 1/Solution 1 (sol1) ---------------------->
<---- Stationary Solver 2 in Study 1/Solution 1 (sol1) -------------------------
Started at Oct 1, 2026, 3:10:02 AM.
Nonlinear solver
Number of degrees of freedom solved for: 138873.
-----      Current Progress:  55 % - Assembling matrices
Memory: 894/1051 931/1118
-----      Current Progress:  55 % - Assembling sparsity pattern
Memory: 891/1051 928/1118
-----      Current Progress:  55 % - Assembling matrices
Memory: 923/1051 961/1118
Nonsymmetric matrix found.
Scales for dependent variables:
Electron solution variable (comp1.Ne): 2.6e+24
Hole solution variable (comp1.Ph): 1.3e+28
Electric potential (comp1.V): 2.3e+18
Orthonormal null-space function used.
-----      Current Progress:  55 % - Matrix factorization
Memory: 984/1051 1035/1118
Iter      SolEst      ResEst     Damping    Stepsize #Res #Jac #Sol
-----      Current Progress:  55 % - Solving linear system
Memory: 1034/1051 1094/1118
   1         3.7     6.2e+04   0.1000000         4.5    2    1    2
-----      Current Progress:  59 % - Assembling sparsity pattern
Memory: 1019/1051 1079/1118
-----      Current Progress:  59 % - Assembling matrices
Memory: 1037/1051 1097/1118
-----      Current Progress:  59 % - Matrix factorization
Memory: 960/1051 1074/1118
-----      Current Progress:  59 % - Solving linear system
Memory: 1010/1051 1069/1118
   2        0.36     4.2e+04   0.1000000        0.38    4    2    5
------     Current Progress:  64 % - Assembling sparsity pattern
Memory: 992/1051 1050/1118
------     Current Progress:  64 % - Assembling matrices
Memory: 1010/1051 1068/1118
------     Current Progress:  64 % - Matrix factorization
Memory: 966/1051 1072/1118
------     Current Progress:  64 % - Solving linear system
Memory: 1010/1051 1069/1118
   3        0.86     4.1e+04   0.0275865        0.88    5    3    7
------     Current Progress:  64 % - Assembling matrices
Memory: 1010/1051 1068/1118
------     Current Progress:  64 % - Matrix factorization
Memory: 964/1051 1073/1118
------     Current Progress:  64 % - Solving linear system
Memory: 1010/1051 1069/1118
   4        0.75     4.2e+04   0.2304798         2.1    6    4    9
-------    Current Progress:  73 % - Solving linear system
Memory: 1004/1051 1062/1118
-------    Current Progress:  73 % - Assembling matrices
Memory: 1010/1051 1068/1118
-------    Current Progress:  73 % - Matrix factorization
Memory: 978/1051 1072/1118
-------    Current Progress:  73 % - Assembling matrices
Memory: 1011/1051 1070/1118
   5        0.23     2.9e+04   0.3335836        0.51    7    5   11
--------   Current Progress:  84 % - Assembling matrices
Memory: 1010/1051 1068/1118
--------   Current Progress:  84 % - Matrix factorization
Memory: 993/1051 1073/1118
--------   Current Progress:  84 % - Assembling matrices
Memory: 1011/1051 1070/1118
   6        0.84     2.7e+04   0.0878213        0.93    8    6   13
--------   Current Progress:  84 % - Matrix factorization
Memory: 944/1051 1073/1118
--------   Current Progress:  84 % - Solving linear system
Memory: 1011/1051 1070/1118
   7        0.69     2.5e+04   0.1012582        0.78   10    7   16
--------   Current Progress:  84 % - Assembling matrices
Memory: 1010/1051 1068/1118
--------   Current Progress:  84 % - Matrix factorization
Memory: 967/1051 1073/1118
--------   Current Progress:  84 % - Assembling matrices
Memory: 1010/1051 1069/1118
   8        0.55     2.3e+04   0.1125659        0.63   12    8   19
--------   Current Progress:  84 % - Matrix factorization
Memory: 986/1051 1072/1118
--------   Current Progress:  84 % - Assembling matrices
Memory: 1011/1051 1070/1118
   9        0.44       2e+04   0.1271384        0.51   14    9   22
--------   Current Progress:  84 % - Matrix factorization
Memory: 942/1051 1043/1118
--------   Current Progress:  84 % - Assembling matrices
Memory: 1011/1051 1070/1118
  10        0.35     1.8e+04   0.1561371        0.42   16   10   25
--------   Current Progress:  85 % - Assembling matrices
Memory: 1010/1051 1068/1118
--------   Current Progress:  85 % - Matrix factorization
Memory: 980/1051 1073/1118
--------   Current Progress:  85 % - Assembling matrices
Memory: 1011/1051 1070/1118
  11        0.25     1.5e+04   0.2911478        0.37   18   11   28
--------   Current Progress:  87 % - Assembling matrices
Memory: 1010/1051 1068/1118
--------   Current Progress:  87 % - Matrix factorization
Memory: 992/1051 1072/1118
--------   Current Progress:  87 % - Assembling matrices
Memory: 1011/1051 1070/1118
  12        0.17     1.6e+04   1.0000000         0.4   19   12   30
--------   Current Progress:  88 % - Assembling matrices
Memory: 1010/1051 1068/1118
--------   Current Progress:  88 % - Matrix factorization
Memory: 979/1051 1073/1118
--------   Current Progress:  88 % - Assembling matrices
Memory: 1011/1051 1070/1118
  13      0.0025     1.5e+02   1.0000000       0.065   20   13   32
---------  Current Progress:  97 % - Assembling matrices
Memory: 1010/1051 1068/1118
---------  Current Progress:  97 % - Matrix factorization
Memory: 996/1051 1073/1118
---------  Current Progress:  97 % - Assembling matrices
Memory: 1011/1051 1070/1118
  14     3.3e-06        0.16   1.0000000      0.0026   21   14   34
---------- Current Progress: 100 % - Assembling matrices
Memory: 1010/1051 1068/1118
---------- Current Progress: 100 % - Matrix factorization
Memory: 994/1051 1062/1118
---------- Current Progress: 100 % - Assembling matrices
Memory: 1011/1051 1070/1118
  15     1.1e-12     1.3e-05   1.0000000     5.5e-06   23   15   36
---------- Current Progress: 100 % - Constraint handling
Memory: 821/1051 857/1118
Solution time: 24 s.
Physical memory: 1.04 GB
Virtual memory: 1.1 GB
Ended at Oct 1, 2026, 3:10:26 AM.
----- Stationary Solver 2 in Study 1/Solution 1 (sol1) ------------------------>
VD=0.20 VG=  12.00 ID=1.2156e-06 A
<---- Compile Equations: Semiconductor Equilibrium in Study 1/Solution 1 (sol1) -
Started at Oct 1, 2026, 3:10:27 AM.
Geometry shape function: Linear Lagrange
Running on 11th Gen Intel(R) Core(TM) i7-1165G7 at 2.80 GHz.
Using 1 socket with 4 cores in total on WIN-FNSSP1NOF49.
Available memory: 7.97 GB.
           Current Progress:   3 % - Compile Equations: Semiconductor Equilibrium
Memory: 885/1051 924/1118
           Current Progress:   3 % - Creating visualization mesh
Time: 1 s.
Physical memory: 885 MB
Virtual memory: 924 MB
Ended at Oct 1, 2026, 3:10:28 AM.
----- Compile Equations: Semiconductor Equilibrium in Study 1/Solution 1 (sol1) >
<---- Dependent Variables 1 in Study 1/Solution 1 (sol1) -----------------------
Started at Oct 1, 2026, 3:10:28 AM.
           Current Progress:   3 % - Dependent Variables 1
Memory: 889/1051 928/1118
Solution time: 0 s.
Physical memory: 889 MB
Virtual memory: 928 MB
Ended at Oct 1, 2026, 3:10:28 AM.
----- Dependent Variables 1 in Study 1/Solution 1 (sol1) ---------------------->
<---- Stationary Solver 1 in Study 1/Solution 1 (sol1) -------------------------
Started at Oct 1, 2026, 3:10:28 AM.
Nonlinear solver
Number of degrees of freedom solved for: 138873.
           Current Progress:   5 % - Assembling sparsity pattern
Memory: 906/1051 944/1118
Nonsymmetric matrix found.
Scales for dependent variables:
Electron solution variable (comp1.Ne): 1e+23
Hole solution variable (comp1.Ph): 2.7e+26
Electric potential (comp1.V): 1.7e+21
Orthonormal null-space function used.
           Current Progress:   5 % - Matrix factorization
Memory: 935/1051 987/1118
Iter      SolEst      ResEst     Damping    Stepsize #Res #Jac #Sol
           Current Progress:   5 % - Assembling matrices
Memory: 984/1051 1039/1118
   1         2.4     1.8e+16   0.1000000         2.7    2    1    2
           Current Progress:   9 % - Assembling sparsity pattern
Memory: 974/1051 1029/1118
           Current Progress:   9 % - Assembling matrices
Memory: 980/1051 1036/1118
           Current Progress:   9 % - Matrix factorization
Memory: 983/1051 1045/1118
           Current Progress:   9 % - Assembling matrices
Memory: 986/1051 1042/1118
   2         4.5     2.8e+04   0.3761610          12    3    2    4
-          Current Progress:  14 % - Assembling sparsity pattern
Memory: 976/1051 1031/1118
-          Current Progress:  14 % - Matrix factorization
Memory: 956/1051 1045/1118
-          Current Progress:  14 % - Assembling matrices
Memory: 964/1051 1027/1118
   3        0.97     2.2e+04   0.2917618         1.4    5    3    7
---        Current Progress:  30 % - Assembling matrices
Memory: 949/1051 1004/1118
---        Current Progress:  30 % - Matrix factorization
Memory: 932/1051 1008/1118
---        Current Progress:  30 % - Solving linear system
Memory: 952/1051 1005/1118
   4        0.37     7.6e+04   0.8130604         1.1    6    4    9
---        Current Progress:  31 % - Solving linear system
Memory: 944/1051 998/1118
---        Current Progress:  31 % - Matrix factorization
Memory: 927/1051 1008/1118
---        Current Progress:  31 % - Solving linear system
Memory: 952/1051 1005/1118
   5      0.0084     1.7e+04   1.0000000        0.32    7    5   11
----       Current Progress:  42 % - Constraint handling
Memory: 954/1051 1007/1118
----       Current Progress:  42 % - Matrix factorization
Memory: 936/1051 1008/1118
----       Current Progress:  42 % - Solving linear system
Memory: 952/1051 1005/1118
   6     2.4e-07       0.057   1.0000000      0.0079    8    6   13
-----      Current Progress:  50 % - Matrix factorization
Memory: 926/1051 1008/1118
-----      Current Progress:  50 % - Solving linear system
Memory: 952/1051 1005/1118
   7     1.8e-14     2.6e-09   1.0000000     2.3e-07   10    7   15
-----      Current Progress:  50 % - Constraint handling
Memory: 863/1051 899/1118
Solution time: 8 s.
Physical memory: 987 MB
Virtual memory: 1045 MB
Ended at Oct 1, 2026, 3:10:35 AM.
----- Stationary Solver 1 in Study 1/Solution 1 (sol1) ------------------------>
<---- Compile Equations: Stationary in Study 1/Solution 1 (sol1) ---------------
Started at Oct 1, 2026, 3:10:35 AM.
Geometry shape function: Linear Lagrange
-----      Current Progress:  52 % - Compile Equations: Stationary
Memory: 880/1051 917/1118
-----      Current Progress:  52 % - Creating visualization mesh
Time: 1 s.
Physical memory: 880 MB
Virtual memory: 917 MB
Ended at Oct 1, 2026, 3:10:36 AM.
----- Compile Equations: Stationary in Study 1/Solution 1 (sol1) -------------->
<---- Dependent Variables 2 in Study 1/Solution 1 (sol1) -----------------------
Started at Oct 1, 2026, 3:10:37 AM.
Initial values of variables solved for: Solution 1 (sol1), Solution Store 1 (sol2).
Values of variables not solved for: Solution 1 (sol1).
-----      Current Progress:  52 % - Dependent Variables 2
Memory: 881/1051 918/1118
Solution time: 0 s.
Physical memory: 881 MB
Virtual memory: 918 MB
Ended at Oct 1, 2026, 3:10:37 AM.
----- Dependent Variables 2 in Study 1/Solution 1 (sol1) ---------------------->
<---- Stationary Solver 2 in Study 1/Solution 1 (sol1) -------------------------
Started at Oct 1, 2026, 3:10:37 AM.
Nonlinear solver
Number of degrees of freedom solved for: 138873.
-----      Current Progress:  55 % - Assembling matrices
Memory: 896/1051 933/1118
-----      Current Progress:  55 % - Assembling sparsity pattern
Memory: 894/1051 932/1118
-----      Current Progress:  55 % - Assembling matrices
Memory: 926/1051 964/1118
Nonsymmetric matrix found.
Scales for dependent variables:
Electron solution variable (comp1.Ne): 1.4e+24
Hole solution variable (comp1.Ph): 6.5e+27
Electric potential (comp1.V): 1.2e+18
Orthonormal null-space function used.
-----      Current Progress:  55 % - Matrix factorization
Memory: 982/1051 1033/1118
Iter      SolEst      ResEst     Damping    Stepsize #Res #Jac #Sol
-----      Current Progress:  55 % - Solving linear system
Memory: 1037/1051 1097/1118
   1         3.8     5.7e+04   0.1000000         4.6    2    1    2
-----      Current Progress:  59 % - Solving linear system
Memory: 1034/1051 1094/1118
-----      Current Progress:  59 % - Assembling sparsity pattern
Memory: 1021/1051 1082/1118
-----      Current Progress:  59 % - Assembling matrices
Memory: 1040/1055 1100/1118
-----      Current Progress:  59 % - Matrix factorization
Memory: 1005/1055 1104/1118
-----      Current Progress:  59 % - Assembling matrices
Memory: 1040/1055 1100/1118
   2        0.39     4.2e+04   0.1000000        0.41    4    2    5
------     Current Progress:  64 % - Assembling sparsity pattern
Memory: 1018/1055 1079/1118
------     Current Progress:  64 % - Assembling matrices
Memory: 1039/1055 1099/1118
------     Current Progress:  64 % - Matrix factorization
Memory: 964/1055 1002/1118
------     Current Progress:  64 % - Assembling matrices
Memory: 1040/1055 1100/1118
   3         0.9       4e+04   0.0301876        0.93    5    3    7
------     Current Progress:  64 % - Matrix factorization
Memory: 977/1055 1103/1118
------     Current Progress:  64 % - Solving linear system
Memory: 1039/1055 1099/1118
   4        0.92     4.3e+04   0.2457048         2.9    6    4    9
------     Current Progress:  64 % - Assembling matrices
Memory: 1038/1055 1099/1118
------     Current Progress:  64 % - Matrix factorization
Memory: 987/1055 1103/1118
------     Current Progress:  64 % - Solving linear system
Memory: 1039/1055 1099/1118
   5        0.14     2.5e+04   0.2685549        0.75    7    5   11
--------   Current Progress:  87 % - Solving linear system
Memory: 1033/1055 1093/1118
--------   Current Progress:  87 % - Assembling matrices
Memory: 1039/1055 1099/1118
--------   Current Progress:  87 % - Matrix factorization
Memory: 1012/1055 1103/1118
--------   Current Progress:  87 % - Assembling matrices
Memory: 1040/1055 1100/1118
   6        0.75     2.4e+04   0.0451438        0.79    8    6   13
--------   Current Progress:  87 % - Matrix factorization
Memory: 961/1055 1000/1118
--------   Current Progress:  87 % - Assembling matrices
Memory: 1040/1055 1100/1118
   7        0.68     4.2e+04   0.4514381         2.4    9    7   15
--------   Current Progress:  87 % - Matrix factorization
Memory: 988/1055 1103/1118
--------   Current Progress:  87 % - Solving linear system
Memory: 1039/1055 1099/1118
--------   Current Progress:  87 % - Assembling matrices
Memory: 1040/1055 1100/1118
   8        0.97     3.7e+04   0.1000000         1.1   11    8   18
--------   Current Progress:  87 % - Matrix factorization
Memory: 971/1055 1073/1118
--------   Current Progress:  87 % - Assembling matrices
Memory: 1040/1055 1100/1118
   9        0.14       8e+03   0.5119486        0.29   12    9   20
---------  Current Progress:  92 % - Assembling matrices
Memory: 1039/1055 1099/1118
---------  Current Progress:  92 % - Matrix factorization
Memory: 971/1055 1073/1118
---------  Current Progress:  92 % - Solving linear system
Memory: 1039/1055 1103/1118
  10         0.3     5.6e+03   0.2847378        0.42   13   10   22
---------  Current Progress:  92 % - Assembling matrices
Memory: 1039/1055 1099/1118
---------  Current Progress:  92 % - Matrix factorization
Memory: 986/1055 1103/1118
---------  Current Progress:  92 % - Solving linear system
Memory: 1039/1055 1099/1118
  11       0.034     5.4e+03   1.0000000        0.47   14   11   24
---------  Current Progress:  94 % - Assembling matrices
---------  Current Progress:  94 % - Matrix factorization
Memory: 998/1055 1103/1118
---------  Current Progress:  94 % - Solving linear system
Memory: 1039/1055 1099/1118
  12     0.00062           9   1.0000000       0.016   15   12   26
---------  Current Progress:  97 % - Assembling matrices
---------  Current Progress:  97 % - Matrix factorization
Memory: 1008/1055 1103/1118
---------  Current Progress:  97 % - Solving linear system
Memory: 1036/1055 1096/1118
---------  Current Progress:  97 % - Assembling matrices
Memory: 1036/1055 1097/1118
  13     1.9e-07     9.3e-06   1.0000000      0.0014   17   13   28
---------- Current Progress: 100 % - Constraint handling
Memory: 896/1055 933/1118
Solution time: 20 s.
Physical memory: 1.04 GB
Virtual memory: 1.1 GB
Ended at Oct 1, 2026, 3:10:56 AM.
----- Stationary Solver 2 in Study 1/Solution 1 (sol1) ------------------------>
VD=0.20 VG=   8.00 ID=9.0696e-07 A
<---- Compile Equations: Semiconductor Equilibrium in Study 1/Solution 1 (sol1) -
Started at Oct 1, 2026, 3:10:57 AM.
Geometry shape function: Linear Lagrange
Running on 11th Gen Intel(R) Core(TM) i7-1165G7 at 2.80 GHz.
Using 1 socket with 4 cores in total on WIN-FNSSP1NOF49.
Available memory: 7.97 GB.
           Current Progress:   3 % - Compile Equations: Semiconductor Equilibrium
Memory: 885/1055 924/1118
           Current Progress:   3 % - Creating visualization mesh
Time: 1 s.
Physical memory: 885 MB
Virtual memory: 924 MB
Ended at Oct 1, 2026, 3:10:58 AM.
----- Compile Equations: Semiconductor Equilibrium in Study 1/Solution 1 (sol1) >
<---- Dependent Variables 1 in Study 1/Solution 1 (sol1) -----------------------
Started at Oct 1, 2026, 3:10:58 AM.
           Current Progress:   3 % - Dependent Variables 1
Memory: 889/1055 929/1118
Solution time: 0 s.
Physical memory: 889 MB
Virtual memory: 929 MB
Ended at Oct 1, 2026, 3:10:58 AM.
----- Dependent Variables 1 in Study 1/Solution 1 (sol1) ---------------------->
<---- Stationary Solver 1 in Study 1/Solution 1 (sol1) -------------------------
Started at Oct 1, 2026, 3:10:58 AM.
Nonlinear solver
Number of degrees of freedom solved for: 138873.
           Current Progress:   5 % - Assembling sparsity pattern
Memory: 906/1055 945/1118
Nonsymmetric matrix found.
Scales for dependent variables:
Electron solution variable (comp1.Ne): 1e+23
Hole solution variable (comp1.Ph): 2.7e+26
Electric potential (comp1.V): 1.7e+21
Orthonormal null-space function used.
           Current Progress:   5 % - Matrix factorization
Memory: 931/1055 981/1118
Iter      SolEst      ResEst     Damping    Stepsize #Res #Jac #Sol
           Current Progress:   5 % - Assembling matrices
Memory: 986/1055 1042/1118
   1         1.2     3.7e+15   0.1000000         1.4    2    1    2
           Current Progress:   9 % - Assembling sparsity pattern
Memory: 976/1055 1032/1118
           Current Progress:   9 % - 
Memory: 983/1055 1039/1118
           Current Progress:   9 % - Matrix factorization
Memory: 984/1055 1049/1118
           Current Progress:   9 % - Assembling matrices
Memory: 990/1055 1045/1118
   2         3.2     5.2e+04   0.4683594         8.5    3    2    4
-          Current Progress:  14 % - Assembling sparsity pattern
Memory: 979/1055 1035/1118
-          Current Progress:  14 % - Matrix factorization
Memory: 948/1055 986/1118
-          Current Progress:  14 % - Solving linear system
Memory: 985/1055 1040/1118
-          Current Progress:  14 % - Assembling matrices
Memory: 954/1055 1008/1118
   3        0.45       5e+04   0.2162002        0.59    5    3    7
---        Current Progress:  31 % - Assembling matrices
Memory: 952/1055 1005/1118
---        Current Progress:  31 % - Matrix factorization
Memory: 936/1055 1009/1118
---        Current Progress:  31 % - Solving linear system
Memory: 954/1055 1007/1118
   4        0.27     7.8e+04   0.3977774        0.39    6    4    9
---        Current Progress:  31 % - Matrix factorization
Memory: 930/1055 1009/1118
---        Current Progress:  31 % - Solving linear system
Memory: 953/1055 1007/1118
   5        0.31     1.2e+05   0.5390934        0.61    7    5   11
---        Current Progress:  31 % - Matrix factorization
Memory: 922/1055 1009/1118
---        Current Progress:  31 % - Solving linear system
Memory: 955/1055 1008/1118
   6       0.018     1.4e+05   1.0000000        0.38    8    6   13
----       Current Progress:  41 % - Assembling matrices
Memory: 951/1055 1004/1118
----       Current Progress:  41 % - Matrix factorization
Memory: 934/1055 1009/1118
----       Current Progress:  41 % - Solving linear system
Memory: 953/1055 1007/1118
   7       1e-06         1.3   1.0000000       0.017    9    7   15
-----      Current Progress:  50 % - Matrix factorization
Memory: 915/1055 952/1118
-----      Current Progress:  50 % - Solving linear system
Memory: 951/1055 1007/1118
   8     3.8e-13       1e-08   1.0000000     9.2e-07   11    8   17
-----      Current Progress:  50 % - Constraint handling
Memory: 941/1055 994/1118
Solution time: 9 s.
Physical memory: 990 MB
Virtual memory: 1049 MB
Ended at Oct 1, 2026, 3:11:07 AM.
----- Stationary Solver 1 in Study 1/Solution 1 (sol1) ------------------------>
<---- Compile Equations: Stationary in Study 1/Solution 1 (sol1) ---------------
Started at Oct 1, 2026, 3:11:07 AM.
Geometry shape function: Linear Lagrange
-----      Current Progress:  52 % - Compile Equations: Stationary
Memory: 868/1055 907/1118
-----      Current Progress:  52 % - Creating visualization mesh
Time: 1 s.
Physical memory: 868 MB
Virtual memory: 907 MB
Ended at Oct 1, 2026, 3:11:08 AM.
----- Compile Equations: Stationary in Study 1/Solution 1 (sol1) -------------->
<---- Dependent Variables 2 in Study 1/Solution 1 (sol1) -----------------------
Started at Oct 1, 2026, 3:11:08 AM.
Initial values of variables solved for: Solution 1 (sol1), Solution Store 1 (sol2).
Values of variables not solved for: Solution 1 (sol1).
-----      Current Progress:  52 % - Dependent Variables 2
Memory: 870/1055 908/1118
Solution time: 0 s.
Physical memory: 870 MB
Virtual memory: 908 MB
Ended at Oct 1, 2026, 3:11:08 AM.
----- Dependent Variables 2 in Study 1/Solution 1 (sol1) ---------------------->
<---- Stationary Solver 2 in Study 1/Solution 1 (sol1) -------------------------
Started at Oct 1, 2026, 3:11:08 AM.
Nonlinear solver
Number of degrees of freedom solved for: 138873.
-----      Current Progress:  55 % - Assembling matrices
Memory: 886/1055 925/1118
-----      Current Progress:  55 % - Assembling sparsity pattern
Memory: 887/1055 925/1118
-----      Current Progress:  55 % - Assembling matrices
Memory: 920/1055 958/1118
Nonsymmetric matrix found.
Scales for dependent variables:
Electron solution variable (comp1.Ne): 4.7e+23
Hole solution variable (comp1.Ph): 2e+27
Electric potential (comp1.V): 3.9e+17
Orthonormal null-space function used.
-----      Current Progress:  55 % - Matrix factorization
Memory: 980/1055 1033/1118
Iter      SolEst      ResEst     Damping    Stepsize #Res #Jac #Sol
-----      Current Progress:  55 % - Solving linear system
Memory: 1035/1055 1096/1118
-----      Current Progress:  55 % - Assembling matrices
Memory: 1036/1055 1097/1118
   1         3.8     5.2e+04   0.1000000         4.7    2    1    2
-----      Current Progress:  59 % - Assembling sparsity pattern
Memory: 1019/1055 1080/1118
-----      Current Progress:  59 % - Assembling matrices
Memory: 1038/1055 1099/1118
-----      Current Progress:  59 % - Matrix factorization
Memory: 1016/1055 1093/1118
-----      Current Progress:  59 % - Assembling matrices
Memory: 1038/1055 1099/1118
   2        0.44     4.1e+04   0.1000000        0.47    4    2    5
------     Current Progress:  64 % - Assembling sparsity pattern
Memory: 1016/1055 1077/1118
------     Current Progress:  64 % - Assembling matrices
Memory: 1037/1055 1098/1118
------     Current Progress:  64 % - Matrix factorization
Memory: 974/1055 1102/1118
------     Current Progress:  64 % - Solving linear system
Memory: 1038/1055 1099/1118
   3        0.97       4e+04   0.0385061           1    5    3    7
------     Current Progress:  64 % - Assembling matrices
Memory: 1037/1055 1098/1118
------     Current Progress:  64 % - Matrix factorization
Memory: 982/1055 1102/1118
------     Current Progress:  64 % - Solving linear system
Memory: 1037/1055 1098/1118
   4         1.7     6.1e+04   0.2994168         5.1    6    4    9
------     Current Progress:  64 % - Assembling matrices
------     Current Progress:  64 % - Matrix factorization
Memory: 988/1055 1102/1118
------     Current Progress:  64 % - Solving linear system
Memory: 1037/1055 1098/1118
   5         1.2       4e+04   0.1798856         1.7    7    5   11
-------    Current Progress:  79 % - Assembling matrices
-------    Current Progress:  79 % - Matrix factorization
Memory: 996/1055 1102/1118
-------    Current Progress:  79 % - Assembling matrices
Memory: 1038/1055 1099/1118
   6        0.16     3.6e+04   0.1000000        0.18    9    6   14
--------   Current Progress:  89 % - Assembling matrices
Memory: 1037/1055 1098/1118
--------   Current Progress:  89 % - Matrix factorization
Memory: 1010/1055 1102/1118
--------   Current Progress:  89 % - Assembling matrices
Memory: 1038/1055 1099/1118
   7        0.22       3e+04   0.1693138        0.25   10    7   16
--------   Current Progress:  89 % - Matrix factorization
Memory: 995/1055 1102/1118
--------   Current Progress:  89 % - Solving linear system
Memory: 1037/1055 1098/1118
   8        0.15     2.1e+04   0.5194708        0.41   11    8   18
--------   Current Progress:  89 % - Assembling matrices
--------   Current Progress:  89 % - Matrix factorization
Memory: 997/1055 1102/1118
--------   Current Progress:  89 % - Assembling matrices
Memory: 1037/1055 1098/1118
   9         0.3       6e+03   0.9035713        0.54   12    9   20
--------   Current Progress:  89 % - Matrix factorization
Memory: 1014/1055 1102/1118
--------   Current Progress:  89 % - Assembling matrices
Memory: 1038/1055 1099/1118
  10      0.0058     7.9e+02   1.0000000        0.32   13   10   22
---------  Current Progress:  96 % - Assembling matrices
Memory: 1037/1055 1098/1118
---------  Current Progress:  96 % - Matrix factorization
Memory: 962/1055 1001/1118
---------  Current Progress:  96 % - Assembling matrices
Memory: 1038/1055 1099/1118
  11     7.9e-06       0.027   1.0000000      0.0051   14   11   24
---------  Current Progress:  99 % - Assembling matrices
Memory: 1037/1055 1098/1118
---------  Current Progress:  99 % - Matrix factorization
Memory: 962/1055 1001/1118
---------  Current Progress:  99 % - Assembling matrices
Memory: 1038/1055 1099/1118
  12       1e-11     5.9e-06   1.0000000     2.4e-05   16   12   26
---------- Current Progress: 100 % - Constraint handling
Memory: 894/1055 932/1118
Solution time: 19 s.
Physical memory: 1.04 GB
Virtual memory: 1.1 GB
Ended at Oct 1, 2026, 3:11:27 AM.
----- Stationary Solver 2 in Study 1/Solution 1 (sol1) ------------------------>
VD=0.20 VG=   4.00 ID=5.6374e-07 A
<---- Compile Equations: Semiconductor Equilibrium in Study 1/Solution 1 (sol1) -
Started at Oct 1, 2026, 3:11:28 AM.
Geometry shape function: Linear Lagrange
Running on 11th Gen Intel(R) Core(TM) i7-1165G7 at 2.80 GHz.
Using 1 socket with 4 cores in total on WIN-FNSSP1NOF49.
Available memory: 7.97 GB.
           Current Progress:   3 % - Compile Equations: Semiconductor Equilibrium
Memory: 889/1055 926/1118
           Current Progress:   3 % - Creating visualization mesh
Time: 1 s.
Physical memory: 889 MB
Virtual memory: 926 MB
Ended at Oct 1, 2026, 3:11:29 AM.
----- Compile Equations: Semiconductor Equilibrium in Study 1/Solution 1 (sol1) >
<---- Dependent Variables 1 in Study 1/Solution 1 (sol1) -----------------------
Started at Oct 1, 2026, 3:11:29 AM.
           Current Progress:   3 % - Dependent Variables 1
Memory: 893/1055 931/1118
Solution time: 0 s.
Physical memory: 893 MB
Virtual memory: 931 MB
Ended at Oct 1, 2026, 3:11:29 AM.
----- Dependent Variables 1 in Study 1/Solution 1 (sol1) ---------------------->
<---- Stationary Solver 1 in Study 1/Solution 1 (sol1) -------------------------
Started at Oct 1, 2026, 3:11:29 AM.
Nonlinear solver
Number of degrees of freedom solved for: 138873.
           Current Progress:   5 % - Assembling sparsity pattern
Memory: 908/1055 946/1118
Nonsymmetric matrix found.
Scales for dependent variables:
Electron solution variable (comp1.Ne): 1e+23
Hole solution variable (comp1.Ph): 2.7e+26
Electric potential (comp1.V): 1.7e+21
Orthonormal null-space function used.
           Current Progress:   5 % - Matrix factorization
Memory: 944/1055 994/1118
Iter      SolEst      ResEst     Damping    Stepsize #Res #Jac #Sol
           Current Progress:   5 % - Assembling matrices
Memory: 983/1055 1038/1118
   1         1.1     2.7e+15   0.1000000         1.2    2    1    2
           Current Progress:   9 % - Assembling sparsity pattern
Memory: 978/1055 1033/1118
           Current Progress:   9 % - Constraint handling
Memory: 980/1055 1037/1118
           Current Progress:   9 % - Matrix factorization
Memory: 979/1055 1043/1118
           Current Progress:   9 % - Assembling matrices
Memory: 985/1055 1040/1118
   2         9.4     6.7e+04   0.4045989          20    3    2    4
-          Current Progress:  14 % - Assembling sparsity pattern
Memory: 973/1055 1028/1118
-          Current Progress:  14 % - Matrix factorization
Memory: 949/1055 998/1118
-          Current Progress:  14 % - Assembling matrices
Memory: 985/1055 1040/1118
-          Current Progress:  14 % - Solving linear system
Memory: 951/1055 1005/1118
   3         1.7     1.3e+05   0.3373477           3    5    3    7
---        Current Progress:  30 % - Assembling matrices
Memory: 948/1055 1001/1118
---        Current Progress:  30 % - Matrix factorization
Memory: 942/1055 1006/1118
---        Current Progress:  30 % - Assembling matrices
Memory: 950/1055 1003/1118
---        Current Progress:  30 % - Solving linear system
Memory: 951/1055 1004/1118
   4        0.53     2.2e+05   0.3857956           1    7    4   10
---        Current Progress:  32 % - Assembling matrices
Memory: 948/1055 1001/1118
---        Current Progress:  32 % - Matrix factorization
Memory: 940/1055 1006/1118
---        Current Progress:  32 % - Assembling matrices
Memory: 950/1055 1003/1118
   5         0.6     6.8e+05   0.7718139         1.7    8    5   12
---        Current Progress:  32 % - Matrix factorization
Memory: 934/1055 1006/1118
---        Current Progress:  32 % - Solving linear system
Memory: 950/1055 1003/1118
   6       0.013     1.5e+05   1.0000000        0.36    9    6   14
----       Current Progress:  43 % - Assembling matrices
Memory: 948/1055 1001/1118
----       Current Progress:  43 % - Matrix factorization
Memory: 928/1055 1006/1118
----       Current Progress:  43 % - Solving linear system
Memory: 950/1055 1003/1118
   7     6.2e-06          30   1.0000000       0.013   10    7   16
----       Current Progress:  49 % - Assembling matrices
Memory: 948/1055 1001/1118
----       Current Progress:  49 % - Matrix factorization
Memory: 930/1055 1006/1118
----       Current Progress:  49 % - Solving linear system
Memory: 950/1055 1003/1118
----       Current Progress:  49 % - Assembling matrices
Memory: 948/1055 1001/1118
   8     5.1e-11     3.6e-08   1.0000000     6.2e-06   12    8   18
-----      Current Progress:  50 % - Constraint handling
Memory: 810/1055 845/1118
Solution time: 9 s.
Physical memory: 985 MB
Virtual memory: 1043 MB
Ended at Oct 1, 2026, 3:11:37 AM.
----- Stationary Solver 1 in Study 1/Solution 1 (sol1) ------------------------>
<---- Compile Equations: Stationary in Study 1/Solution 1 (sol1) ---------------
Started at Oct 1, 2026, 3:11:37 AM.
Geometry shape function: Linear Lagrange
-----      Current Progress:  52 % - Compile Equations: Stationary
Memory: 887/1055 928/1118
-----      Current Progress:  52 % - Creating visualization mesh
Memory: 879/1055 918/1118
Time: 1 s.
Physical memory: 887 MB
Virtual memory: 928 MB
Ended at Oct 1, 2026, 3:11:38 AM.
----- Compile Equations: Stationary in Study 1/Solution 1 (sol1) -------------->
<---- Dependent Variables 2 in Study 1/Solution 1 (sol1) -----------------------
Started at Oct 1, 2026, 3:11:38 AM.
Initial values of variables solved for: Solution 1 (sol1), Solution Store 1 (sol2).
Values of variables not solved for: Solution 1 (sol1).
-----      Current Progress:  52 % - Dependent Variables 2
Memory: 885/1055 924/1118
Solution time: 0 s.
Physical memory: 885 MB
Virtual memory: 924 MB
Ended at Oct 1, 2026, 3:11:39 AM.
----- Dependent Variables 2 in Study 1/Solution 1 (sol1) ---------------------->
<---- Stationary Solver 2 in Study 1/Solution 1 (sol1) -------------------------
Started at Oct 1, 2026, 3:11:39 AM.
Nonlinear solver
Number of degrees of freedom solved for: 138873.
-----      Current Progress:  55 % - Assembling matrices
Memory: 900/1055 939/1118
-----      Current Progress:  55 % - Assembling sparsity pattern
Memory: 901/1055 940/1118
-----      Current Progress:  55 % - Assembling matrices
Memory: 932/1055 971/1118
Nonsymmetric matrix found.
Scales for dependent variables:
Electron solution variable (comp1.Ne): 7.7e+22
Hole solution variable (comp1.Ph): 2.3e+26
Electric potential (comp1.V): 5.5e+16
Orthonormal null-space function used.
-----      Current Progress:  55 % - Matrix factorization
Memory: 981/1055 1032/1118
Iter      SolEst      ResEst     Damping    Stepsize #Res #Jac #Sol
-----      Current Progress:  55 % - Assembling matrices
Memory: 1045/1055 1106/1118
   1         3.9     4.6e+04   0.1000000         4.8    2    1    2
-----      Current Progress:  59 % - Assembling sparsity pattern
Memory: 1027/1055 1087/1118
-----      Current Progress:  59 % - Assembling matrices
Memory: 1047/1062 1108/1123
-----      Current Progress:  59 % - Matrix factorization
Memory: 988/1062 1111/1123
-----      Current Progress:  59 % - Solving linear system
Memory: 1046/1062 1107/1123
   2        0.58     4.3e+04   0.0802732        0.61    4    2    5
------     Current Progress:  64 % - Assembling sparsity pattern
Memory: 1029/1062 1089/1123
------     Current Progress:  64 % - Assembling matrices
Memory: 1021/1062 1079/1123
------     Current Progress:  64 % - Matrix factorization
Memory: 946/1062 982/1123
------     Current Progress:  64 % - Assembling matrices
Memory: 1022/1062 1080/1123
   3         1.1     4.1e+04   0.0595089         1.1    5    3    7
------     Current Progress:  64 % - Matrix factorization
Memory: 969/1062 1083/1123
------     Current Progress:  64 % - Solving linear system
Memory: 1021/1062 1079/1123
   4         1.2     3.9e+04   0.0418308         1.3    7    4   10
------     Current Progress:  64 % - Assembling matrices
------     Current Progress:  64 % - Matrix factorization
Memory: 996/1062 1083/1123
------     Current Progress:  64 % - Assembling matrices
Memory: 1022/1062 1080/1123
   5         1.3     3.7e+04   0.0418308         1.4    9    5   13
------     Current Progress:  64 % - Matrix factorization
Memory: 976/1062 1083/1123
------     Current Progress:  64 % - Assembling matrices
Memory: 1022/1062 1080/1123
   6         1.4     3.6e+04   0.0418308         1.5   11    6   16
------     Current Progress:  64 % - Matrix factorization
Memory: 946/1062 982/1123
------     Current Progress:  64 % - Assembling matrices
Memory: 1022/1062 1080/1123
------     Current Progress:  64 % - Solving linear system
   7         1.5     3.4e+04   0.0418308         1.6   13    7   19
------     Current Progress:  64 % - Assembling matrices
Memory: 1021/1062 1079/1123
------     Current Progress:  64 % - Matrix factorization
Memory: 972/1062 1083/1123
------     Current Progress:  64 % - Solving linear system
Memory: 1021/1062 1079/1123
   8         1.5     3.3e+04   0.0418308         1.6   15    8   22
------     Current Progress:  64 % - Assembling matrices
------     Current Progress:  64 % - Matrix factorization
Memory: 970/1062 1083/1123
------     Current Progress:  64 % - Solving linear system
Memory: 1021/1062 1079/1123
------     Current Progress:  64 % - Assembling matrices
Memory: 1022/1062 1080/1123
   9         1.6     3.2e+04   0.0418308         1.7   17    9   25
------     Current Progress:  64 % - Matrix factorization
Memory: 946/1062 982/1123
------     Current Progress:  64 % - Assembling matrices
Memory: 1022/1062 1080/1123
  10         1.6       3e+04   0.0437550         1.7   19   10   28
------     Current Progress:  64 % - Matrix factorization
Memory: 979/1062 1083/1123
------     Current Progress:  64 % - Solving linear system
Memory: 1021/1062 1079/1123
------     Current Progress:  64 % - Assembling matrices
Memory: 1022/1062 1080/1123
  11         1.7     2.9e+04   0.0458128         1.7   21   11   31
------     Current Progress:  64 % - Matrix factorization
Memory: 945/1062 1053/1123
------     Current Progress:  64 % - Assembling matrices
Memory: 1022/1062 1080/1123
------     Current Progress:  64 % - Solving linear system
  12         1.7     2.8e+04   0.0480485         1.8   23   12   34
------     Current Progress:  64 % - Assembling matrices
Memory: 1021/1062 1079/1123
------     Current Progress:  64 % - Matrix factorization
Memory: 984/1062 1083/1123
------     Current Progress:  64 % - Assembling matrices
Memory: 1022/1062 1080/1123
  13         1.7     2.6e+04   0.0504244         1.8   25   13   37
------     Current Progress:  64 % - Matrix factorization
Memory: 969/1062 1073/1123
------     Current Progress:  64 % - Assembling matrices
Memory: 1022/1062 1080/1123
  14         1.7     2.5e+04   0.0530385         1.8   27   14   40
--------   Current Progress:  83 % - Assembling matrices
Memory: 1021/1062 1079/1123
--------   Current Progress:  83 % - Matrix factorization
Memory: 972/1062 1083/1123
--------   Current Progress:  83 % - Solving linear system
Memory: 1021/1062 1079/1123
--------   Current Progress:  83 % - Assembling matrices
Memory: 1022/1062 1080/1123
  15         1.6     2.4e+04   0.0557297         1.7   29   15   43
--------   Current Progress:  86 % - Assembling matrices
Memory: 1021/1062 1079/1123
--------   Current Progress:  86 % - Matrix factorization
Memory: 946/1062 982/1123
--------   Current Progress:  86 % - Assembling matrices
Memory: 1022/1062 1080/1123
  16         1.4     2.2e+04   0.0613525         1.5   31   16   46
--------   Current Progress:  88 % - Assembling matrices
Memory: 1021/1062 1079/1123
--------   Current Progress:  88 % - Matrix factorization
Memory: 975/1062 1083/1123
--------   Current Progress:  88 % - Solving linear system
Memory: 1021/1062 1079/1123
  17         1.2     2.1e+04   0.0697759         1.3   33   17   49
--------   Current Progress:  89 % - Assembling matrices
--------   Current Progress:  89 % - Matrix factorization
Memory: 993/1062 1083/1123
--------   Current Progress:  89 % - Assembling matrices
Memory: 1022/1062 1080/1123
  18        0.93     1.9e+04   0.0781075           1   35   18   52
---------  Current Progress:  90 % - Assembling matrices
Memory: 1021/1062 1079/1123
---------  Current Progress:  90 % - Matrix factorization
Memory: 959/1062 1083/1123
---------  Current Progress:  90 % - Solving linear system
Memory: 1022/1062 1080/1123
  19        0.71     1.8e+04   0.0865111        0.79   37   19   55
---------  Current Progress:  91 % - Assembling matrices
Memory: 1021/1062 1079/1123
---------  Current Progress:  91 % - Matrix factorization
Memory: 946/1062 982/1123
---------  Current Progress:  91 % - Assembling matrices
Memory: 1022/1062 1080/1123
  20        0.52     1.6e+04   0.0942030        0.58   39   20   58
---------  Current Progress:  92 % - Assembling matrices
Memory: 1021/1062 1079/1123
---------  Current Progress:  92 % - Matrix factorization
Memory: 975/1062 1083/1123
---------  Current Progress:  92 % - Assembling matrices
Memory: 1022/1062 1080/1123
  21        0.36     1.5e+04   0.0992297        0.41   41   21   61
---------  Current Progress:  92 % - Matrix factorization
Memory: 943/1062 1042/1123
---------  Current Progress:  92 % - Solving linear system
Memory: 1022/1062 1080/1123
  22        0.24     1.6e+04   0.5166382        0.62   42   22   63
---------  Current Progress:  93 % - Assembling matrices
Memory: 1021/1062 1079/1123
---------  Current Progress:  93 % - Matrix factorization
Memory: 981/1062 1083/1123
---------  Current Progress:  93 % - Assembling matrices
Memory: 1022/1062 1080/1123
  23        0.15       1e+04   0.9430526        0.41   43   23   65
---------  Current Progress:  93 % - Matrix factorization
Memory: 946/1062 982/1123
---------  Current Progress:  93 % - Assembling matrices
Memory: 1022/1062 1080/1123
  24       0.018       5e+02   1.0000000        0.11   44   24   67
---------  Current Progress:  97 % - Assembling matrices
Memory: 1021/1062 1079/1123
---------  Current Progress:  97 % - Matrix factorization
Memory: 977/1062 1083/1123
---------  Current Progress:  97 % - Assembling matrices
Memory: 1022/1062 1080/1123
  25     0.00027        0.48   1.0000000       0.018   45   25   69
---------  Current Progress:  99 % - Assembling matrices
Memory: 1021/1062 1079/1123
---------  Current Progress:  99 % - Matrix factorization
Memory: 1016/1062 1075/1123
---------  Current Progress:  99 % - Assembling matrices
Memory: 1022/1062 1080/1123
  26     3.5e-08     2.2e-06   1.0000000     0.00061   47   26   71
---------- Current Progress: 100 % - Constraint handling
Memory: 878/1062 913/1123
Solution time: 38 s.
Physical memory: 1.05 GB
Virtual memory: 1.11 GB
Ended at Oct 1, 2026, 3:12:17 AM.
----- Stationary Solver 2 in Study 1/Solution 1 (sol1) ------------------------>
VD=0.20 VG=   0.00 ID=1.8188e-07 A
<---- Compile Equations: Semiconductor Equilibrium in Study 1/Solution 1 (sol1) -
Started at Oct 1, 2026, 3:12:18 AM.
Geometry shape function: Linear Lagrange
Running on 11th Gen Intel(R) Core(TM) i7-1165G7 at 2.80 GHz.
Using 1 socket with 4 cores in total on WIN-FNSSP1NOF49.
Available memory: 7.97 GB.
           Current Progress:   3 % - Compile Equations: Semiconductor Equilibrium
Memory: 894/1062 931/1123
           Current Progress:   3 % - Creating visualization mesh
Time: 1 s.
Physical memory: 894 MB
Virtual memory: 931 MB
Ended at Oct 1, 2026, 3:12:19 AM.
----- Compile Equations: Semiconductor Equilibrium in Study 1/Solution 1 (sol1) >
<---- Dependent Variables 1 in Study 1/Solution 1 (sol1) -----------------------
Started at Oct 1, 2026, 3:12:19 AM.
           Current Progress:   3 % - Dependent Variables 1
Memory: 899/1062 936/1123
Solution time: 0 s.
Physical memory: 899 MB
Virtual memory: 936 MB
Ended at Oct 1, 2026, 3:12:19 AM.
----- Dependent Variables 1 in Study 1/Solution 1 (sol1) ---------------------->
<---- Stationary Solver 1 in Study 1/Solution 1 (sol1) -------------------------
Started at Oct 1, 2026, 3:12:19 AM.
Nonlinear solver
Number of degrees of freedom solved for: 138873.
           Current Progress:   5 % - Assembling sparsity pattern
Memory: 914/1062 951/1123
Nonsymmetric matrix found.
Scales for dependent variables:
Electron solution variable (comp1.Ne): 1e+23
Hole solution variable (comp1.Ph): 2.7e+26
Electric potential (comp1.V): 1.7e+21
Orthonormal null-space function used.
           Current Progress:   5 % - Matrix factorization
Memory: 938/1062 987/1123
Iter      SolEst      ResEst     Damping    Stepsize #Res #Jac #Sol
           Current Progress:   5 % - Solving linear system
Memory: 990/1062 1044/1123
   1           2     1.2e+16   0.1000000         2.2    2    1    2
           Current Progress:   9 % - Assembling sparsity pattern
Memory: 978/1062 1032/1123
           Current Progress:   9 % - Assembling matrices
Memory: 990/1062 1045/1123
           Current Progress:   9 % - Matrix factorization
Memory: 984/1062 1051/1123
           Current Progress:   9 % - Assembling matrices
Memory: 992/1062 1047/1123
   2          21     4.2e+04   0.3287472          35    3    2    4
-          Current Progress:  14 % - Assembling sparsity pattern
Memory: 984/1062 1040/1123
-          Current Progress:  14 % - Assembling matrices
Memory: 989/1062 1044/1123
-          Current Progress:  14 % - Matrix factorization
Memory: 984/1062 1049/1123
-          Current Progress:  14 % - Solving linear system
Memory: 988/1062 1042/1123
-          Current Progress:  14 % - Assembling matrices
Memory: 957/1062 1010/1123
   3         8.2     6.4e+04   0.1401749         9.7    5    3    7
--         Current Progress:  27 % - Assembling matrices
Memory: 955/1062 1007/1123
--         Current Progress:  27 % - Matrix factorization
Memory: 932/1062 1012/1123
--         Current Progress:  27 % - Solving linear system
Memory: 959/1062 1011/1123
   4         9.1     1.3e+05   0.1527107          11    7    4   10
--         Current Progress:  27 % - Assembling matrices
Memory: 955/1062 1007/1123
--         Current Progress:  27 % - Matrix factorization
Memory: 949/1062 1012/1123
--         Current Progress:  27 % - Assembling matrices
Memory: 957/1062 1010/1123
--         Current Progress:  27 % - Solving linear system
Memory: 959/1062 1011/1123
   5          12     1.7e+05   0.0739272          13    9    5   13
--         Current Progress:  27 % - Assembling matrices
Memory: 955/1062 1007/1123
--         Current Progress:  27 % - Matrix factorization
Memory: 947/1062 1012/1123
--         Current Progress:  27 % - Assembling matrices
Memory: 957/1062 1010/1123
--         Current Progress:  27 % - Solving linear system
Memory: 959/1062 1011/1123
   6         6.7     4.2e+05   0.0974670         7.3   11    6   16
---        Current Progress:  32 % - Assembling matrices
Memory: 955/1062 1007/1123
---        Current Progress:  32 % - Matrix factorization
Memory: 947/1062 1012/1123
---        Current Progress:  32 % - Assembling matrices
Memory: 957/1062 1010/1123
   7         4.6     1.3e+06   0.0710522         4.7   12    7   18
---        Current Progress:  33 % - Assembling matrices
Memory: 955/1062 1007/1123
---        Current Progress:  33 % - Matrix factorization
Memory: 941/1062 1012/1123
---        Current Progress:  33 % - Solving linear system
Memory: 957/1062 1010/1123
   8          15     1.4e+06   0.0071052          15   13    8   20
---        Current Progress:  33 % - Assembling matrices
Memory: 955/1062 1007/1123
---        Current Progress:  33 % - Matrix factorization
Memory: 935/1062 1012/1123
---        Current Progress:  33 % - Solving linear system
Memory: 957/1062 1010/1123
   9          12     1.8e+06   0.0156493          12   14    9   22
---        Current Progress:  33 % - Matrix factorization
Memory: 929/1062 1012/1123
---        Current Progress:  33 % - Solving linear system
Memory: 958/1062 1010/1123
  10          17     2.1e+06   0.0077963          17   15   10   24
---        Current Progress:  33 % - Matrix factorization
Memory: 923/1062 969/1123
---        Current Progress:  33 % - Solving linear system
Memory: 959/1062 1011/1123
  11          17       3e+06   0.0094532          18   16   11   26
---        Current Progress:  33 % - Assembling matrices
Memory: 955/1062 1007/1123
---        Current Progress:  33 % - Matrix factorization
Memory: 945/1062 1012/1123
---        Current Progress:  33 % - Assembling matrices
Memory: 957/1062 1010/1123
  12          21     3.9e+06   0.0069359          21   17   12   28
---        Current Progress:  33 % - Matrix factorization
Memory: 942/1062 1012/1123
---        Current Progress:  33 % - Solving linear system
Memory: 957/1062 1010/1123
  13          22     5.7e+06   0.0072573          22   18   13   30
---        Current Progress:  33 % - Assembling matrices
Memory: 955/1062 1007/1123
---        Current Progress:  33 % - Matrix factorization
Memory: 936/1062 1012/1123
---        Current Progress:  33 % - Solving linear system
Memory: 957/1062 1010/1123
  14          24     8.3e+06   0.0063130          25   19   14   32
---        Current Progress:  33 % - Matrix factorization
Memory: 928/1062 1012/1123
---        Current Progress:  33 % - Solving linear system
Memory: 957/1062 1010/1123
  15          25     1.3e+07   0.0064256          25   20   15   34
---        Current Progress:  33 % - Constraint handling
Memory: 950/1062 1003/1123
---        Current Progress:  33 % - Matrix factorization
Memory: 951/1062 1012/1123
---        Current Progress:  33 % - Assembling matrices
Memory: 957/1062 1010/1123
  16          26       2e+07   0.0060589          26   21   16   36
---        Current Progress:  33 % - Matrix factorization
Memory: 937/1062 1012/1123
---        Current Progress:  33 % - Solving linear system
Memory: 958/1062 1010/1123
  17          27     3.3e+07   0.0061456          27   22   17   38
---        Current Progress:  33 % - Matrix factorization
Memory: 930/1062 1012/1123
---        Current Progress:  33 % - Solving linear system
Memory: 954/1062 1009/1123
  18          27     5.3e+07   0.0060065          27   23   18   40
---        Current Progress:  33 % - Assembling matrices
Memory: 955/1062 1007/1123
---        Current Progress:  33 % - Matrix factorization
Memory: 948/1062 1012/1123
---        Current Progress:  33 % - Assembling matrices
Memory: 957/1062 1010/1123
  19          27     8.7e+07   0.0060811          27   24   19   42
---        Current Progress:  33 % - Matrix factorization
Memory: 940/1062 1012/1123
---        Current Progress:  33 % - Solving linear system
Memory: 958/1062 1010/1123
  20          27     1.4e+08   0.0060353          27   25   20   44
---        Current Progress:  33 % - Matrix factorization
Memory: 934/1062 1012/1123
---        Current Progress:  33 % - Solving linear system
Memory: 957/1062 1010/1123
  21          27     2.3e+08   0.0060979          27   26   21   46
---        Current Progress:  33 % - Constraint handling
Memory: 950/1062 1003/1123
---        Current Progress:  33 % - Matrix factorization
Memory: 942/1062 1012/1123
---        Current Progress:  33 % - Solving linear system
Memory: 958/1062 1010/1123
  22          27     3.8e+08   0.0060939          27   27   22   48
---        Current Progress:  33 % - Assembling matrices
Memory: 955/1062 1007/1123
---        Current Progress:  33 % - Matrix factorization
Memory: 932/1062 1012/1123
---        Current Progress:  33 % - Solving linear system
Memory: 957/1062 1010/1123
  23          27     6.1e+08   0.0061474          27   28   23   50
---        Current Progress:  35 % - Matrix factorization
Memory: 927/1062 1012/1123
---        Current Progress:  35 % - Solving linear system
Memory: 959/1062 1011/1123
  24          27     9.9e+08   0.0061637          27   29   24   52
---        Current Progress:  35 % - Constraint handling
Memory: 957/1062 1011/1123
---        Current Progress:  35 % - Matrix factorization
Memory: 949/1062 1012/1123
---        Current Progress:  35 % - Assembling matrices
Memory: 957/1062 1010/1123
  25          27     1.6e+09   0.0062114          27   30   25   54
---        Current Progress:  36 % - Assembling matrices
Memory: 955/1062 1007/1123
---        Current Progress:  36 % - Matrix factorization
Memory: 938/1062 1012/1123
---        Current Progress:  36 % - Solving linear system
Memory: 957/1062 1010/1123
  26          27     2.6e+09   0.0062384          27   31   26   56
---        Current Progress:  36 % - Matrix factorization
Memory: 929/1062 1012/1123
---        Current Progress:  36 % - Solving linear system
Memory: 954/1062 1009/1123
  27          27     4.2e+09   0.0062828          27   32   27   58
---        Current Progress:  37 % - Assembling matrices
Memory: 955/1062 1007/1123
---        Current Progress:  37 % - Matrix factorization
Memory: 943/1062 1012/1123
---        Current Progress:  37 % - Solving linear system
Memory: 957/1062 1010/1123
  28          27     6.9e+09   0.0063159          27   33   28   60
---        Current Progress:  37 % - Assembling matrices
Memory: 955/1062 1007/1123
---        Current Progress:  37 % - Matrix factorization
Memory: 935/1062 1012/1123
---        Current Progress:  37 % - Solving linear system
Memory: 957/1062 1010/1123
  29          27     1.1e+10   0.0063588          27   34   29   62
---        Current Progress:  38 % - Matrix factorization
Memory: 929/1062 1012/1123
---        Current Progress:  38 % - Solving linear system
Memory: 954/1062 1013/1123
  30          27     1.8e+10   0.0063957          27   35   30   64
---        Current Progress:  38 % - Assembling matrices
Memory: 955/1062 1007/1123
---        Current Progress:  38 % - Matrix factorization
Memory: 948/1062 1012/1123
---        Current Progress:  38 % - Assembling matrices
Memory: 957/1062 1010/1123
  31          26     2.9e+10   0.0064382          27   36   31   66
---        Current Progress:  38 % - Matrix factorization
Memory: 941/1062 1012/1123
---        Current Progress:  38 % - Solving linear system
Memory: 953/1062 1006/1123
  32          26     4.7e+10   0.0064776          26   37   32   68
---        Current Progress:  39 % - Assembling matrices
Memory: 955/1062 1007/1123
---        Current Progress:  39 % - Matrix factorization
Memory: 937/1062 1012/1123
---        Current Progress:  39 % - Solving linear system
Memory: 957/1062 1010/1123
  33          26     7.7e+10   0.0065205          26   38   33   70
---        Current Progress:  39 % - Matrix factorization
Memory: 927/1062 1012/1123
---        Current Progress:  39 % - Solving linear system
Memory: 959/1062 1011/1123
  34          26     1.2e+11   0.0065618          26   39   34   72
---        Current Progress:  39 % - Assembling matrices
Memory: 955/1062 1007/1123
---        Current Progress:  39 % - Matrix factorization
Memory: 950/1062 1012/1123
---        Current Progress:  39 % - Assembling matrices
Memory: 957/1062 1010/1123
  35          26       2e+11   0.0066053          26   40   35   74
----       Current Progress:  40 % - Assembling matrices
Memory: 955/1062 1007/1123
----       Current Progress:  40 % - Matrix factorization
Memory: 942/1062 1012/1123
----       Current Progress:  40 % - Solving linear system
Memory: 957/1062 1010/1123
  36          26     3.3e+11   0.0066483          26   41   36   76
----       Current Progress:  40 % - Assembling matrices
Memory: 955/1062 1007/1123
----       Current Progress:  40 % - Matrix factorization
Memory: 937/1062 1012/1123
----       Current Progress:  40 % - Solving linear system
Memory: 957/1062 1010/1123
  37          26     5.3e+11   0.0066928          26   42   37   78
----       Current Progress:  40 % - Matrix factorization
Memory: 931/1062 1012/1123
----       Current Progress:  40 % - Solving linear system
Memory: 958/1062 1010/1123
  38          26     8.6e+11   0.0067372          26   43   38   80
----       Current Progress:  40 % - Constraint handling
Memory: 959/1062 1012/1123
----       Current Progress:  40 % - Matrix factorization
Memory: 951/1062 1012/1123
----       Current Progress:  40 % - Assembling matrices
Memory: 957/1062 1010/1123
  39          25     1.4e+12   0.0067827          26   44   39   82
----       Current Progress:  40 % - Matrix factorization
Memory: 941/1062 1012/1123
----       Current Progress:  40 % - Solving linear system
Memory: 957/1062 1010/1123
  40          25     2.2e+12   0.0068286          25   45   40   84
----       Current Progress:  41 % - Assembling matrices
Memory: 955/1062 1007/1123
----       Current Progress:  41 % - Matrix factorization
Memory: 944/1062 1012/1123
----       Current Progress:  41 % - Assembling matrices
Memory: 957/1062 1010/1123
  41          25     3.6e+12   0.0068754          25   46   41   86
----       Current Progress:  41 % - Matrix factorization
Memory: 937/1062 1012/1123
----       Current Progress:  41 % - Solving linear system
Memory: 957/1062 1010/1123
  42          25     5.9e+12   0.0069226          25   47   42   88
----       Current Progress:  41 % - Matrix factorization
Memory: 930/1062 1012/1123
----       Current Progress:  41 % - Solving linear system
Memory: 957/1062 1010/1123
  43          25     9.5e+12   0.0069707          25   48   43   90
----       Current Progress:  41 % - Matrix factorization
Memory: 919/1062 955/1123
----       Current Progress:  41 % - Assembling matrices
Memory: 957/1062 1010/1123
  44          25     1.5e+13   0.0070194          25   49   44   92
----       Current Progress:  41 % - Matrix factorization
Memory: 946/1062 1012/1123
----       Current Progress:  41 % - Assembling matrices
Memory: 957/1062 1010/1123
  45          25     2.5e+13   0.0070688          25   50   45   94
----       Current Progress:  42 % - Assembling matrices
Memory: 955/1062 1007/1123
----       Current Progress:  42 % - Matrix factorization
Memory: 939/1062 1012/1123
----       Current Progress:  42 % - Solving linear system
Memory: 957/1062 1010/1123
  46          24     4.1e+13   0.0071190          25   51   46   96
----       Current Progress:  42 % - Assembling matrices
Memory: 955/1062 1007/1123
----       Current Progress:  42 % - Matrix factorization
Memory: 934/1062 1012/1123
----       Current Progress:  42 % - Solving linear system
Memory: 957/1062 1010/1123
  47          24     6.6e+13   0.0071699          24   52   47   98
----       Current Progress:  42 % - Matrix factorization
Memory: 927/1062 1012/1123
----       Current Progress:  42 % - Solving linear system
Memory: 959/1062 1011/1123
  48          24     1.1e+14   0.0072215          24   53   48  100
----       Current Progress:  42 % - Matrix factorization
Memory: 919/1062 955/1123
----       Current Progress:  42 % - Assembling matrices
Memory: 957/1062 1010/1123
  49          24     1.7e+14   0.0072739          24   54   49  102
----       Current Progress:  42 % - Matrix factorization
Memory: 944/1062 1012/1123
----       Current Progress:  42 % - Assembling matrices
Memory: 957/1062 1010/1123
  50          24     2.8e+14   0.0073272          24   55   50  104
-----      Current Progress:  50 % - Solving linear system
Memory: 869/1062 904/1123
Solution time: 44 s.
Physical memory: 992 MB
Virtual memory: 1051 MB
Ended at Oct 1, 2026, 3:13:03 AM.
----- Stationary Solver 1 in Study 1/Solution 1 (sol1) ------------------------>
VD=0.20 VG=  -4.00: birinchi urinish muvaffaqiyatsiz (The_following_feature_has_encountered_a_problem), tozalab qayta urinamiz.
<---- Compile Equations: Semiconductor Equilibrium in Study 1/Solution 1 (sol1) -
Started at Oct 1, 2026, 3:13:03 AM.
Geometry shape function: Linear Lagrange
Running on 11th Gen Intel(R) Core(TM) i7-1165G7 at 2.80 GHz.
Using 1 socket with 4 cores in total on WIN-FNSSP1NOF49.
Available memory: 7.97 GB.
           Current Progress:   3 % - Compile Equations: Semiconductor Equilibrium
Memory: 818/1062 856/1123
           Current Progress:   3 % - Creating visualization mesh
Time: 1 s.
Physical memory: 818 MB
Virtual memory: 856 MB
Ended at Oct 1, 2026, 3:13:04 AM.
----- Compile Equations: Semiconductor Equilibrium in Study 1/Solution 1 (sol1) >
<---- Dependent Variables 1 in Study 1/Solution 1 (sol1) -----------------------
Started at Oct 1, 2026, 3:13:04 AM.
           Current Progress:   3 % - Dependent Variables 1
Memory: 823/1062 861/1123
Solution time: 0 s.
Physical memory: 823 MB
Virtual memory: 861 MB
Ended at Oct 1, 2026, 3:13:04 AM.
----- Dependent Variables 1 in Study 1/Solution 1 (sol1) ---------------------->
<---- Stationary Solver 1 in Study 1/Solution 1 (sol1) -------------------------
Started at Oct 1, 2026, 3:13:04 AM.
Nonlinear solver
Number of degrees of freedom solved for: 138873.
           Current Progress:   5 % - Assembling sparsity pattern
Memory: 843/1062 879/1123
Nonsymmetric matrix found.
Scales for dependent variables:
Electron solution variable (comp1.Ne): 1e+23
Hole solution variable (comp1.Ph): 2.7e+26
Electric potential (comp1.V): 1.7e+21
Orthonormal null-space function used.
           Current Progress:   5 % - Matrix factorization
Memory: 855/1062 891/1123
Iter      SolEst      ResEst     Damping    Stepsize #Res #Jac #Sol
           Current Progress:   5 % - Assembling matrices
Memory: 933/1062 986/1123
   1         1.9     1.1e+19   0.0100000         1.9    2    1    2
           Current Progress:   9 % - Assembling sparsity pattern
Memory: 923/1062 976/1123
           Current Progress:   9 % - Assembling matrices
Memory: 935/1062 987/1123
           Current Progress:   9 % - Matrix factorization
Memory: 930/1062 991/1123
           Current Progress:   9 % - Assembling matrices
Memory: 936/1062 988/1123
   2           2     2.4e+10   0.1000000         2.2    3    2    4
-          Current Progress:  14 % - Assembling sparsity pattern
Memory: 926/1062 978/1123
-          Current Progress:  14 % - Matrix factorization
Memory: 896/1062 947/1123
-          Current Progress:  14 % - Solving linear system
Memory: 934/1062 992/1123
   3          16     4.8e+11   0.3281948          27    4    3    6
-          Current Progress:  14 % - Assembling matrices
Memory: 927/1062 979/1123
-          Current Progress:  14 % - Matrix factorization
Memory: 908/1062 984/1123
-          Current Progress:  14 % - Solving linear system
Memory: 930/1062 982/1123
   4         7.7     6.1e+11   0.1088272         8.7    6    4    9
--         Current Progress:  29 % - Solving linear system
Memory: 924/1062 978/1123
--         Current Progress:  29 % - Matrix factorization
Memory: 906/1062 984/1123
--         Current Progress:  29 % - Solving linear system
Memory: 930/1062 982/1123
   5         1.6       2e+13   0.5312206         1.8    7    5   11
---        Current Progress:  35 % - Assembling matrices
Memory: 927/1062 979/1123
---        Current Progress:  35 % - Matrix factorization
Memory: 909/1062 984/1123
---        Current Progress:  35 % - Solving linear system
Memory: 930/1062 982/1123
   6         6.1     2.6e+13   0.0531221         6.3    8    6   13
---        Current Progress:  35 % - Matrix factorization
Memory: 903/1062 984/1123
---        Current Progress:  35 % - Solving linear system
Memory: 930/1062 982/1123
   7          16     2.7e+13   0.0064859          16    9    7   15
---        Current Progress:  35 % - Matrix factorization
Memory: 892/1062 927/1123
---        Current Progress:  35 % - Assembling matrices
Memory: 930/1062 982/1123
   8          12     3.3e+13   0.0174534          12   10    8   17
---        Current Progress:  35 % - Matrix factorization
Memory: 915/1062 984/1123
---        Current Progress:  35 % - Solving linear system
Memory: 930/1062 982/1123
   9          18     3.6e+13   0.0078686          18   11    9   19
---        Current Progress:  35 % - Matrix factorization
Memory: 907/1062 984/1123
---        Current Progress:  35 % - Solving linear system
Memory: 930/1062 982/1123
  10          17     4.5e+13   0.0100676          17   12   10   21
---        Current Progress:  35 % - Matrix factorization
Memory: 898/1062 984/1123
---        Current Progress:  35 % - Solving linear system
Memory: 931/1062 983/1123
  11          21     5.6e+13   0.0070647          21   13   11   23
---        Current Progress:  35 % - Assembling matrices
Memory: 927/1062 979/1123
---        Current Progress:  35 % - Matrix factorization
Memory: 921/1062 984/1123
---        Current Progress:  35 % - Assembling matrices
Memory: 930/1062 982/1123
  12          21     7.8e+13   0.0074992          21   14   12   25
---        Current Progress:  35 % - Matrix factorization
Memory: 913/1062 984/1123
---        Current Progress:  35 % - Solving linear system
Memory: 930/1062 982/1123
  13          23     1.1e+14   0.0063876          23   15   13   27
---        Current Progress:  35 % - Matrix factorization
Memory: 904/1062 984/1123
---        Current Progress:  35 % - Solving linear system
Memory: 930/1062 982/1123
  14          23     1.6e+14   0.0065202          24   16   14   29
---        Current Progress:  35 % - Matrix factorization
Memory: 899/1062 984/1123
---        Current Progress:  35 % - Solving linear system
Memory: 931/1062 983/1123
  15          25     2.5e+14   0.0060883          25   17   15   31
---        Current Progress:  35 % - Constraint handling
Memory: 923/1062 975/1123
---        Current Progress:  35 % - Matrix factorization
Memory: 925/1062 984/1123
---        Current Progress:  35 % - Solving linear system
Memory: 928/1062 986/1123
  16          25       4e+14   0.0061812          25   18   16   33
---        Current Progress:  35 % - Assembling matrices
Memory: 927/1062 979/1123
---        Current Progress:  35 % - Matrix factorization
Memory: 920/1062 984/1123
---        Current Progress:  35 % - Assembling matrices
Memory: 930/1062 982/1123
  17          25     6.4e+14   0.0060154          26   19   17   35
---        Current Progress:  35 % - Matrix factorization
Memory: 910/1062 984/1123
---        Current Progress:  35 % - Solving linear system
Memory: 930/1062 982/1123
  18          25       1e+15   0.0060943          26   20   18   37
---        Current Progress:  35 % - Matrix factorization
Memory: 905/1062 984/1123
---        Current Progress:  35 % - Solving linear system
Memory: 930/1062 982/1123
  19          26     1.7e+15   0.0060370          26   21   19   39
---        Current Progress:  35 % - Matrix factorization
Memory: 899/1062 984/1123
---        Current Progress:  35 % - Solving linear system
Memory: 931/1062 983/1123
  20          26     2.8e+15   0.0061027          26   22   20   41
---        Current Progress:  35 % - Assembling matrices
Memory: 927/1062 979/1123
---        Current Progress:  35 % - Matrix factorization
Memory: 917/1062 984/1123
---        Current Progress:  35 % - Assembling matrices
Memory: 930/1062 982/1123
  21          26     4.5e+15   0.0060931          26   23   21   43
---        Current Progress:  35 % - Matrix factorization
Memory: 910/1062 984/1123
---        Current Progress:  35 % - Solving linear system
Memory: 930/1062 982/1123
  22          26     7.3e+15   0.0061486          26   24   22   45
---        Current Progress:  35 % - Matrix factorization
Memory: 904/1062 984/1123
---        Current Progress:  35 % - Solving linear system
Memory: 930/1062 982/1123
  23          26     1.2e+16   0.0061621          26   25   23   47
---        Current Progress:  35 % - Matrix factorization
Memory: 900/1062 984/1123
---        Current Progress:  35 % - Assembling matrices
Memory: 930/1062 982/1123
  24          26     1.9e+16   0.0062108          26   26   24   49
---        Current Progress:  36 % - Solving linear system
Memory: 922/1062 974/1123
---        Current Progress:  36 % - Matrix factorization
Memory: 906/1062 984/1123
---        Current Progress:  36 % - Solving linear system
Memory: 930/1062 982/1123
  25          25     3.1e+16   0.0062364          26   27   25   51
---        Current Progress:  36 % - Matrix factorization
Memory: 899/1062 984/1123
---        Current Progress:  36 % - Solving linear system
Memory: 931/1062 983/1123
  26          25       5e+16   0.0062814          26   28   26   53
---        Current Progress:  37 % - Assembling matrices
Memory: 927/1062 979/1123
---        Current Progress:  37 % - Matrix factorization
Memory: 920/1062 984/1123
---        Current Progress:  37 % - Assembling matrices
Memory: 930/1062 982/1123
  27          25     8.2e+16   0.0063137          25   29   27   55
---        Current Progress:  37 % - Matrix factorization
Memory: 912/1062 984/1123
---        Current Progress:  37 % - Solving linear system
Memory: 930/1062 982/1123
  28          25     1.3e+17   0.0063569          25   30   28   57
---        Current Progress:  37 % - Assembling matrices
Memory: 927/1062 979/1123
---        Current Progress:  37 % - Matrix factorization
Memory: 907/1062 984/1123
---        Current Progress:  37 % - Solving linear system
Memory: 930/1062 982/1123
  29          25     2.1e+17   0.0063932          25   31   29   59
---        Current Progress:  38 % - Matrix factorization
Memory: 900/1062 984/1123
---        Current Progress:  38 % - Solving linear system
Memory: 931/1062 983/1123
  30          25     3.5e+17   0.0064359          25   32   30   61
---        Current Progress:  38 % - Assembling matrices
Memory: 927/1062 979/1123
---        Current Progress:  38 % - Matrix factorization
Memory: 922/1062 984/1123
---        Current Progress:  38 % - Assembling matrices
Memory: 930/1062 982/1123
  31          25     5.6e+17   0.0064749          25   33   31   63
---        Current Progress:  38 % - Matrix factorization
Memory: 915/1062 984/1123
---        Current Progress:  38 % - Solving linear system
Memory: 930/1062 982/1123
  32          25     9.1e+17   0.0065177          25   34   32   65
---        Current Progress:  39 % - Assembling matrices
Memory: 927/1062 979/1123
---        Current Progress:  39 % - Matrix factorization
Memory: 908/1062 984/1123
---        Current Progress:  39 % - Solving linear system
Memory: 930/1062 982/1123
  33          25     1.5e+18   0.0065588          25   35   33   67
---        Current Progress:  39 % - Matrix factorization
Memory: 901/1062 984/1123
---        Current Progress:  39 % - Solving linear system
Memory: 930/1062 982/1123
  34          25     2.4e+18   0.0066022          25   36   34   69
---        Current Progress:  39 % - Assembling matrices
Memory: 927/1062 979/1123
---        Current Progress:  39 % - Matrix factorization
Memory: 921/1062 984/1123
---        Current Progress:  39 % - Assembling matrices
Memory: 930/1062 982/1123
  35          24     3.9e+18   0.0066450          25   37   35   71
---        Current Progress:  39 % - Matrix factorization
Memory: 915/1062 984/1123
---        Current Progress:  39 % - Solving linear system
Memory: 930/1062 982/1123
  36          24     6.2e+18   0.0066893          25   38   36   73
----       Current Progress:  40 % - Assembling matrices
Memory: 927/1062 979/1123
----       Current Progress:  40 % - Matrix factorization
Memory: 912/1062 984/1123
----       Current Progress:  40 % - Solving linear system
Memory: 930/1062 982/1123
  37          24       1e+19   0.0067336          24   39   37   75
----       Current Progress:  40 % - Matrix factorization
Memory: 903/1062 984/1123
----       Current Progress:  40 % - Solving linear system
Memory: 930/1062 982/1123
  38          24     1.6e+19   0.0067790          24   40   38   77
----       Current Progress:  40 % - Matrix factorization
Memory: 925/1062 976/1123
----       Current Progress:  40 % - Assembling matrices
Memory: 930/1062 982/1123
  39          24     2.6e+19   0.0068247          24   41   39   79
----       Current Progress:  40 % - Matrix factorization
Memory: 915/1062 984/1123
----       Current Progress:  40 % - Assembling matrices
Memory: 930/1062 982/1123
  40          24     4.3e+19   0.0068713          24   42   40   81
----       Current Progress:  41 % - Assembling matrices
Memory: 927/1062 979/1123
----       Current Progress:  41 % - Matrix factorization
Memory: 909/1062 984/1123
----       Current Progress:  41 % - Solving linear system
Memory: 930/1062 982/1123
  41          24     6.9e+19   0.0069184          24   43   41   83
----       Current Progress:  41 % - Matrix factorization
Memory: 902/1062 984/1123
----       Current Progress:  41 % - Solving linear system
Memory: 930/1062 982/1123
  42          24     1.1e+20   0.0069663          24   44   42   85
----       Current Progress:  41 % - Constraint handling
Memory: 927/1062 979/1123
----       Current Progress:  41 % - Matrix factorization
Memory: 921/1062 984/1123
----       Current Progress:  41 % - Solving linear system
Memory: 930/1062 982/1123
  43          24     1.8e+20   0.0070148          24   45   43   87
----       Current Progress:  41 % - Matrix factorization
Memory: 900/1062 984/1123
----       Current Progress:  41 % - Solving linear system
Memory: 931/1062 983/1123
  44          24     2.9e+20   0.0070641          24   46   44   89
----       Current Progress:  41 % - Assembling matrices
Memory: 927/1062 979/1123
----       Current Progress:  41 % - Matrix factorization
Memory: 922/1062 984/1123
----       Current Progress:  41 % - Assembling matrices
Memory: 930/1062 982/1123
  45          23     4.7e+20   0.0071140          24   47   45   91
----       Current Progress:  41 % - Matrix factorization
Memory: 913/1062 984/1123
----       Current Progress:  41 % - Solving linear system
Memory: 930/1062 982/1123
  46          23     7.7e+20   0.0071647          23   48   46   93
----       Current Progress:  42 % - Solving linear system
Memory: 915/1062 968/1123
----       Current Progress:  42 % - Matrix factorization
Memory: 907/1062 984/1123
----       Current Progress:  42 % - Solving linear system
Memory: 930/1062 982/1123
  47          23     1.2e+21   0.0072162          23   49   47   95
----       Current Progress:  42 % - Matrix factorization
Memory: 899/1062 984/1123
----       Current Progress:  42 % - Solving linear system
Memory: 931/1062 983/1123
  48          23       2e+21   0.0072684          23   50   48   97
----       Current Progress:  42 % - Assembling matrices
Memory: 927/1062 979/1123
----       Current Progress:  42 % - Matrix factorization
Memory: 922/1062 984/1123
----       Current Progress:  42 % - Assembling matrices
Memory: 930/1062 982/1123
  49          23     3.3e+21   0.0073215          23   51   49   99
----       Current Progress:  42 % - Matrix factorization
Memory: 914/1062 984/1123
----       Current Progress:  42 % - Solving linear system
Memory: 925/1062 977/1123
  50          23     5.3e+21   0.0073754          23   52   50  101
----       Current Progress:  42 % - Assembling matrices
Memory: 927/1062 979/1123
----       Current Progress:  42 % - Matrix factorization
Memory: 909/1062 984/1123
----       Current Progress:  42 % - Solving linear system
Memory: 930/1062 982/1123
  51          23     8.5e+21   0.0074301          23   53   51  103
----       Current Progress:  42 % - Assembling matrices
Memory: 927/1062 979/1123
----       Current Progress:  42 % - Matrix factorization
Memory: 919/1062 984/1123
----       Current Progress:  42 % - Assembling matrices
Memory: 930/1062 982/1123
  52          23     1.4e+22   0.0074858          23   54   52  105
----       Current Progress:  42 % - Matrix factorization
Memory: 914/1062 984/1123
----       Current Progress:  42 % - Solving linear system
Memory: 930/1062 982/1123
  53          22     2.2e+22   0.0075425          23   55   53  107
----       Current Progress:  43 % - Matrix factorization
Memory: 905/1062 984/1123
----       Current Progress:  43 % - Solving linear system
Memory: 930/1062 982/1123
  54          22     3.6e+22   0.0076003          22   56   54  109
----       Current Progress:  43 % - Matrix factorization
Memory: 895/1062 944/1123
----       Current Progress:  43 % - Solving linear system
Memory: 931/1062 983/1123
  55          22     5.8e+22   0.0076594          22   57   55  111
----       Current Progress:  43 % - Assembling matrices
Memory: 927/1062 979/1123
----       Current Progress:  43 % - Matrix factorization
Memory: 922/1062 984/1123
----       Current Progress:  43 % - Assembling matrices
Memory: 930/1062 982/1123
  56          22     9.5e+22   0.0077201          22   58   56  113
----       Current Progress:  43 % - Matrix factorization
Memory: 915/1062 984/1123
----       Current Progress:  43 % - Assembling matrices
Memory: 930/1062 982/1123
  57          22     1.5e+23   0.0077829          22   59   57  115
----       Current Progress:  43 % - Matrix factorization
Memory: 910/1062 984/1123
----       Current Progress:  43 % - Solving linear system
Memory: 930/1062 982/1123
  58          22     2.5e+23   0.0078484          22   60   58  117
----       Current Progress:  43 % - Matrix factorization
Memory: 904/1062 984/1123
----       Current Progress:  43 % - Solving linear system
Memory: 930/1062 982/1123
  59          22       4e+23   0.0079178          22   61   59  119
----       Current Progress:  43 % - Matrix factorization
Memory: 900/1062 984/1123
----       Current Progress:  43 % - Solving linear system
Memory: 931/1062 983/1123
  60          22     6.5e+23   0.0079931          22   62   60  121
----       Current Progress:  44 % - Assembling matrices
Memory: 927/1062 979/1123
----       Current Progress:  44 % - Matrix factorization
Memory: 921/1062 984/1123
----       Current Progress:  44 % - Assembling matrices
Memory: 930/1062 982/1123
  61          21     1.1e+24   0.0080773          22   63   61  123
----       Current Progress:  44 % - Matrix factorization
Memory: 904/1062 984/1123
----       Current Progress:  44 % - Solving linear system
Memory: 931/1062 983/1123
  62          21     1.7e+24   0.0081755          21   64   62  125
----       Current Progress:  44 % - Constraint handling
Memory: 925/1062 977/1123
----       Current Progress:  44 % - Matrix factorization
Memory: 925/1062 984/1123
----       Current Progress:  44 % - Assembling matrices
Memory: 930/1062 982/1123
  63          21     2.8e+24   0.0082963          21   65   63  127
----       Current Progress:  44 % - Matrix factorization
Memory: 917/1062 984/1123
----       Current Progress:  44 % - Assembling matrices
Memory: 930/1062 982/1123
  64          21     4.5e+24   0.0084536          21   66   64  129
----       Current Progress:  44 % - Matrix factorization
Memory: 910/1062 984/1123
----       Current Progress:  44 % - Solving linear system
Memory: 930/1062 982/1123
  65          20     7.4e+24   0.0086713          21   67   65  131
----       Current Progress:  45 % - Matrix factorization
Memory: 901/1062 984/1123
----       Current Progress:  45 % - Solving linear system
Memory: 927/1062 981/1123
  66          20     1.2e+25   0.0089901          20   68   66  133
----       Current Progress:  45 % - Matrix factorization
Memory: 888/1062 925/1123
----       Current Progress:  45 % - Assembling matrices
Memory: 930/1062 982/1123
  67          19     2.1e+25   0.0094823          19   69   67  135
----       Current Progress:  45 % - Matrix factorization
Memory: 919/1062 984/1123
----       Current Progress:  45 % - Assembling matrices
Memory: 930/1062 982/1123
  68          18     3.5e+25   0.0102821          18   70   68  137
----       Current Progress:  46 % - Assembling matrices
Memory: 927/1062 979/1123
----       Current Progress:  46 % - Matrix factorization
Memory: 910/1062 984/1123
----       Current Progress:  46 % - Solving linear system
Memory: 930/1062 982/1123
  69          17     6.2e+25   0.0116533          17   71   69  139
----       Current Progress:  46 % - Matrix factorization
Memory: 906/1062 984/1123
----       Current Progress:  46 % - Solving linear system
Memory: 930/1062 982/1123
  70          14     1.2e+26   0.0141638          14   72   70  141
----       Current Progress:  47 % - Matrix factorization
Memory: 901/1062 984/1123
----       Current Progress:  47 % - Solving linear system
Memory: 931/1062 983/1123
  71          11     2.4e+26   0.0191733          11   73   71  143
----       Current Progress:  47 % - Assembling matrices
Memory: 927/1062 979/1123
----       Current Progress:  47 % - Matrix factorization
Memory: 921/1062 984/1123
----       Current Progress:  47 % - Assembling matrices
Memory: 930/1062 982/1123
  72         7.8     5.5e+26   0.0302197           8   74   72  145
----       Current Progress:  48 % - Assembling matrices
Memory: 927/1062 979/1123
----       Current Progress:  48 % - Matrix factorization
Memory: 913/1062 984/1123
----       Current Progress:  48 % - Solving linear system
Memory: 930/1062 982/1123
  73         4.6     1.4e+27   0.0548309         4.8   75   73  147
----       Current Progress:  48 % - Matrix factorization
Memory: 906/1062 984/1123
----       Current Progress:  48 % - Solving linear system
Memory: 930/1062 982/1123
  74         2.6     2.4e+27   0.0881046         2.8   76   74  149
----       Current Progress:  48 % - Matrix factorization
Memory: 893/1062 941/1123
----       Current Progress:  48 % - Solving linear system
Memory: 931/1062 983/1123
  75         1.6     3.2e+27   0.1255970         1.8   77   75  151
----       Current Progress:  48 % - Assembling matrices
Memory: 927/1062 979/1123
----       Current Progress:  48 % - Matrix factorization
Memory: 915/1062 984/1123
----       Current Progress:  48 % - Solving linear system
Memory: 930/1062 982/1123
  76           1     3.9e+27   0.1992571         1.2   78   76  153
----       Current Progress:  48 % - Assembling matrices
Memory: 927/1062 979/1123
----       Current Progress:  48 % - Matrix factorization
Memory: 910/1062 984/1123
----       Current Progress:  48 % - Solving linear system
Memory: 930/1062 982/1123
  77        0.84     4.5e+27   0.3866688         1.3   79   77  155
----       Current Progress:  48 % - Matrix factorization
Memory: 908/1062 984/1123
----       Current Progress:  48 % - Solving linear system
Memory: 930/1062 982/1123
  78        0.11     2.8e+27   1.0000000          38   80   78  157
----       Current Progress:  49 % - Matrix factorization
Memory: 904/1062 984/1123
----       Current Progress:  49 % - Solving linear system
Memory: 930/1062 982/1123
  79      0.0021       2e+26   1.0000000       0.041   81   79  159
-----      Current Progress:  50 % - Matrix factorization
Memory: 899/1062 984/1123
-----      Current Progress:  50 % - Assembling matrices
Memory: 930/1062 982/1123
  80     3.6e-05     3.2e+24   1.0000000      0.0025   82   80  161
-----      Current Progress:  50 % - Matrix factorization
Memory: 902/1062 984/1123
-----      Current Progress:  50 % - Solving linear system
Memory: 931/1062 983/1123
  81     9.2e-09     5.7e+17   1.0000000     3.4e-05   84   81  163
-----      Current Progress:  50 % - Constraint handling
Memory: 845/1062 878/1123
Solution time: 69 s. (1 minute, 9 seconds)
Physical memory: 936 MB
Virtual memory: 992 MB
Ended at Oct 1, 2026, 3:14:14 AM.
----- Stationary Solver 1 in Study 1/Solution 1 (sol1) ------------------------>
<---- Compile Equations: Stationary in Study 1/Solution 1 (sol1) ---------------
Started at Oct 1, 2026, 3:14:14 AM.
Geometry shape function: Linear Lagrange
-----      Current Progress:  52 % - Compile Equations: Stationary
Memory: 857/1062 897/1123
-----      Current Progress:  52 % - Creating visualization mesh
Memory: 864/1062 899/1123
Time: 1 s.
Physical memory: 864 MB
Virtual memory: 899 MB
Ended at Oct 1, 2026, 3:14:15 AM.
----- Compile Equations: Stationary in Study 1/Solution 1 (sol1) -------------->
<---- Dependent Variables 2 in Study 1/Solution 1 (sol1) -----------------------
Started at Oct 1, 2026, 3:14:15 AM.
Initial values of variables solved for: Solution 1 (sol1), Solution Store 1 (sol2).
Values of variables not solved for: Solution 1 (sol1).
-----      Current Progress:  52 % - Dependent Variables 2
Memory: 869/1062 904/1123
Solution time: 0 s.
Physical memory: 869 MB
Virtual memory: 904 MB
Ended at Oct 1, 2026, 3:14:15 AM.
----- Dependent Variables 2 in Study 1/Solution 1 (sol1) ---------------------->
<---- Stationary Solver 2 in Study 1/Solution 1 (sol1) -------------------------
Started at Oct 1, 2026, 3:14:15 AM.
Nonlinear solver
Number of degrees of freedom solved for: 138873.
-----      Current Progress:  55 % - Assembling matrices
Memory: 884/1062 919/1123
-----      Current Progress:  55 % - Assembling sparsity pattern
Memory: 883/1062 918/1123
-----      Current Progress:  55 % - Assembling matrices
Memory: 916/1062 950/1123
Nonsymmetric matrix found.
Scales for dependent variables:
Electron solution variable (comp1.Ne): 2.2e+23
Hole solution variable (comp1.Ph): 1.7e+23
Electric potential (comp1.V): 2.7e+14
Orthonormal null-space function used.
-----      Current Progress:  55 % - Matrix factorization
Memory: 972/1062 1025/1123
Iter      SolEst      ResEst     Damping    Stepsize #Res #Jac #Sol
-----      Current Progress:  55 % - Solving linear system
Memory: 1031/1062 1087/1123
   1       0.065     2.9e+13   0.0100000       0.066    2    1    2
-----      Current Progress:  59 % - Assembling sparsity pattern
Memory: 1013/1062 1069/1123
-----      Current Progress:  59 % - Assembling matrices
Memory: 1031/1062 1087/1123
-----      Current Progress:  59 % - Matrix factorization
Memory: 967/1062 1090/1123
-----      Current Progress:  59 % - Solving linear system
Memory: 1028/1062 1089/1123
   2       0.056     1.4e+11   0.1000000       0.063    3    2    4
------     Current Progress:  64 % - Assembling sparsity pattern
Memory: 1010/1062 1067/1123
------     Current Progress:  64 % - Assembling matrices
Memory: 1023/1062 1080/1123
------     Current Progress:  64 % - Matrix factorization
Memory: 964/1062 1084/1123
------     Current Progress:  64 % - Solving linear system
Memory: 1024/1062 1080/1123
   3       0.059     7.7e+12   0.8345777        0.17    4    3    6
------     Current Progress:  64 % - Assembling matrices
Memory: 1023/1062 1080/1123
------     Current Progress:  64 % - Matrix factorization
Memory: 981/1062 1084/1123
------     Current Progress:  64 % - Solving linear system
Memory: 1024/1062 1080/1123
   4       0.003     4.5e+11   1.0000000       0.025    5    4    8
--------   Current Progress:  89 % - Solving linear system
Memory: 1001/1062 1059/1123
--------   Current Progress:  89 % - Assembling matrices
Memory: 1023/1062 1080/1123
--------   Current Progress:  89 % - Matrix factorization
Memory: 998/1062 1084/1123
--------   Current Progress:  89 % - Assembling matrices
Memory: 1025/1062 1081/1123
   5      0.0028     1.3e+11   1.0000000       0.009    6    5   10
--------   Current Progress:  89 % - Matrix factorization
Memory: 1017/1062 1074/1123
--------   Current Progress:  89 % - Assembling matrices
Memory: 1025/1062 1081/1123
   6      0.0025     1.1e+11   1.0000000      0.0026    7    6   12
--------   Current Progress:  89 % - Matrix factorization
Memory: 956/1062 1054/1123
--------   Current Progress:  89 % - Solving linear system
Memory: 1025/1062 1081/1123
   7      0.0021     8.3e+10   1.0000000      0.0022    8    7   14
--------   Current Progress:  89 % - Assembling matrices
Memory: 1023/1062 1080/1123
--------   Current Progress:  89 % - Matrix factorization
Memory: 972/1062 1084/1123
--------   Current Progress:  89 % - Solving linear system
Memory: 1024/1062 1080/1123
   8      0.0019       7e+10   1.0000000       0.002    9    8   16
--------   Current Progress:  89 % - Assembling matrices
Memory: 1023/1062 1080/1123
--------   Current Progress:  89 % - Matrix factorization
Memory: 956/1062 1054/1123
--------   Current Progress:  89 % - Assembling matrices
Memory: 1025/1062 1081/1123
   9       0.002     8.2e+10   1.0000000      0.0021   10    9   18
--------   Current Progress:  89 % - Matrix factorization
Memory: 949/1062 1054/1123
--------   Current Progress:  89 % - Assembling matrices
Memory: 1025/1062 1081/1123
  10      0.0016     5.1e+10   1.0000000      0.0017   11   10   20
--------   Current Progress:  89 % - Matrix factorization
Memory: 967/1062 1084/1123
--------   Current Progress:  89 % - Solving linear system
Memory: 1024/1062 1080/1123
  11      0.0016     5.8e+10   1.0000000      0.0018   12   11   22
--------   Current Progress:  89 % - Assembling matrices
Memory: 1023/1062 1080/1123
--------   Current Progress:  89 % - Matrix factorization
Memory: 976/1062 1084/1123
--------   Current Progress:  89 % - Solving linear system
Memory: 1024/1062 1080/1123
  12      0.0017     7.1e+10   1.0000000      0.0019   13   12   24
--------   Current Progress:  89 % - Assembling matrices
Memory: 1023/1062 1080/1123
--------   Current Progress:  89 % - Matrix factorization
Memory: 989/1062 1084/1123
--------   Current Progress:  89 % - Assembling matrices
Memory: 1023/1062 1079/1123
  13      0.0016     6.4e+10   1.0000000      0.0018   14   13   26
--------   Current Progress:  89 % - Solving linear system
Memory: 1006/1062 1075/1123
--------   Current Progress:  89 % - Assembling matrices
Memory: 1023/1062 1080/1123
--------   Current Progress:  89 % - Matrix factorization
Memory: 1003/1062 1084/1123
--------   Current Progress:  89 % - Assembling matrices
Memory: 1025/1062 1081/1123
  14      0.0022     1.2e+11   0.8787018      0.0027   15   14   28
--------   Current Progress:  89 % - Matrix factorization
Memory: 1001/1062 1084/1123
--------   Current Progress:  89 % - Assembling matrices
Memory: 1025/1062 1081/1123
  15      0.0017     1.2e+11   1.0000000      0.0024   16   15   30
---------  Current Progress:  90 % - Assembling matrices
Memory: 1023/1062 1080/1123
---------  Current Progress:  90 % - Matrix factorization
Memory: 1017/1062 1074/1123
---------  Current Progress:  90 % - Assembling matrices
Memory: 1025/1062 1081/1123
---------  Current Progress:  90 % - Solving linear system
---------  Current Progress:  90 % - Assembling matrices
  16      0.0093     1.2e+11   0.0010000      0.0092   23   16   38
---------  Current Progress:  90 % - Matrix factorization
Memory: 1004/1062 1084/1123
---------  Current Progress:  90 % - Assembling matrices
Memory: 1025/1062 1081/1123
  17      0.0043     1.2e+11   0.0014514      0.0043   24   17   40
---------  Current Progress:  94 % - Assembling matrices
Memory: 1023/1062 1080/1123
---------  Current Progress:  94 % - Constraint handling
Memory: 1017/1062 1074/1123
---------  Current Progress:  94 % - Matrix factorization
Memory: 1010/1062 1084/1123
---------  Current Progress:  94 % - Assembling matrices
Memory: 1025/1062 1081/1123
  18      0.0021     1.2e+11   0.0058134      0.0021   25   18   42
---------  Current Progress:  94 % - Matrix factorization
Memory: 948/1062 983/1123
---------  Current Progress:  94 % - Assembling matrices
Memory: 1025/1062 1081/1123
---------  Current Progress:  94 % - Solving linear system
  19      0.0037     1.2e+11   0.0010000      0.0037   30   19   48
---------  Current Progress:  94 % - Assembling matrices
Memory: 1023/1062 1080/1123
---------  Current Progress:  94 % - Constraint handling
Memory: 1017/1062 1074/1123
---------  Current Progress:  94 % - Matrix factorization
Memory: 1013/1062 1084/1123
---------  Current Progress:  94 % - Assembling matrices
Memory: 1025/1062 1081/1123
---------  Current Progress:  94 % - Solving linear system
  20      0.0036     1.2e+11   0.0010000      0.0036   36   20   55
---------  Current Progress:  94 % - Assembling matrices
Memory: 1023/1062 1080/1123
---------  Current Progress:  94 % - Matrix factorization
Memory: 973/1062 1084/1123
---------  Current Progress:  94 % - Solving linear system
Memory: 1024/1062 1080/1123
  21      0.0075     1.2e+11   0.0001573      0.0075   37   21   57
---------  Current Progress:  94 % - Assembling matrices
Memory: 1023/1062 1080/1123
---------  Current Progress:  94 % - Matrix factorization
Memory: 991/1062 1084/1123
---------  Current Progress:  94 % - Assembling matrices
Memory: 1025/1062 1081/1123
  22      0.0032     1.2e+11   0.0006396      0.0032   38   22   59
---------  Current Progress:  95 % - Assembling matrices
Memory: 1023/1062 1080/1123
---------  Current Progress:  95 % - 
Memory: 1017/1062 1074/1123
---------  Current Progress:  95 % - Matrix factorization
Memory: 1005/1062 1084/1123
---------  Current Progress:  95 % - Assembling matrices
Memory: 1025/1062 1081/1123
  23      0.0088     1.2e+11   0.0001357      0.0088   39   23   61
---------  Current Progress:  95 % - Matrix factorization
Memory: 948/1062 983/1123
---------  Current Progress:  95 % - Assembling matrices
Memory: 1025/1062 1081/1123
  24      0.0057     1.2e+11   0.0005955      0.0057   40   24   63
---------  Current Progress:  95 % - Matrix factorization
Memory: 971/1062 1084/1123
---------  Current Progress:  95 % - Solving linear system
Memory: 1024/1062 1080/1123
  25       0.012     1.2e+11   0.0002275       0.012   41   25   65
---------  Current Progress:  95 % - Assembling matrices
Memory: 1023/1062 1080/1123
---------  Current Progress:  95 % - Matrix factorization
Memory: 982/1062 1084/1123
---------  Current Progress:  95 % - Solving linear system
Memory: 1024/1062 1080/1123
  26      0.0023     1.2e+11   0.0014816      0.0023   42   26   67
---------  Current Progress:  97 % - Solving linear system
Memory: 1017/1062 1074/1123
---------  Current Progress:  97 % - Assembling matrices
Memory: 1023/1062 1080/1123
---------  Current Progress:  97 % - Matrix factorization
Memory: 987/1062 1084/1123
---------  Current Progress:  97 % - Assembling matrices
Memory: 1025/1062 1081/1123
  27      0.0032     1.2e+11   0.0030012      0.0032   43   27   69
---------  Current Progress:  97 % - Matrix factorization
Memory: 996/1062 1084/1123
---------  Current Progress:  97 % - Assembling matrices
Memory: 1025/1062 1081/1123
  28      0.0038     1.2e+11   0.0108440      0.0039   44   28   71
---------  Current Progress:  97 % - Matrix factorization
Memory: 1018/1062 1075/1123
---------  Current Progress:  97 % - Assembling matrices
Memory: 1025/1062 1081/1123
  29      0.0074     1.1e+11   0.0058139      0.0075   45   29   73
---------  Current Progress:  97 % - Matrix factorization
Memory: 956/1062 1054/1123
---------  Current Progress:  97 % - Solving linear system
Memory: 1019/1062 1076/1123
  30      0.0082     1.1e+11   0.0289103      0.0087   46   30   75
---------  Current Progress:  97 % - Assembling matrices
Memory: 1023/1062 1080/1123
---------  Current Progress:  97 % - Matrix factorization
Memory: 962/1062 1084/1123
---------  Current Progress:  97 % - Assembling matrices
Memory: 1025/1062 1081/1123
  31      0.0037       1e+11   0.1220074      0.0042   47   31   77
---------  Current Progress:  97 % - Matrix factorization
Memory: 998/1062 1084/1123
---------  Current Progress:  97 % - Assembling matrices
Memory: 1025/1062 1081/1123
  32       0.016       1e+11   0.0122007       0.017   48   32   79
---------  Current Progress:  97 % - Constraint handling
Memory: 1019/1062 1076/1123
---------  Current Progress:  97 % - Matrix factorization
Memory: 1007/1062 1084/1123
---------  Current Progress:  97 % - Assembling matrices
Memory: 1025/1062 1081/1123
---------  Current Progress:  97 % - Solving linear system
Memory: 1019/1062 1076/1123
  33        0.19       1e+11   0.0010000        0.19   52   33   84
---------  Current Progress:  97 % - Assembling matrices
Memory: 1023/1062 1080/1123
---------  Current Progress:  97 % - Matrix factorization
Memory: 974/1062 1084/1123
---------  Current Progress:  97 % - Solving linear system
Memory: 1024/1062 1080/1123
---------  Current Progress:  97 % - Assembling matrices
Memory: 1025/1062 1081/1123
  34      0.0049     1.1e+11   0.0010000      0.0049   58   34   91
---------  Current Progress:  99 % - Assembling matrices
Memory: 1023/1062 1080/1123
---------  Current Progress:  99 % - Matrix factorization
Memory: 948/1062 983/1123
---------  Current Progress:  99 % - Assembling matrices
Memory: 1025/1062 1081/1123
  35       0.003       1e+11   0.0010128       0.003   59   35   93
---------  Current Progress:  99 % - Matrix factorization
Memory: 968/1062 1084/1123
---------  Current Progress:  99 % - Solving linear system
Memory: 1024/1062 1080/1123
  36      0.0045       1e+11   0.0010000      0.0045   62   36   97
---------  Current Progress:  99 % - Assembling matrices
Memory: 1023/1062 1080/1123
---------  Current Progress:  99 % - Matrix factorization
Memory: 994/1062 1084/1123
---------  Current Progress:  99 % - Assembling matrices
Memory: 1025/1062 1081/1123
  37      0.0058       1e+11   0.0003395      0.0058   63   37   99
---------  Current Progress:  99 % - Matrix factorization
Memory: 999/1062 1074/1123
---------  Current Progress:  99 % - Assembling matrices
Memory: 1025/1062 1081/1123
---------  Current Progress:  99 % - Solving linear system
Memory: 1023/1062 1081/1123
  38      0.0025       1e+11   0.0010000      0.0025   67   38  104
---------  Current Progress:  99 % - Assembling matrices
Memory: 1023/1062 1080/1123
---------  Current Progress:  99 % - Matrix factorization
Memory: 974/1062 1084/1123
---------  Current Progress:  99 % - Solving linear system
Memory: 1024/1062 1080/1123
  39      0.0041       1e+11   0.0002322      0.0041   68   39  106
---------  Current Progress:  99 % - Assembling matrices
Memory: 1023/1062 1080/1123
---------  Current Progress:  99 % - Matrix factorization
Memory: 983/1062 1084/1123
---------  Current Progress:  99 % - Assembling matrices
Memory: 1025/1062 1081/1123
  40       0.053       1e+11   0.0010000       0.053   70   40  109
---------  Current Progress:  99 % - Constraint handling
Memory: 1018/1062 1075/1123
---------  Current Progress:  99 % - Matrix factorization
Memory: 1005/1062 1084/1123
---------  Current Progress:  99 % - Assembling matrices
Memory: 1025/1062 1081/1123
---------  Current Progress:  99 % - Solving linear system
---------  Current Progress:  99 % - Assembling matrices
Memory: 1023/1062 1079/1123
  41      0.0035       1e+11   0.0010000      0.0035   76   41  116
---------  Current Progress:  99 % - Matrix factorization
Memory: 1002/1062 1084/1123
---------  Current Progress:  99 % - Assembling matrices
Memory: 1025/1062 1081/1123
  42      0.0032       1e+11   0.0005675      0.0032   77   42  118
---------  Current Progress:  99 % - Matrix factorization
Memory: 1017/1062 1075/1123
---------  Current Progress:  99 % - Assembling matrices
Memory: 1025/1062 1081/1123
  43      0.0035       1e+11   0.0055058      0.0035   78   43  120
---------  Current Progress:  99 % - Matrix factorization
Memory: 964/1062 1084/1123
---------  Current Progress:  99 % - Solving linear system
Memory: 1024/1062 1080/1123
  44       0.015       1e+11   0.0010000       0.015   81   44  124
---------  Current Progress:  99 % - Assembling matrices
Memory: 1023/1062 1080/1123
---------  Current Progress:  99 % - Matrix factorization
Memory: 991/1062 1084/1123
---------  Current Progress:  99 % - Assembling matrices
Memory: 1025/1062 1081/1123
  45       0.014       1e+11   0.0005099       0.014   82   45  126
---------  Current Progress:  99 % - Constraint handling
Memory: 1030/1062 1091/1123
---------  Current Progress:  99 % - Matrix factorization
Memory: 1006/1062 1084/1123
---------  Current Progress:  99 % - Assembling matrices
Memory: 1025/1062 1081/1123
  46       0.024       1e+11   0.0010000       0.023   85   46  130
---------  Current Progress:  99 % - Matrix factorization
Memory: 972/1062 1084/1123
---------  Current Progress:  99 % - Solving linear system
Memory: 1024/1062 1080/1123
  47      0.0032       1e+11   0.0063830      0.0032   86   47  132
---------  Current Progress:  99 % - Assembling matrices
Memory: 1023/1062 1080/1123
---------  Current Progress:  99 % - Matrix factorization
Memory: 982/1062 1084/1123
---------  Current Progress:  99 % - Assembling matrices
Memory: 1025/1062 1081/1123
  48       0.085       1e+11   0.0010000       0.083   89   48  136
---------  Current Progress:  99 % - Constraint handling
Memory: 1021/1062 1090/1123
---------  Current Progress:  99 % - Matrix factorization
Memory: 1012/1062 1084/1123
---------  Current Progress:  99 % - Assembling matrices
Memory: 1025/1062 1081/1123
  49       0.003       1e+11   0.0100000       0.003   90   49  138
---------  Current Progress:  99 % - Matrix factorization
Memory: 963/1062 1084/1123
---------  Current Progress:  99 % - Solving linear system
Memory: 1024/1062 1080/1123
  50       0.027       1e+11   0.0010000       0.027   93   50  142
---------  Current Progress:  99 % - Assembling matrices
Memory: 1023/1062 1080/1123
---------  Current Progress:  99 % - Matrix factorization
Memory: 994/1062 1084/1123
---------  Current Progress:  99 % - Assembling matrices
Memory: 1025/1062 1081/1123
---------  Current Progress:  99 % - Solving linear system
  51      0.0045       1e+11   0.0010000      0.0045   98   51  148
---------  Current Progress:  99 % - Assembling sparsity pattern
Memory: 1005/1062 1061/1123
---------  Current Progress:  99 % - Assembling matrices
Memory: 1023/1062 1080/1123
---------  Current Progress:  99 % - Matrix factorization
Memory: 993/1062 1084/1123
---------  Current Progress:  99 % - Assembling matrices
Memory: 1025/1062 1081/1123
  52      0.0032       1e+11   0.0008097      0.0032   99   52  150
---------  Current Progress:  99 % - Matrix factorization
Memory: 1006/1062 1084/1123
---------  Current Progress:  99 % - Assembling matrices
Memory: 1025/1062 1081/1123
  53       0.013       1e+11   0.0010000       0.013  101   53  153
---------  Current Progress:  99 % - 
Memory: 1017/1062 1074/1123
---------  Current Progress:  99 % - Matrix factorization
Memory: 1003/1062 1084/1123
---------  Current Progress:  99 % - Assembling matrices
Memory: 1025/1062 1081/1123
  54      0.0017       1e+11   0.0069267      0.0017  102   54  155
---------  Current Progress:  99 % - Matrix factorization
Memory: 956/1062 1054/1123
---------  Current Progress:  99 % - Solving linear system
Memory: 1025/1062 1081/1123
  55        0.03       1e+11   0.0006927        0.03  103   55  157
---------  Current Progress:  99 % - Assembling matrices
Memory: 1023/1062 1080/1123
---------  Current Progress:  99 % - Matrix factorization
Memory: 964/1062 1084/1123
---------  Current Progress:  99 % - Solving linear system
Memory: 1024/1062 1080/1123
  56      0.0056       1e+11   0.0045202      0.0057  104   56  159
---------  Current Progress:  99 % - Assembling matrices
Memory: 1023/1062 1080/1123
---------  Current Progress:  99 % - Matrix factorization
Memory: 968/1062 1084/1123
---------  Current Progress:  99 % - Solving linear system
Memory: 1024/1062 1080/1123
  57      0.0071     9.9e+10   0.0125617      0.0072  105   57  161
---------  Current Progress:  99 % - Assembling matrices
Memory: 1023/1062 1080/1123
---------  Current Progress:  99 % - Matrix factorization
Memory: 967/1062 1084/1123
---------  Current Progress:  99 % - Solving linear system
Memory: 1024/1062 1080/1123
  58      0.0041     9.5e+10   0.0545184      0.0044  106   58  163
---------  Current Progress:  99 % - Assembling matrices
Memory: 1023/1062 1080/1123
---------  Current Progress:  99 % - Matrix factorization
Memory: 971/1062 1084/1123
---------  Current Progress:  99 % - Solving linear system
Memory: 1024/1062 1080/1123
  59      0.0018     1.4e+11   0.4213773      0.0045  107   59  165
---------  Current Progress:  99 % - Assembling matrices
Memory: 1023/1062 1080/1123
---------  Current Progress:  99 % - Matrix factorization
Memory: 983/1062 1084/1123
---------  Current Progress:  99 % - Assembling matrices
Memory: 1023/1062 1079/1123
  60       0.017     1.4e+11   0.0010000       0.017  112   60  171
---------  Current Progress:  99 % - Matrix factorization
Memory: 956/1062 1054/1123
---------  Current Progress:  99 % - Assembling matrices
Memory: 1025/1062 1081/1123
---------  Current Progress:  99 % - Solving linear system
---------  Current Progress:  99 % - Assembling matrices
  61      0.0026     1.4e+11   0.0010000      0.0026  117   61  177
---------  Current Progress:  99 % - Matrix factorization
Memory: 948/1062 983/1123
---------  Current Progress:  99 % - Assembling matrices
Memory: 1025/1062 1081/1123
---------  Current Progress:  99 % - Constraint handling
Memory: 1019/1062 1076/1123
---------  Current Progress:  99 % - Solving linear system
Memory: 1025/1062 1081/1123
  62      0.0019     1.4e+11   0.0010000      0.0019  122   62  183
---------  Current Progress:  99 % - Assembling matrices
Memory: 1023/1062 1080/1123
---------  Current Progress:  99 % - Matrix factorization
Memory: 976/1062 1084/1123
---------  Current Progress:  99 % - Solving linear system
Memory: 1024/1062 1080/1123
---------  Current Progress:  99 % - Assembling matrices
Memory: 1022/1062 1078/1123
  63      0.0029     1.4e+11   0.0010000      0.0029  126   63  188
---------  Current Progress:  99 % - Matrix factorization
Memory: 977/1062 1084/1123
---------  Current Progress:  99 % - Assembling matrices
Memory: 1021/1062 1077/1123
  64     0.00091     1.4e+11   0.0010000     0.00091  131   64  194
---------  Current Progress:  99 % - Matrix factorization
Memory: 948/1062 983/1123
---------  Current Progress:  99 % - Assembling matrices
Memory: 1025/1062 1081/1123
  65      0.0018     1.4e+11   0.0001731      0.0018  132   65  196
---------  Current Progress:  99 % - Matrix factorization
Memory: 961/1062 1084/1123
---------  Current Progress:  99 % - Solving linear system
Memory: 1022/1062 1079/1123
  66       0.022     1.4e+11   0.0001000       0.022  133   66  198
---------  Current Progress:  99 % - Assembling matrices
Memory: 1023/1062 1080/1123
---------  Current Progress:  99 % - Matrix factorization
Memory: 979/1062 1084/1123
---------  Current Progress:  99 % - Solving linear system
Memory: 1024/1062 1080/1123
  67      0.0035     1.4e+11   0.0007434      0.0036  134   67  200
---------  Current Progress:  99 % - Assembling matrices
Memory: 1023/1062 1080/1123
---------  Current Progress:  99 % - Matrix factorization
Memory: 993/1062 1084/1123
---------  Current Progress:  99 % - Assembling matrices
Memory: 1025/1062 1081/1123
---------  Current Progress:  99 % - Solving linear system
Memory: 1023/1062 1084/1123
  68     0.00052     1.4e+11   0.0010000     0.00052  140   68  207
---------  Current Progress:  99 % - Assembling matrices
Memory: 1023/1062 1080/1123
---------  Current Progress:  99 % - Matrix factorization
Memory: 979/1062 1084/1123
---------  Current Progress:  99 % - Solving linear system
Memory: 1022/1062 1078/1123
  69      0.0035     1.4e+11   0.0010000      0.0034  142   69  210
---------  Current Progress:  99 % - Assembling matrices
Memory: 1023/1062 1080/1123
---------  Current Progress:  99 % - Matrix factorization
Memory: 996/1062 1084/1123
---------  Current Progress:  99 % - Assembling matrices
Memory: 1025/1062 1081/1123
---------  Current Progress:  99 % - Solving linear system
---------  Current Progress:  99 % - Assembling matrices
  70     0.00042     1.4e+11   0.0010000     0.00042  149   70  218
---------  Current Progress:  99 % - Matrix factorization
Memory: 999/1062 1084/1123
---------  Current Progress:  99 % - Assembling matrices
Memory: 1025/1062 1081/1123
  71      0.0011     1.4e+11   0.0010000      0.0011  152   71  222
---------  Current Progress:  99 % - Matrix factorization
Memory: 959/1062 1084/1123
---------  Current Progress:  99 % - Solving linear system
Memory: 1023/1062 1080/1123
  72       0.002     1.4e+11   0.0002068       0.002  153   72  224
---------  Current Progress:  99 % - Assembling matrices
---------  Current Progress:  99 % - Matrix factorization
Memory: 969/1062 1084/1123
---------  Current Progress:  99 % - Solving linear system
Memory: 1024/1062 1080/1123
  73     0.00088     1.4e+11   0.0010000     0.00088  156   73  228
---------  Current Progress:  99 % - Assembling matrices
Memory: 1023/1062 1080/1123
---------  Current Progress:  99 % - Matrix factorization
Memory: 993/1062 1084/1123
---------  Current Progress:  99 % - Assembling matrices
Memory: 1025/1062 1081/1123
  74     0.00082     1.4e+11   0.0005528     0.00082  157   74  230
---------  Current Progress:  99 % - Matrix factorization
Memory: 948/1062 983/1123
---------  Current Progress:  99 % - Assembling matrices
Memory: 1025/1062 1081/1123
  75     0.00097     1.4e+11   0.0010000     0.00097  160   75  234
---------  Current Progress:  99 % - Matrix factorization
Memory: 961/1062 1084/1123
---------  Current Progress:  99 % - Solving linear system
Memory: 1020/1062 1079/1123
---------  Current Progress:  99 % - Assembling matrices
Memory: 1022/1062 1078/1123
  76     0.00065     1.4e+11   0.0010000     0.00064  166   76  241
---------  Current Progress:  99 % - Matrix factorization
Memory: 1020/1062 1076/1123
---------  Current Progress:  99 % - Assembling matrices
Memory: 1025/1062 1081/1123
---------  Current Progress:  99 % - Solving linear system
  77     0.00089     1.4e+11   0.0010000     0.00089  171   77  247
---------  Current Progress:  99 % - Assembling matrices
Memory: 1023/1062 1080/1123
---------  Current Progress:  99 % - Matrix factorization
Memory: 983/1062 1084/1123
---------  Current Progress:  99 % - Assembling matrices
Memory: 1025/1062 1081/1123
  78      0.0023     1.4e+11   0.0010000      0.0023  174   78  251
---------  Current Progress:  99 % - Matrix factorization
Memory: 975/1062 1084/1123
---------  Current Progress:  99 % - Solving linear system
Memory: 1024/1062 1080/1123
---------  Current Progress:  99 % - Assembling matrices
  79      0.0012     1.4e+11   0.0010000      0.0012  179   79  257
---------  Current Progress:  99 % - Matrix factorization
Memory: 1006/1062 1084/1123
---------  Current Progress:  99 % - Assembling matrices
Memory: 1025/1062 1081/1123
  80      0.0025     1.4e+11   0.0010000      0.0025  182   80  261
---------  Current Progress:  99 % - Matrix factorization
Memory: 974/1062 1084/1123
---------  Current Progress:  99 % - Solving linear system
Memory: 1024/1062 1080/1123
---------  Current Progress:  99 % - Assembling matrices
Memory: 1025/1062 1081/1123
  81      0.0046     1.4e+11   0.0010000      0.0046  185   81  265
---------  Current Progress:  99 % - Matrix factorization
Memory: 1000/1062 1084/1123
---------  Current Progress:  99 % - Assembling matrices
Memory: 1025/1062 1081/1123
---------  Current Progress:  99 % - Solving linear system
  82      0.0021     1.4e+11   0.0010000      0.0021  190   82  271
---------  Current Progress:  99 % - Assembling matrices
Memory: 1023/1062 1080/1123
---------  Current Progress:  99 % - Matrix factorization
Memory: 983/1062 1084/1123
---------  Current Progress:  99 % - Assembling matrices
Memory: 1025/1062 1081/1123
  83     0.00087     1.4e+11   0.0010000     0.00087  195   83  277
---------  Current Progress:  99 % - Matrix factorization
Memory: 958/1062 1084/1123
---------  Current Progress:  99 % - Solving linear system
Memory: 1025/1062 1081/1123
---------  Current Progress:  99 % - Assembling matrices
Memory: 1024/1062 1080/1123
  84     0.00049     1.4e+11   0.0010000     0.00049  201   84  284
---------  Current Progress:  99 % - Matrix factorization
Memory: 998/1062 1084/1123
---------  Current Progress:  99 % - Assembling matrices
Memory: 1025/1062 1081/1123
  85      0.0014     1.4e+11   0.0010000      0.0014  204   85  288
---------  Current Progress:  99 % - Matrix factorization
Memory: 959/1062 1084/1123
---------  Current Progress:  99 % - Solving linear system
Memory: 1022/1062 1079/1123
---------  Current Progress:  99 % - Assembling matrices
Memory: 1022/1062 1078/1123
---------  Current Progress:  99 % - Solving linear system
Memory: 1025/1062 1081/1123
  86      0.0015     1.4e+11   0.0010000      0.0015  210   86  295
---------  Current Progress:  99 % - Assembling matrices
Memory: 1023/1062 1080/1123
---------  Current Progress:  99 % - Matrix factorization
Memory: 963/1062 1084/1123
---------  Current Progress:  99 % - Solving linear system
Memory: 1024/1062 1080/1123
  87      0.0021     1.4e+11   0.0010000      0.0021  214   87  300
---------  Current Progress:  99 % - Assembling matrices
Memory: 1023/1062 1080/1123
---------  Current Progress:  99 % - Matrix factorization
Memory: 997/1062 1084/1123
---------  Current Progress:  99 % - Assembling matrices
Memory: 1025/1062 1081/1123
---------  Current Progress:  99 % - Solving linear system
  88     0.00066     1.4e+11   0.0010000     0.00066  220   88  307
---------  Current Progress:  99 % - Assembling matrices
Memory: 1023/1062 1080/1123
---------  Current Progress:  99 % - Matrix factorization
Memory: 982/1062 1084/1123
---------  Current Progress:  99 % - Solving linear system
Memory: 1021/1062 1077/1123
---------  Current Progress:  99 % - Assembling matrices
Memory: 1025/1062 1081/1123
  89     0.00077     1.4e+11   0.0010000     0.00077  226   89  314
---------  Current Progress:  99 % - Matrix factorization
Memory: 961/1062 1084/1123
---------  Current Progress:  99 % - Solving linear system
Memory: 1024/1062 1080/1123
  90       0.002     1.4e+11   0.0001035       0.002  227   90  316
---------  Current Progress:  99 % - Assembling matrices
Memory: 1023/1062 1080/1123
---------  Current Progress:  99 % - Matrix factorization
Memory: 978/1062 1084/1123
---------  Current Progress:  99 % - Solving linear system
Memory: 1024/1062 1080/1123
---------  Current Progress:  99 % - Assembling matrices
Memory: 1021/1062 1077/1123
  91       0.047     1.4e+11   0.0010000       0.046  229   91  319
---------  Current Progress:  99 % - Matrix factorization
Memory: 996/1062 1084/1123
---------  Current Progress:  99 % - Assembling matrices
Memory: 1025/1062 1081/1123
  92       0.013     1.4e+11   0.0010000       0.013  233   92  324
---------  Current Progress:  99 % - Matrix factorization
Memory: 966/1062 1084/1123
---------  Current Progress:  99 % - Solving linear system
Memory: 1024/1062 1080/1123
  93      0.0019     1.4e+11   0.0058291      0.0019  234   93  326
---------  Current Progress:  99 % - Assembling matrices
Memory: 1023/1062 1080/1123
---------  Current Progress:  99 % - Matrix factorization
Memory: 971/1062 1084/1123
---------  Current Progress:  99 % - Solving linear system
Memory: 1024/1062 1080/1123
---------  Current Progress:  99 % - Assembling matrices
Memory: 1025/1062 1081/1123
  94      0.0041     1.4e+11   0.0010000      0.0041  237   94  330
---------  Current Progress:  99 % - Matrix factorization
Memory: 1000/1062 1084/1123
---------  Current Progress:  99 % - Assembling matrices
Memory: 1025/1062 1081/1123
---------  Current Progress:  99 % - Solving linear system
  95      0.0015     1.4e+11   0.0010000      0.0015  242   95  336
---------  Current Progress:  99 % - Assembling matrices
Memory: 1023/1062 1080/1123
---------  Current Progress:  99 % - Matrix factorization
Memory: 999/1062 1084/1123
---------  Current Progress:  99 % - Assembling matrices
Memory: 1025/1062 1081/1123
  96      0.0054     1.4e+11   0.0001000      0.0054  243   96  338
---------  Current Progress:  99 % - Matrix factorization
Memory: 949/1062 1054/1123
---------  Current Progress:  99 % - Solving linear system
Memory: 1025/1062 1081/1123
  97      0.0042     1.4e+11   0.0010000      0.0042  245   97  341
---------  Current Progress:  99 % - Assembling matrices
Memory: 1023/1062 1080/1123
---------  Current Progress:  99 % - Matrix factorization
Memory: 974/1062 1084/1123
---------  Current Progress:  99 % - Solving linear system
Memory: 1024/1062 1080/1123
  98      0.0014     1.4e+11   0.0021574      0.0014  246   98  343
---------  Current Progress:  99 % - Assembling matrices
Memory: 1023/1062 1080/1123
---------  Current Progress:  99 % - Matrix factorization
Memory: 988/1062 1084/1123
---------  Current Progress:  99 % - Solving linear system
Memory: 1024/1062 1080/1123
---------  Current Progress:  99 % - Assembling matrices
Memory: 1022/1062 1078/1123
  99      0.0014     1.4e+11   0.0010000      0.0014  250   99  348
---------  Current Progress:  99 % - Solving linear system
Memory: 1019/1062 1075/1123
---------  Current Progress:  99 % - Assembling matrices
Memory: 1023/1062 1080/1123
---------  Current Progress:  99 % - Matrix factorization
Memory: 1003/1062 1084/1123
---------  Current Progress:  99 % - Assembling matrices
Memory: 1025/1062 1081/1123
---------  Current Progress:  99 % - Solving linear system
 100       0.001     1.4e+11   0.0010000       0.001  256  100  355
---------  Current Progress:  99 % - Assembling matrices
Memory: 1023/1062 1080/1123
---------  Current Progress:  99 % - Matrix factorization
Memory: 981/1062 1084/1123
---------  Current Progress:  99 % - Solving linear system
Memory: 1024/1062 1080/1123
---------  Current Progress:  99 % - Assembling matrices
Memory: 1025/1062 1081/1123
 101     0.00074     1.4e+11   0.0010000     0.00074  262  101  362
---------  Current Progress:  99 % - Assembling sparsity pattern
Memory: 1003/1062 1059/1123
---------  Current Progress:  99 % - Assembling matrices
Memory: 1024/1062 1080/1123
---------  Current Progress:  99 % - Matrix factorization
Memory: 963/1062 1084/1123
---------  Current Progress:  99 % - Solving linear system
Memory: 1024/1062 1080/1123
 102       0.055     1.4e+11   0.0010000       0.053  264  102  365
---------  Current Progress:  99 % - Assembling matrices
---------  Current Progress:  99 % - Matrix factorization
Memory: 989/1062 1084/1123
---------  Current Progress:  99 % - Assembling matrices
Memory: 1025/1062 1081/1123
 103       0.001     1.4e+11   0.0100000       0.001  265  103  367
---------- Current Progress: 100 % - Assembling matrices
Memory: 1024/1062 1080/1123
---------- Current Progress: 100 % - Matrix factorization
Memory: 994/1062 1084/1123
---------- Current Progress: 100 % - Solving linear system
Memory: 1024/1062 1080/1123
---------- Current Progress: 100 % - Assembling matrices
Memory: 1022/1062 1078/1123
 104     0.00079     1.4e+11   0.0010000     0.00079  271  104  374
---------- Current Progress: 100 % - Matrix factorization
Memory: 1000/1062 1074/1123
---------- Current Progress: 100 % - Assembling matrices
Memory: 1025/1062 1081/1123
 105       0.003     1.4e+11   0.0001000       0.003  272  105  376
---------- Current Progress: 100 % - Matrix factorization
Memory: 965/1062 1084/1123
---------- Current Progress: 100 % - Solving linear system
Memory: 1024/1062 1080/1123
---------- Current Progress: 100 % - Assembling matrices
Memory: 1025/1062 1081/1123
 106     0.00048     1.4e+11   0.0010000     0.00048  276  106  381
---------- Current Progress: 100 % - Matrix factorization
Memory: 1002/1062 1084/1123
---------- Current Progress: 100 % - Assembling matrices
Memory: 1025/1062 1081/1123
 107       0.013     1.4e+11   0.0001000       0.013  277  107  383
---------- Current Progress: 100 % - Matrix factorization
Memory: 946/1062 981/1123
---------- Current Progress: 100 % - Assembling matrices
Memory: 1025/1062 1081/1123
---------- Current Progress: 100 % - Solving linear system
 108      0.0036     1.4e+11   0.0010000      0.0036  280  108  387
---------- Current Progress: 100 % - Assembling matrices
Memory: 1024/1062 1080/1123
---------- Current Progress: 100 % - Matrix factorization
Memory: 973/1062 1084/1123
---------- Current Progress: 100 % - Solving linear system
Memory: 1024/1062 1080/1123
 109      0.0018     1.4e+11   0.0013260      0.0018  281  109  389
---------- Current Progress: 100 % - Assembling matrices
---------- Current Progress: 100 % - Matrix factorization
Memory: 986/1062 1084/1123
---------- Current Progress: 100 % - Assembling matrices
Memory: 1025/1062 1081/1123
 110       0.001     1.4e+11   0.0010000       0.001  286  110  395
---------- Current Progress: 100 % - Matrix factorization
Memory: 960/1062 1084/1123
---------- Current Progress: 100 % - Solving linear system
Memory: 1024/1062 1080/1123
 111      0.0037     1.4e+11   0.0010000      0.0037  288  111  398
---------- Current Progress: 100 % - Assembling matrices
---------- Current Progress: 100 % - Matrix factorization
Memory: 993/1062 1084/1123
---------- Current Progress: 100 % - Assembling matrices
Memory: 1025/1062 1081/1123
 112      0.0011     1.4e+11   0.0010000      0.0011  293  112  404
---------- Current Progress: 100 % - Matrix factorization
Memory: 965/1062 1084/1123
---------- Current Progress: 100 % - Solving linear system
Memory: 1024/1062 1080/1123
---------- Current Progress: 100 % - Assembling matrices
Memory: 1025/1062 1081/1123
 113      0.0045     1.4e+11   0.0010000      0.0045  295  113  407
---------- Current Progress: 100 % - Matrix factorization
Memory: 948/1062 983/1123
---------- Current Progress: 100 % - Assembling matrices
Memory: 1025/1062 1081/1123
---------- Current Progress: 100 % - Solving linear system
 114      0.0011     1.4e+11   0.0010000      0.0011  301  114  414
---------- Current Progress: 100 % - Assembling matrices
Memory: 1024/1062 1080/1123
---------- Current Progress: 100 % - Matrix factorization
Memory: 981/1062 1084/1123
---------- Current Progress: 100 % - Assembling matrices
Memory: 1022/1062 1078/1123
 115       0.002     1.4e+11   0.0010000       0.002  305  115  419
---------- Current Progress: 100 % - Matrix factorization
Memory: 960/1062 1084/1123
---------- Current Progress: 100 % - Solving linear system
Memory: 1022/1062 1079/1123
 116      0.0019     1.4e+11   0.0005232      0.0019  306  116  421
---------- Current Progress: 100 % - Assembling matrices
Memory: 1024/1062 1080/1123
---------- Current Progress: 100 % - Matrix factorization
Memory: 975/1062 1084/1123
---------- Current Progress: 100 % - Solving linear system
Memory: 1024/1062 1080/1123
---------- Current Progress: 100 % - Assembling matrices
Memory: 1025/1062 1081/1123
 117      0.0031     1.4e+11   0.0010000      0.0031  309  117  425
---------- Current Progress: 100 % - Matrix factorization
Memory: 998/1062 1084/1123
---------- Current Progress: 100 % - Assembling matrices
Memory: 1025/1062 1081/1123
 118      0.0017     1.3e+11   0.0012182      0.0017  310  118  427
---------- Current Progress: 100 % - Matrix factorization
Memory: 1009/1062 1084/1123
---------- Current Progress: 100 % - Assembling matrices
Memory: 1025/1062 1081/1123
 119       0.012     1.3e+11   0.0001218       0.012  311  119  429
---------- Current Progress: 100 % - Matrix factorization
Memory: 962/1062 1084/1123
---------- Current Progress: 100 % - Solving linear system
Memory: 1025/1062 1081/1123
 120      0.0012     1.3e+11   0.0012182      0.0013  312  120  431
---------- Current Progress: 100 % - Assembling matrices
Memory: 1024/1062 1080/1123
---------- Current Progress: 100 % - Matrix factorization
Memory: 973/1062 1084/1123
---------- Current Progress: 100 % - Solving linear system
Memory: 1024/1062 1080/1123
 121      0.0035     1.3e+11   0.0010000      0.0035  315  121  435
---------- Current Progress: 100 % - Assembling matrices
---------- Current Progress: 100 % - Matrix factorization
Memory: 956/1062 1054/1123
---------- Current Progress: 100 % - Assembling matrices
Memory: 1025/1062 1081/1123
---------- Current Progress: 100 % - Solving linear system
Memory: 1021/1062 1077/1123
---------- Current Progress: 100 % - Assembling matrices
Memory: 1025/1062 1081/1123
 122      0.0018     1.3e+11   0.0010000      0.0018  320  122  441
---------- Current Progress: 100 % - Matrix factorization
Memory: 998/1062 1084/1123
---------- Current Progress: 100 % - Assembling matrices
Memory: 1025/1062 1081/1123
 123       0.073     1.3e+11   0.0010000       0.069  322  123  444
---------- Current Progress: 100 % - Constraint handling
Memory: 1020/1062 1076/1123
---------- Current Progress: 100 % - Matrix factorization
Memory: 1004/1062 1084/1123
---------- Current Progress: 100 % - Assembling matrices
Memory: 1025/1062 1081/1123
 124      0.0043     1.3e+11   0.0100000      0.0045  323  124  446
---------- Current Progress: 100 % - Matrix factorization
Memory: 958/1062 1084/1123
---------- Current Progress: 100 % - Assembling matrices
Memory: 1025/1062 1081/1123
---------- Current Progress: 100 % - Solving linear system
 125      0.0031     1.3e+11   0.0010000       0.003  328  125  452
---------- Current Progress: 100 % - Assembling matrices
Memory: 1024/1062 1080/1123
---------- Current Progress: 100 % - Matrix factorization
Memory: 988/1062 1084/1123
---------- Current Progress: 100 % - Assembling matrices
Memory: 1025/1062 1081/1123
 126      0.0048     1.3e+11   0.0010000      0.0048  332  126  457
---------- Current Progress: 100 % - Matrix factorization
Memory: 956/1062 1054/1123
---------- Current Progress: 100 % - Solving linear system
Memory: 1022/1062 1078/1123
---------- Current Progress: 100 % - Assembling matrices
Memory: 1025/1062 1081/1123
---------- Current Progress: 100 % - Solving linear system
 127     0.00086     1.3e+11   0.0010000     0.00086  338  127  464
---------- Current Progress: 100 % - Assembling matrices
Memory: 1024/1062 1080/1123
---------- Current Progress: 100 % - Matrix factorization
Memory: 981/1062 1084/1123
---------- Current Progress: 100 % - Solving linear system
Memory: 1024/1062 1080/1123
---------- Current Progress: 100 % - Assembling matrices
Memory: 1022/1062 1078/1123
 128     0.00089     1.3e+11   0.0010000     0.00089  344  128  471
---------- Current Progress: 100 % - Matrix factorization
Memory: 945/1062 1011/1123
---------- Current Progress: 100 % - Assembling matrices
Memory: 1025/1062 1081/1123
---------- Current Progress: 100 % - Solving linear system
Memory: 1023/1062 1080/1123
 129     0.00095     1.3e+11   0.0010000     0.00095  350  129  478
---------- Current Progress: 100 % - Assembling matrices
Memory: 1024/1062 1080/1123
---------- Current Progress: 100 % - Matrix factorization
Memory: 1002/1062 1084/1123
---------- Current Progress: 100 % - Assembling matrices
Memory: 1025/1062 1081/1123
 130       0.001     1.3e+11   0.0004520       0.001  351  130  480
---------- Current Progress: 100 % - Matrix factorization
Memory: 969/1062 1084/1123
---------- Current Progress: 100 % - Solving linear system
Memory: 1024/1062 1080/1123
 131      0.0039     1.3e+11   0.0001000      0.0039  352  131  482
---------- Current Progress: 100 % - Assembling matrices
---------- Current Progress: 100 % - Matrix factorization
Memory: 978/1062 1084/1123
---------- Current Progress: 100 % - Solving linear system
Memory: 1024/1062 1080/1123
---------- Current Progress: 100 % - Assembling matrices
Memory: 1025/1062 1081/1123
 132      0.0014     1.3e+11   0.0010000      0.0014  355  132  486
---------- Current Progress: 100 % - Matrix factorization
Memory: 1006/1062 1084/1123
---------- Current Progress: 100 % - Assembling matrices
Memory: 1025/1062 1081/1123
 133      0.0011     1.3e+11   0.0006864      0.0011  356  133  488
---------- Current Progress: 100 % - Matrix factorization
Memory: 958/1062 1084/1123
---------- Current Progress: 100 % - Solving linear system
Memory: 1025/1062 1081/1123
 134      0.0012     1.3e+11   0.0048197      0.0012  357  134  490
---------- Current Progress: 100 % - Assembling matrices
Memory: 1024/1062 1080/1123
---------- Current Progress: 100 % - Matrix factorization
Memory: 980/1062 1084/1123
---------- Current Progress: 100 % - Solving linear system
Memory: 1020/1062 1077/1123
---------- Current Progress: 100 % - Assembling matrices
Memory: 1025/1062 1081/1123
 135      0.0025     1.3e+11   0.0010000      0.0025  361  135  495
---------- Current Progress: 100 % - Matrix factorization
Memory: 948/1062 983/1123
---------- Current Progress: 100 % - 
Memory: 1021/1062 1077/1123
 136       0.042     1.3e+11   0.0001000       0.042  362  136  497
---------- Current Progress: 100 % - Assembling matrices
Memory: 1024/1062 1080/1123
---------- Current Progress: 100 % - Matrix factorization
Memory: 972/1062 1084/1123
---------- Current Progress: 100 % - Solving linear system
Memory: 1024/1062 1080/1123
---------- Current Progress: 100 % - Assembling matrices
Memory: 1025/1062 1081/1123
 137       0.002     1.3e+11   0.0010000       0.002  366  137  502
---------- Current Progress: 100 % - Matrix factorization
Memory: 1001/1062 1084/1123
---------- Current Progress: 100 % - Assembling matrices
Memory: 1025/1062 1081/1123
---------- Current Progress: 100 % - Solving linear system
 138      0.0018     1.3e+11   0.0010000      0.0018  371  138  508
---------- Current Progress: 100 % - Assembling matrices
Memory: 1024/1062 1080/1123
---------- Current Progress: 100 % - Matrix factorization
Memory: 972/1062 1084/1123
---------- Current Progress: 100 % - Solving linear system
Memory: 1024/1062 1080/1123
 139      0.0015     1.3e+11   0.0006083      0.0015  372  139  510
---------- Current Progress: 100 % - Assembling matrices
---------- Current Progress: 100 % - Matrix factorization
Memory: 991/1062 1084/1123
---------- Current Progress: 100 % - Assembling matrices
Memory: 1025/1062 1081/1123
 140      0.0014     1.3e+11   0.0010000      0.0014  375  140  514
---------- Current Progress: 100 % - Matrix factorization
Memory: 988/1062 1084/1123
---------- Current Progress: 100 % - Assembling matrices
Memory: 1025/1062 1081/1123
 141      0.0013     1.3e+11   0.0005826      0.0013  376  141  516
---------- Current Progress: 100 % - Matrix factorization
Memory: 976/1062 1084/1123
---------- Current Progress: 100 % - Solving linear system
Memory: 1022/1062 1079/1123
 142       0.011     1.3e+11   0.0010000       0.011  378  142  519
---------- Current Progress: 100 % - Assembling matrices
Memory: 1024/1062 1080/1123
---------- Current Progress: 100 % - Matrix factorization
Memory: 982/1062 1084/1123
---------- Current Progress: 100 % - Assembling matrices
Memory: 1022/1062 1078/1123
 143       0.019     1.3e+11   0.0010000       0.019  381  143  523
---------- Current Progress: 100 % - Matrix factorization
Memory: 948/1062 983/1123
---------- Current Progress: 100 % - Assembling matrices
Memory: 1025/1062 1081/1123
---------- Current Progress: 100 % - Solving linear system
---------- Current Progress: 100 % - Assembling matrices
 144      0.0011     1.3e+11   0.0010000      0.0011  387  144  530
---------- Current Progress: 100 % - Matrix factorization
Memory: 1005/1062 1084/1123
---------- Current Progress: 100 % - Assembling matrices
Memory: 1025/1062 1081/1123
---------- Current Progress: 100 % - Solving linear system
 145     0.00081     1.3e+11   0.0010000     0.00081  393  145  537
---------- Current Progress: 100 % - Assembling matrices
Memory: 1024/1062 1080/1123
---------- Current Progress: 100 % - Matrix factorization
Memory: 992/1062 1084/1123
---------- Current Progress: 100 % - Assembling matrices
Memory: 1025/1062 1081/1123
 146      0.0031     1.3e+11   0.0010000      0.0031  395  146  540
---------- Current Progress: 100 % - Matrix factorization
Memory: 948/1062 983/1123
---------- Current Progress: 100 % - Assembling matrices
Memory: 1025/1062 1081/1123
---------- Current Progress: 100 % - Solving linear system
Memory: 1023/1062 1084/1123
 147      0.0022     1.3e+11   0.0010000      0.0022  400  147  546
---------- Current Progress: 100 % - Assembling matrices
Memory: 1024/1062 1080/1123
---------- Current Progress: 100 % - Matrix factorization
Memory: 989/1062 1084/1123
---------- Current Progress: 100 % - Assembling matrices
Memory: 1025/1062 1081/1123
 148       0.001     1.3e+11   0.0010000       0.001  405  148  552
---------- Current Progress: 100 % - Matrix factorization
Memory: 958/1062 1084/1123
---------- Current Progress: 100 % - Solving linear system
Memory: 1025/1062 1081/1123
 149      0.0013     1.3e+11   0.0010000      0.0013  410  149  558
---------- Current Progress: 100 % - Assembling matrices
Memory: 1024/1062 1080/1123
---------- Current Progress: 100 % - Matrix factorization
Memory: 1000/1062 1084/1123
---------- Current Progress: 100 % - Assembling matrices
Memory: 1025/1062 1081/1123
 150      0.0015     1.3e+11   0.0010000      0.0015  415  150  564
---------- Current Progress: 100 % - Matrix factorization
Memory: 989/1062 1084/1123
---------- Current Progress: 100 % - Assembling matrices
Memory: 1025/1062 1081/1123
 151      0.0021     1.3e+11   0.0010000      0.0021  419  151  569
---------- Current Progress: 100 % - Assembling sparsity pattern
Memory: 1004/1062 1060/1123
---------- Current Progress: 100 % - Assembling matrices
Memory: 1023/1062 1080/1123
---------- Current Progress: 100 % - Matrix factorization
Memory: 956/1062 1054/1123
---------- Current Progress: 100 % - Solving linear system
Memory: 1025/1062 1081/1123
 152      0.0031     1.3e+11   0.0010000      0.0031  423  152  574
---------- Current Progress: 100 % - Assembling matrices
Memory: 1023/1062 1080/1123
---------- Current Progress: 100 % - Matrix factorization
Memory: 981/1062 1084/1123
---------- Current Progress: 100 % - Assembling matrices
Memory: 1023/1062 1079/1123
 153     0.00081     1.3e+11   0.0010000     0.00081  429  153  581
---------- Current Progress: 100 % - Matrix factorization
Memory: 973/1062 1084/1123
---------- Current Progress: 100 % - Solving linear system
Memory: 1024/1062 1080/1123
 154      0.0049     1.3e+11   0.0001000      0.0049  430  154  583
---------- Current Progress: 100 % - Assembling matrices
Memory: 1023/1062 1080/1123
---------- Current Progress: 100 % - Matrix factorization
Memory: 985/1062 1084/1123
---------- Current Progress: 100 % - Solving linear system
Memory: 1019/1062 1075/1123
 155       0.001     1.3e+11   0.0006023       0.001  431  155  585
---------- Current Progress: 100 % - Assembling matrices
Memory: 1023/1062 1080/1123
---------- Current Progress: 100 % - Matrix factorization
Memory: 985/1062 1084/1123
---------- Current Progress: 100 % - Assembling matrices
Memory: 1025/1062 1081/1123
 156      0.0012     1.3e+11   0.0034267      0.0012  432  156  587
---------- Current Progress: 100 % - Matrix factorization
Memory: 998/1062 1084/1123
---------- Current Progress: 100 % - Assembling matrices
Memory: 1025/1062 1081/1123
---------- Current Progress: 100 % - Solving linear system
 157     0.00054     1.3e+11   0.0010000     0.00054  438  157  594
---------- Current Progress: 100 % - Assembling matrices
Memory: 1023/1062 1080/1123
---------- Current Progress: 100 % - Matrix factorization
Memory: 988/1062 1084/1123
---------- Current Progress: 100 % - Assembling matrices
Memory: 1025/1062 1081/1123
 158      0.0023     1.3e+11   0.0010000      0.0023  440  158  597
---------- Current Progress: 100 % - Matrix factorization
Memory: 1005/1062 1084/1123
---------- Current Progress: 100 % - Assembling matrices
Memory: 1025/1062 1081/1123
 159      0.0065     1.3e+11   0.0010000      0.0065  443  159  601
---------- Current Progress: 100 % - Matrix factorization
Memory: 986/1062 1084/1123
---------- Current Progress: 100 % - Assembling matrices
Memory: 1025/1062 1081/1123
 160      0.0031     1.3e+11   0.0013884      0.0031  444  160  603
---------- Current Progress: 100 % - Matrix factorization
Memory: 1002/1062 1084/1123
---------- Current Progress: 100 % - Assembling matrices
Memory: 1025/1062 1081/1123
 161      0.0025     1.3e+11   0.0010000      0.0025  448  161  608
---------- Current Progress: 100 % - Matrix factorization
Memory: 969/1062 1084/1123
---------- Current Progress: 100 % - Solving linear system
Memory: 1024/1062 1080/1123
---------- Current Progress: 100 % - Assembling matrices
Memory: 1025/1062 1081/1123
 162     0.00093     1.3e+11   0.0010000     0.00093  454  162  615
---------- Current Progress: 100 % - Matrix factorization
Memory: 956/1062 1054/1123
---------- Current Progress: 100 % - Assembling matrices
Memory: 1025/1062 1081/1123
---------- Current Progress: 100 % - Solving linear system
Memory: 1021/1062 1080/1123
 163      0.0012     1.3e+11   0.0010000      0.0012  459  163  621
---------- Current Progress: 100 % - Assembling matrices
Memory: 1023/1062 1080/1123
---------- Current Progress: 100 % - Matrix factorization
Memory: 992/1062 1084/1123
---------- Current Progress: 100 % - Assembling matrices
Memory: 1025/1062 1081/1123
---------- Current Progress: 100 % - Solving linear system
 164      0.0011     1.3e+11   0.0010000      0.0011  465  164  628
---------- Current Progress: 100 % - Assembling matrices
Memory: 1023/1062 1080/1123
---------- Current Progress: 100 % - Matrix factorization
Memory: 978/1062 1084/1123
---------- Current Progress: 100 % - Solving linear system
Memory: 1024/1062 1080/1123
 165      0.0011     1.3e+11   0.0005216      0.0011  466  165  630
---------- Current Progress: 100 % - Assembling matrices
Memory: 1023/1062 1080/1123
---------- Current Progress: 100 % - Matrix factorization
Memory: 991/1062 1084/1123
---------- Current Progress: 100 % - Assembling matrices
Memory: 1025/1062 1081/1123
 166       0.088     1.3e+11   0.0001000       0.088  467  166  632
---------- Current Progress: 100 % - Matrix factorization
Memory: 1004/1062 1084/1123
---------- Current Progress: 100 % - Assembling matrices
Memory: 1025/1062 1081/1123
---------- Current Progress: 100 % - Solving linear system
 167       0.001     1.3e+11   0.0010000       0.001  471  167  637
---------- Current Progress: 100 % - Assembling matrices
Memory: 1023/1062 1080/1123
---------- Current Progress: 100 % - Matrix factorization
Memory: 978/1062 1084/1123
---------- Current Progress: 100 % - Solving linear system
Memory: 1024/1062 1080/1123
---------- Current Progress: 100 % - Assembling matrices
Memory: 1025/1062 1081/1123
 168      0.0024     1.3e+11   0.0010000      0.0024  474  168  641
---------- Current Progress: 100 % - Matrix factorization
Memory: 958/1062 1084/1123
---------- Current Progress: 100 % - Solving linear system
Memory: 1025/1062 1081/1123
 169        0.14     1.3e+11   0.0001000        0.14  475  169  643
---------- Current Progress: 100 % - Assembling matrices
Memory: 1023/1062 1080/1123
---------- Current Progress: 100 % - Matrix factorization
Memory: 969/1062 1084/1123
---------- Current Progress: 100 % - Solving linear system
Memory: 1024/1062 1080/1123
---------- Current Progress: 100 % - Assembling matrices
Memory: 1022/1062 1078/1123
 170      0.0048     1.3e+11   0.0010000      0.0048  479  170  648
---------- Current Progress: 100 % - Matrix factorization
Memory: 953/1062 1011/1123
---------- Current Progress: 100 % - Assembling matrices
Memory: 1025/1062 1081/1123
 171      0.0044     1.3e+11   0.0005718      0.0044  480  171  650
---------- Current Progress: 100 % - Matrix factorization
Memory: 961/1062 1084/1123
---------- Current Progress: 100 % - Solving linear system
Memory: 1022/1062 1079/1123
 172      0.0045     1.3e+11   0.0010000      0.0045  483  172  654
---------- Current Progress: 100 % - Assembling matrices
Memory: 1023/1062 1080/1123
---------- Current Progress: 100 % - Matrix factorization
Memory: 1001/1062 1084/1123
---------- Current Progress: 100 % - Assembling matrices
Memory: 1025/1062 1081/1123
---------- Current Progress: 100 % - Solving linear system
Memory: 1024/1062 1084/1123
 173      0.0011     1.3e+11   0.0010000      0.0011  489  173  661
---------- Current Progress: 100 % - Assembling matrices
Memory: 1023/1062 1080/1123
---------- Current Progress: 100 % - Matrix factorization
Memory: 983/1062 1084/1123
---------- Current Progress: 100 % - Assembling matrices
Memory: 1023/1062 1079/1123
 174     0.00099     1.3e+11   0.0010000     0.00099  495  174  668
---------- Current Progress: 100 % - Matrix factorization
Memory: 961/1062 1084/1123
---------- Current Progress: 100 % - Solving linear system
Memory: 1025/1062 1081/1123
 175       0.015     1.3e+11   0.0010000       0.015  497  175  671
---------- Current Progress: 100 % - Assembling matrices
Memory: 1023/1062 1080/1123
---------- Current Progress: 100 % - Matrix factorization
Memory: 986/1062 1084/1123
---------- Current Progress: 100 % - Assembling matrices
Memory: 1025/1062 1081/1123
 176      0.0027     1.3e+11   0.0010000      0.0027  502  176  677
---------- Current Progress: 100 % - 
Memory: 1017/1062 1074/1123
---------- Current Progress: 100 % - Matrix factorization
Memory: 991/1062 1084/1123
---------- Current Progress: 100 % - Assembling matrices
Memory: 1025/1062 1081/1123
 177       0.081     1.3e+11   0.0001000       0.082  503  177  679
---------- Current Progress: 100 % - Matrix factorization
Memory: 1000/1062 1084/1123
---------- Current Progress: 100 % - Assembling matrices
Memory: 1025/1062 1081/1123
 178      0.0037     1.3e+11   0.0010000      0.0037  504  178  681
---------- Current Progress: 100 % - Matrix factorization
Memory: 979/1062 1084/1123
---------- Current Progress: 100 % - Solving linear system
Memory: 1024/1062 1080/1123
---------- Current Progress: 100 % - Assembling matrices
Memory: 950/1062 1079/1123
 179      0.0027     1.3e+11   0.0010000      0.0027  508  179  686
---------- Current Progress: 100 % - Matrix factorization
Memory: 922/1062 1084/1123
---------- Current Progress: 100 % - Assembling matrices
Memory: 952/1062 1081/1123
 180      0.0032     1.3e+11   0.0003913      0.0032  509  180  688
---------- Current Progress: 100 % - 
Memory: 945/1062 1074/1123
---------- Current Progress: 100 % - Matrix factorization
Memory: 935/1062 1084/1123
---------- Current Progress: 100 % - Assembling matrices
Memory: 952/1062 1081/1123
---------- Current Progress: 100 % - Solving linear system
 181      0.0035     1.3e+11   0.0010000      0.0035  512  181  692
---------- Current Progress: 100 % - Assembling matrices
Memory: 951/1062 1080/1123
---------- Current Progress: 100 % - Matrix factorization
Memory: 908/1062 1084/1123
---------- Current Progress: 100 % - Assembling matrices
Memory: 949/1062 1078/1123
 182      0.0031     1.3e+11   0.0005858      0.0031  513  182  694
---------- Current Progress: 100 % - Solving linear system
Memory: 946/1062 1075/1123
---------- Current Progress: 100 % - Assembling matrices
Memory: 951/1062 1080/1123
---------- Current Progress: 100 % - Matrix factorization
Memory: 925/1062 1084/1123
---------- Current Progress: 100 % - Assembling matrices
Memory: 952/1062 1081/1123
 183      0.0014     1.3e+11   0.0010000      0.0014  517  183  699
---------- Current Progress: 100 % - Matrix factorization
Memory: 893/1062 1084/1123
---------- Current Progress: 100 % - Solving linear system
Memory: 951/1062 1080/1123
---------- Current Progress: 100 % - Assembling matrices
Memory: 952/1062 1081/1123
 184       0.004     1.3e+11   0.0010000       0.004  520  184  703
---------- Current Progress: 100 % - Matrix factorization
Memory: 890/1062 1084/1123
---------- Current Progress: 100 % - Solving linear system
Memory: 952/1062 1081/1123
 185      0.0018     1.3e+11   0.0010000      0.0018  525  185  709
---------- Current Progress: 100 % - Assembling matrices
Memory: 951/1062 1080/1123
---------- Current Progress: 100 % - Matrix factorization
Memory: 931/1062 1084/1123
---------- Current Progress: 100 % - Assembling matrices
Memory: 952/1062 1081/1123
---------- Current Progress: 100 % - Solving linear system
Memory: 949/1062 1079/1123
---------- Current Progress: 100 % - Assembling matrices
Memory: 952/1062 1081/1123
 186      0.0015     1.3e+11   0.0010000      0.0015  531  186  716
---------- Current Progress: 100 % - Matrix factorization
Memory: 923/1062 1084/1123
---------- Current Progress: 100 % - Assembling matrices
Memory: 952/1062 1081/1123
 187      0.0018     1.3e+11   0.0003972      0.0018  532  187  718
---------- Current Progress: 100 % - 
Memory: 946/1062 1075/1123
---------- Current Progress: 100 % - Matrix factorization
Memory: 939/1062 1084/1123
---------- Current Progress: 100 % - Assembling matrices
Memory: 952/1062 1081/1123
---------- Current Progress: 100 % - Solving linear system
 188       0.005     1.3e+11   0.0010000       0.005  534  188  721
---------- Current Progress: 100 % - Assembling matrices
Memory: 951/1062 1080/1123
---------- Current Progress: 100 % - Matrix factorization
Memory: 904/1062 1084/1123
---------- Current Progress: 100 % - Solving linear system
Memory: 951/1062 1080/1123
---------- Current Progress: 100 % - Assembling matrices
Memory: 950/1062 1079/1123
 189       0.016     1.3e+11   0.0010000       0.016  537  189  725
---------- Current Progress: 100 % - Matrix factorization
Memory: 925/1062 1084/1123
---------- Current Progress: 100 % - Assembling matrices
Memory: 952/1062 1081/1123
 190      0.0018     1.2e+11   0.0078744      0.0018  538  190  727
---------- Current Progress: 100 % - Matrix factorization
Memory: 880/1062 1054/1123
---------- Current Progress: 100 % - Solving linear system
Memory: 951/1062 1084/1123
 191        0.03     1.2e+11   0.0007874       0.031  539  191  729
---------- Current Progress: 100 % - Assembling matrices
Memory: 951/1062 1080/1123
---------- Current Progress: 100 % - Matrix factorization
Memory: 891/1062 1084/1123
---------- Current Progress: 100 % - Solving linear system
Memory: 951/1062 1080/1123
---------- Current Progress: 100 % - Assembling matrices
 192      0.0021     1.2e+11   0.0010000       0.002  544  192  735
---------- Current Progress: 100 % - Matrix factorization
Memory: 929/1062 1084/1123
---------- Current Progress: 100 % - Assembling matrices
Memory: 952/1062 1081/1123
 193      0.0031     1.2e+11   0.0010000      0.0031  548  193  740
---------- Current Progress: 100 % - Matrix factorization
Memory: 895/1062 1084/1123
---------- Current Progress: 100 % - Solving linear system
Memory: 951/1062 1080/1123
---------- Current Progress: 100 % - Assembling matrices
Memory: 948/1062 1077/1123
 194      0.0038     1.2e+11   0.0010000      0.0038  552  194  745
---------- Current Progress: 100 % - Matrix factorization
Memory: 925/1062 1084/1123
---------- Current Progress: 100 % - Assembling matrices
Memory: 952/1062 1081/1123
 195      0.0039     1.2e+11   0.0004752      0.0039  553  195  747
---------- Current Progress: 100 % - Matrix factorization
Memory: 946/1062 1075/1123
---------- Current Progress: 100 % - Solving linear system
Memory: 952/1062 1080/1123
---------- Current Progress: 100 % - Assembling matrices
Memory: 948/1062 1077/1123
 196      0.0018     1.2e+11   0.0010000      0.0018  557  196  752
---------- Current Progress: 100 % - Matrix factorization
Memory: 946/1062 1075/1123
---------- Current Progress: 100 % - Assembling matrices
Memory: 953/1062 1081/1123
 197       0.035     1.2e+11   0.0010000       0.034  559  197  755
---------- Current Progress: 100 % - Matrix factorization
Memory: 900/1062 1084/1123
---------- Current Progress: 100 % - Solving linear system
Memory: 952/1062 1080/1123
---------- Current Progress: 100 % - Assembling matrices
Memory: 953/1062 1081/1123
 198      0.0076     1.2e+11   0.0010000      0.0075  563  198  760
---------- Current Progress: 100 % - Constraint handling
Memory: 962/1062 1091/1123
---------- Current Progress: 100 % - Matrix factorization
Memory: 937/1062 1084/1123
---------- Current Progress: 100 % - Assembling matrices
Memory: 953/1062 1081/1123
---------- Current Progress: 100 % - Solving linear system
 199      0.0068     1.2e+11   0.0010000      0.0068  567  199  765
---------- Current Progress: 100 % - Assembling matrices
Memory: 952/1062 1080/1123
---------- Current Progress: 100 % - Matrix factorization
Memory: 911/1062 1084/1123
---------- Current Progress: 100 % - Assembling matrices
Memory: 953/1062 1081/1123
 200      0.0012     1.2e+11   0.0048182      0.0012  568  200  767
---------- Current Progress: 100 % - Matrix factorization
Memory: 930/1062 1084/1123
---------- Current Progress: 100 % - Assembling matrices
Memory: 954/1062 1081/1123
---------- Current Progress: 100 % - Solving linear system
Memory: 952/1062 1080/1123
 201      0.0014     1.2e+11   0.0010000      0.0014  573  201  773
---------- Current Progress: 100 % - Assembling sparsity pattern
Memory: 933/1062 1061/1123
---------- Current Progress: 100 % - Assembling matrices
Memory: 953/1062 1080/1123
---------- Current Progress: 100 % - Matrix factorization
Memory: 898/1062 1084/1123
---------- Current Progress: 100 % - Solving linear system
Memory: 953/1062 1080/1123
 202       0.006     1.2e+11   0.0001000       0.006  574  202  775
---------- Current Progress: 100 % - Assembling matrices
---------- Current Progress: 100 % - Matrix factorization
Memory: 919/1062 1084/1123
---------- Current Progress: 100 % - Assembling matrices
Memory: 954/1062 1081/1123
 203      0.0054     1.2e+11   0.0010000      0.0054  575  203  777
---------- Current Progress: 100 % - Constraint handling
Memory: 957/1062 1090/1123
---------- Current Progress: 100 % - Matrix factorization
Memory: 938/1062 1084/1123
---------- Current Progress: 100 % - Assembling matrices
Memory: 954/1062 1081/1123
---------- Current Progress: 100 % - Solving linear system
 204       0.001     1.2e+11   0.0010000       0.001  580  204  783
---------- Current Progress: 100 % - Assembling matrices
Memory: 953/1062 1080/1123
---------- Current Progress: 100 % - Matrix factorization
Memory: 900/1062 1084/1123
---------- Current Progress: 100 % - Assembling matrices
Memory: 955/1062 1081/1123
---------- Current Progress: 100 % - Solving linear system
Memory: 953/1062 1084/1123
 205      0.0012     1.2e+11   0.0010000      0.0012  586  205  790
---------- Current Progress: 100 % - Assembling matrices
Memory: 953/1062 1080/1123
---------- Current Progress: 100 % - Matrix factorization
Memory: 921/1062 1084/1123
---------- Current Progress: 100 % - Assembling matrices
Memory: 955/1062 1081/1123
 206      0.0025     1.2e+11   0.0001489      0.0025  587  206  792
---------- Current Progress: 100 % - Constraint handling
Memory: 962/1062 1090/1123
---------- Current Progress: 100 % - Matrix factorization
Memory: 937/1062 1084/1123
---------- Current Progress: 100 % - Assembling matrices
Memory: 955/1062 1081/1123
 207       0.047     1.2e+11   0.0001000       0.048  588  207  794
---------- Current Progress: 100 % - Matrix factorization
Memory: 888/1062 1084/1123
---------- Current Progress: 100 % - Solving linear system
Memory: 955/1062 1081/1123
 208      0.0045     1.2e+11   0.0010000      0.0045  589  208  796
---------- Current Progress: 100 % - Assembling matrices
Memory: 954/1062 1080/1123
---------- Current Progress: 100 % - Matrix factorization
Memory: 914/1062 1084/1123
---------- Current Progress: 100 % - Assembling matrices
Memory: 956/1062 1081/1123
 209       0.012     1.2e+11   0.0002244       0.012  590  209  798
---------- Current Progress: 100 % - Matrix factorization
Memory: 939/1062 1084/1123
---------- Current Progress: 100 % - Assembling matrices
Memory: 956/1062 1081/1123
---------- Current Progress: 100 % - Solving linear system
 210      0.0026     1.2e+11   0.0010000      0.0025  594  210  803
---------- Current Progress: 100 % - Assembling matrices
Memory: 955/1062 1080/1123
---------- Current Progress: 100 % - Matrix factorization
Memory: 902/1062 1084/1123
---------- Current Progress: 100 % - Solving linear system
Memory: 955/1062 1080/1123
---------- Current Progress: 100 % - Assembling matrices
Memory: 956/1062 1081/1123
 211      0.0067     1.2e+11   0.0010000      0.0067  597  211  807
---------- Current Progress: 100 % - Matrix factorization
Memory: 938/1062 1084/1123
---------- Current Progress: 100 % - Assembling matrices
Memory: 956/1062 1081/1123
---------- Current Progress: 100 % - Solving linear system
Memory: 955/1062 1084/1123
 212      0.0019     1.2e+11   0.0010000      0.0019  602  212  813
---------- Current Progress: 100 % - Assembling matrices
Memory: 955/1062 1080/1123
---------- Current Progress: 100 % - Matrix factorization
Memory: 907/1062 1084/1123
---------- Current Progress: 100 % - Solving linear system
Memory: 955/1062 1080/1123
---------- Current Progress: 100 % - Assembling matrices
Memory: 957/1062 1081/1123
 213      0.0015     1.2e+11   0.0010000      0.0015  607  213  819
---------- Current Progress: 100 % - Constraint handling
Memory: 967/1062 1091/1123
---------- Current Progress: 100 % - Matrix factorization
Memory: 940/1062 1084/1123
---------- Current Progress: 100 % - Assembling matrices
Memory: 957/1062 1081/1123
---------- Current Progress: 100 % - Solving linear system
---------- Current Progress: 100 % - Assembling matrices
Memory: 955/1062 1079/1123
 214      0.0014     1.2e+11   0.0010000      0.0014  613  214  826
---------- Current Progress: 100 % - Matrix factorization
Memory: 939/1062 1084/1123
---------- Current Progress: 100 % - Assembling matrices
Memory: 957/1062 1081/1123
---------- Current Progress: 100 % - Solving linear system
 215     0.00064     1.2e+11   0.0010000     0.00064  619  215  833
---------- Current Progress: 100 % - Assembling matrices
Memory: 956/1062 1080/1123
---------- Current Progress: 100 % - Matrix factorization
Memory: 930/1062 1084/1123
---------- Current Progress: 100 % - Assembling matrices
Memory: 957/1062 1081/1123
 216       0.046     1.2e+11   0.0001000       0.046  620  216  835
---------- Current Progress: 100 % - Matrix factorization
Memory: 937/1062 1084/1123
---------- Current Progress: 100 % - Assembling matrices
Memory: 957/1062 1081/1123
---------- Current Progress: 100 % - Solving linear system
Memory: 953/1062 1077/1123
 217      0.0015     1.2e+11   0.0010000      0.0015  624  217  840
---------- Current Progress: 100 % - Assembling matrices
Memory: 956/1062 1080/1123
---------- Current Progress: 100 % - Matrix factorization
Memory: 902/1062 1084/1123
---------- Current Progress: 100 % - Solving linear system
Memory: 956/1062 1080/1123
 218      0.0016     1.2e+11   0.0004631      0.0016  625  218  842
---------- Current Progress: 100 % - Assembling matrices
---------- Current Progress: 100 % - Matrix factorization
Memory: 920/1062 1084/1123
---------- Current Progress: 100 % - Assembling matrices
Memory: 958/1062 1081/1123
 219      0.0087     1.2e+11   0.0001000      0.0087  626  219  844
---------- Current Progress: 100 % - Matrix factorization
Memory: 938/1062 1084/1123
---------- Current Progress: 100 % - Assembling matrices
Memory: 958/1062 1081/1123
---------- Current Progress: 100 % - Solving linear system
 220     0.00059     1.2e+11   0.0010000     0.00059  631  220  850
---------- Current Progress: 100 % - Assembling matrices
Memory: 957/1062 1080/1123
---------- Current Progress: 100 % - Matrix factorization
Memory: 916/1062 1084/1123
---------- Current Progress: 100 % - Assembling matrices
Memory: 956/1062 1080/1123
 221      0.0015     1.2e+11   0.0010000      0.0015  634  221  854
---------- Current Progress: 100 % - Matrix factorization
Memory: 952/1062 1075/1123
---------- Current Progress: 100 % - Assembling matrices
Memory: 958/1062 1081/1123
---------- Current Progress: 100 % - Solving linear system
 222      0.0011     1.2e+11   0.0010000      0.0011  640  222  861
---------- Current Progress: 100 % - Assembling matrices
Memory: 957/1062 1080/1123
---------- Current Progress: 100 % - Constraint handling
Memory: 957/1062 1090/1123
---------- Current Progress: 100 % - Matrix factorization
Memory: 944/1062 1084/1123
---------- Current Progress: 100 % - Assembling matrices
Memory: 958/1062 1081/1123
---------- Current Progress: 100 % - Solving linear system
 223     0.00072     1.2e+11   0.0010000     0.00072  646  223  868
---------- Current Progress: 100 % - Assembling matrices
Memory: 957/1062 1080/1123
---------- Current Progress: 100 % - Matrix factorization
Memory: 924/1062 1084/1123
---------- Current Progress: 100 % - Assembling matrices
Memory: 958/1062 1081/1123
 224       0.032     1.2e+11   0.0001000       0.032  647  224  870
---------- Current Progress: 100 % - Matrix factorization
Memory: 923/1062 1074/1123
---------- Current Progress: 100 % - Assembling matrices
Memory: 958/1062 1081/1123
---------- Current Progress: 100 % - Solving linear system
 225     0.00057     1.2e+11   0.0010000     0.00057  652  225  876
---------- Current Progress: 100 % - Assembling matrices
Memory: 957/1062 1080/1123
---------- Current Progress: 100 % - Matrix factorization
Memory: 928/1062 1084/1123
---------- Current Progress: 100 % - Assembling matrices
Memory: 958/1062 1081/1123
 226      0.0026     1.2e+11   0.0001000      0.0026  653  226  878
---------- Current Progress: 100 % - Constraint handling
Memory: 960/1062 1082/1123
---------- Current Progress: 100 % - Matrix factorization
Memory: 941/1062 1084/1123
---------- Current Progress: 100 % - Assembling matrices
Memory: 958/1062 1081/1123
 227      0.0019     1.2e+11   0.0010000      0.0019  655  227  881
---------- Current Progress: 100 % - Matrix factorization
Memory: 892/1062 1084/1123
---------- Current Progress: 100 % - Solving linear system
Memory: 958/1062 1081/1123
---------- Current Progress: 100 % - Assembling matrices
 228      0.0017     1.2e+11   0.0010000      0.0017  661  228  888
---------- Current Progress: 100 % - Matrix factorization
Memory: 937/1062 1084/1123
---------- Current Progress: 100 % - Assembling matrices
Memory: 958/1062 1081/1123
 229       0.001     1.2e+11   0.0010812       0.001  662  229  890
---------- Current Progress: 100 % - Matrix factorization
Memory: 882/1062 983/1123
---------- Current Progress: 100 % - Assembling matrices
Memory: 958/1062 1081/1123
 230      0.0011     1.2e+11   0.0108116      0.0011  663  230  892
---------- Current Progress: 100 % - Matrix factorization
Memory: 894/1062 1084/1123
---------- Current Progress: 100 % - Solving linear system
Memory: 957/1062 1080/1123
---------- Current Progress: 100 % - Assembling matrices
Memory: 958/1062 1081/1123
 231      0.0013     1.2e+11   0.0010000      0.0013  668  231  898
---------- Current Progress: 100 % - Matrix factorization
Memory: 904/1062 1084/1123
---------- Current Progress: 100 % - Solving linear system
Memory: 957/1062 1080/1123
 232      0.0026     1.2e+11   0.0010000      0.0026  671  232  902
---------- Current Progress: 100 % - Assembling matrices
---------- Current Progress: 100 % - Matrix factorization
Memory: 927/1062 1084/1123
---------- Current Progress: 100 % - Assembling matrices
Memory: 958/1062 1081/1123
 233      0.0012     1.2e+11   0.0015804      0.0012  672  233  904
---------- Current Progress: 100 % - Matrix factorization
Memory: 937/1062 1084/1123
---------- Current Progress: 100 % - Assembling matrices
Memory: 958/1062 1081/1123
 234      0.0037     1.2e+11   0.0010000      0.0036  675  234  908
---------- Current Progress: 100 % - Matrix factorization
Memory: 898/1062 1084/1123
---------- Current Progress: 100 % - Solving linear system
Memory: 957/1062 1080/1123
---------- Current Progress: 100 % - Assembling matrices
Memory: 958/1062 1081/1123
 235      0.0042     1.2e+11   0.0010000      0.0041  680  235  914
---------- Current Progress: 100 % - Matrix factorization
Memory: 952/1062 1075/1123
---------- Current Progress: 100 % - Assembling matrices
Memory: 958/1062 1081/1123
---------- Current Progress: 100 % - Solving linear system
 236      0.0031     1.2e+11   0.0010000      0.0031  685  236  920
---------- Current Progress: 100 % - Assembling matrices
Memory: 957/1062 1080/1123
---------- Current Progress: 100 % - Matrix factorization
Memory: 932/1062 1084/1123
---------- Current Progress: 100 % - Assembling matrices
Memory: 958/1062 1081/1123
 237      0.0088     1.2e+11   0.0010000      0.0088  688  237  924
---------- Current Progress: 100 % - Matrix factorization
Memory: 898/1062 1084/1123
---------- Current Progress: 100 % - Solving linear system
Memory: 955/1062 1080/1123
---------- Current Progress: 100 % - Assembling matrices
Memory: 955/1062 1078/1123
 238      0.0031     1.2e+11   0.0010000      0.0031  693  238  930
---------- Current Progress: 100 % - Matrix factorization
Memory: 929/1062 1084/1123
---------- Current Progress: 100 % - Assembling matrices
Memory: 958/1062 1081/1123
 239      0.0025     1.2e+11   0.0007123      0.0025  694  239  932
---------- Current Progress: 100 % - Constraint handling
Memory: 953/1062 1090/1123
---------- Current Progress: 100 % - Matrix factorization
Memory: 947/1062 1084/1123
---------- Current Progress: 100 % - Assembling matrices
Memory: 958/1062 1081/1123
 240      0.0056     1.2e+11   0.0002404      0.0056  695  240  934
---------- Current Progress: 100 % - Matrix factorization
Memory: 891/1062 1084/1123
---------- Current Progress: 100 % - Assembling matrices
Memory: 958/1062 1081/1123
 241       0.003     1.2e+11   0.0010000       0.003  698  241  938
---------- Current Progress: 100 % - Matrix factorization
Memory: 879/1062 1011/1123
---------- Current Progress: 100 % - Assembling matrices
Memory: 958/1062 1081/1123
---------- Current Progress: 100 % - Solving linear system
 242     0.00099     1.2e+11   0.0010000     0.00099  704  242  945
---------- Current Progress: 100 % - Assembling matrices
Memory: 957/1062 1080/1123
---------- Current Progress: 100 % - Matrix factorization
Memory: 916/1062 1084/1123
---------- Current Progress: 100 % - Assembling matrices
Memory: 958/1062 1081/1123
 243      0.0019     1.2e+11   0.0010000      0.0019  708  243  950
---------- Current Progress: 100 % - Matrix factorization
Memory: 931/1062 1074/1123
---------- Current Progress: 100 % - Assembling matrices
Memory: 958/1062 1081/1123
 244      0.0015     1.2e+11   0.0006708      0.0015  709  244  952
---------- Current Progress: 100 % - Matrix factorization
Memory: 894/1062 1084/1123
---------- Current Progress: 100 % - Solving linear system
Memory: 957/1062 1080/1123
 245      0.0056     1.2e+11   0.0010000      0.0056  711  245  955
---------- Current Progress: 100 % - Assembling matrices
---------- Current Progress: 100 % - Matrix factorization
Memory: 914/1062 1084/1123
---------- Current Progress: 100 % - Assembling matrices
Memory: 956/1062 1079/1123
 246      0.0076     1.2e+11   0.0003095      0.0076  712  246  957
---------- Current Progress: 100 % - Solving linear system
Memory: 955/1062 1079/1123
---------- Current Progress: 100 % - Assembling matrices
Memory: 957/1062 1080/1123
---------- Current Progress: 100 % - Matrix factorization
Memory: 931/1062 1084/1123
---------- Current Progress: 100 % - Assembling matrices
Memory: 958/1062 1081/1123
---------- Current Progress: 100 % - Solving linear system
 247       0.001     1.2e+11   0.0010000       0.001  717  247  963
---------- Current Progress: 100 % - Assembling matrices
Memory: 957/1062 1080/1123
---------- Current Progress: 100 % - Matrix factorization
Memory: 904/1062 1084/1123
---------- Current Progress: 100 % - Solving linear system
Memory: 957/1062 1080/1123
 248     0.00093     1.2e+11   0.0005609     0.00094  718  248  965
---------- Current Progress: 100 % - Assembling matrices
---------- Current Progress: 100 % - Matrix factorization
Memory: 909/1062 1084/1123
---------- Current Progress: 100 % - Solving linear system
Memory: 957/1062 1080/1123
---------- Current Progress: 100 % - Assembling matrices
Memory: 958/1062 1081/1123
 249      0.0013     1.2e+11   0.0010000      0.0013  721  249  969
---------- Current Progress: 100 % - Matrix factorization
Memory: 935/1062 1084/1123
---------- Current Progress: 100 % - Assembling matrices
Memory: 958/1062 1081/1123
 250      0.0029     1.2e+11   0.0010000      0.0029  724  250  973
---------- Current Progress: 100 % - Solving linear system
Memory: 951/1062 1074/1123
---------- Current Progress: 100 % - Assembling matrices
Memory: 957/1062 1080/1123
---------- Current Progress: 100 % - Matrix factorization
Memory: 923/1062 1084/1123
---------- Current Progress: 100 % - Assembling matrices
Memory: 958/1062 1081/1123
 251      0.0045     1.2e+11   0.0002559      0.0045  725  251  975
---------- Current Progress: 100 % - Assembling sparsity pattern
Memory: 937/1062 1060/1123
---------- Current Progress: 100 % - Assembling matrices
Memory: 957/1062 1080/1123
---------- Current Progress: 100 % - Matrix factorization
Memory: 931/1062 1084/1123
---------- Current Progress: 100 % - Assembling matrices
Memory: 958/1062 1081/1123
---------- Current Progress: 100 % - Solving linear system
Memory: 957/1062 1084/1123
 252      0.0014     1.2e+11   0.0010000      0.0014  729  252  980
---------- Current Progress: 100 % - Assembling matrices
Memory: 957/1062 1080/1123
---------- Current Progress: 100 % - Matrix factorization
Memory: 913/1062 1084/1123
---------- Current Progress: 100 % - Assembling matrices
Memory: 955/1062 1078/1123
 253     0.00055     1.2e+11   0.0010000     0.00055  735  253  987
---------- Current Progress: 100 % - Matrix factorization
Memory: 894/1062 1084/1123
---------- Current Progress: 100 % - Solving linear system
Memory: 958/1062 1081/1123
 254      0.0012     1.2e+11   0.0010000      0.0012  739  254  992
---------- Current Progress: 100 % - Assembling matrices
Memory: 957/1062 1080/1123
---------- Current Progress: 100 % - Matrix factorization
Memory: 930/1062 1084/1123
---------- Current Progress: 100 % - Assembling matrices
Memory: 958/1062 1081/1123
 255      0.0027     1.2e+11   0.0010000      0.0027  742  255  996
---------- Current Progress: 100 % - Matrix factorization
Memory: 896/1062 1084/1123
---------- Current Progress: 100 % - Solving linear system
Memory: 956/1062 1083/1123
---------- Current Progress: 100 % - Assembling matrices
Memory: 958/1062 1081/1123
 256     0.00081     1.2e+11   0.0010000     0.00081  748  256 1003
---------- Current Progress: 100 % - Constraint handling
Memory: 961/1062 1090/1123
---------- Current Progress: 100 % - Matrix factorization
Memory: 940/1062 1084/1123
---------- Current Progress: 100 % - Assembling matrices
Memory: 958/1062 1081/1123
---------- Current Progress: 100 % - Solving linear system
 257      0.0024     1.2e+11   0.0010000      0.0024  751  257 1007
---------- Current Progress: 100 % - Assembling matrices
Memory: 957/1062 1080/1123
---------- Current Progress: 100 % - Matrix factorization
Memory: 911/1062 1084/1123
---------- Current Progress: 100 % - Solving linear system
Memory: 957/1062 1080/1123
---------- Current Progress: 100 % - Assembling matrices
Memory: 959/1062 1081/1123
---------- Current Progress: 100 % - Solving linear system
Memory: 958/1062 1081/1123
 258      0.0037     1.2e+11   0.0010000      0.0037  755  258 1012
---------- Current Progress: 100 % - Assembling matrices
Memory: 957/1062 1080/1123
---------- Current Progress: 100 % - Matrix factorization
Memory: 899/1062 1084/1123
---------- Current Progress: 100 % - Solving linear system
Memory: 958/1062 1080/1123
---------- Current Progress: 100 % - Assembling matrices
Memory: 957/1062 1079/1123
 259      0.0019     1.2e+11   0.0010000      0.0019  760  259 1018
---------- Current Progress: 100 % - Matrix factorization
Memory: 952/1062 1074/1123
---------- Current Progress: 100 % - Assembling matrices
Memory: 959/1062 1081/1123
---------- Current Progress: 100 % - Solving linear system
 260      0.0041     1.2e+11   0.0010000       0.004  763  260 1022
---------- Current Progress: 100 % - Assembling matrices
Memory: 958/1062 1080/1123
---------- Current Progress: 100 % - Matrix factorization
Memory: 909/1062 1084/1123
---------- Current Progress: 100 % - Solving linear system
Memory: 958/1062 1080/1123
---------- Current Progress: 100 % - Assembling matrices
Memory: 956/1062 1078/1123
 261      0.0024     1.2e+11   0.0010000      0.0024  768  261 1028
---------- Current Progress: 100 % - Matrix factorization
Memory: 883/1062 983/1123
---------- Current Progress: 100 % - Assembling matrices
Memory: 959/1062 1081/1123
 262      0.0016     1.2e+11   0.0008744      0.0016  769  262 1030
---------- Current Progress: 100 % - Matrix factorization
Memory: 894/1062 1084/1123
---------- Current Progress: 100 % - Solving linear system
Memory: 960/1062 1081/1123
 263      0.0023     1.2e+11   0.0015328      0.0023  770  263 1032
---------- Current Progress: 100 % - Assembling matrices
Memory: 958/1062 1080/1123
---------- Current Progress: 100 % - Matrix factorization
Memory: 903/1062 1084/1123
---------- Current Progress: 100 % - Solving linear system
Memory: 959/1062 1080/1123
 264       0.006     1.2e+11   0.0010000      0.0059  773  264 1036
---------- Current Progress: 100 % - Assembling matrices
---------- Current Progress: 100 % - Matrix factorization
Memory: 916/1062 1084/1123
---------- Current Progress: 100 % - Solving linear system
Memory: 959/1062 1080/1123
---------- Current Progress: 100 % - Assembling matrices
Memory: 960/1062 1081/1123
 265     0.00083     1.1e+11   0.0010000     0.00083  779  265 1043
---------- Current Progress: 100 % - Matrix factorization
Memory: 894/1062 1084/1123
---------- Current Progress: 100 % - Solving linear system
Memory: 960/1062 1081/1123
 266      0.0017     1.1e+11   0.0010000      0.0017  783  266 1048
---------- Current Progress: 100 % - Assembling matrices
Memory: 959/1062 1080/1123
---------- Current Progress: 100 % - Matrix factorization
Memory: 926/1062 1084/1123
---------- Current Progress: 100 % - Solving linear system
Memory: 959/1062 1080/1123
 267      0.0011     1.1e+11   0.0010000      0.0011  788  267 1054
---------- Current Progress: 100 % - Assembling matrices
---------- Current Progress: 100 % - Matrix factorization
Memory: 937/1062 1084/1123
---------- Current Progress: 100 % - Assembling matrices
Memory: 960/1062 1081/1123
 268      0.0063     1.1e+11   0.0001000      0.0063  789  268 1056
---------- Current Progress: 100 % - Matrix factorization
Memory: 884/1062 983/1123
---------- Current Progress: 100 % - Assembling matrices
Memory: 960/1062 1081/1123
---------- Current Progress: 100 % - Solving linear system
Memory: 958/1062 1080/1123
 269     0.00064     1.1e+11   0.0010000     0.00064  794  269 1062
---------- Current Progress: 100 % - Assembling matrices
Memory: 959/1062 1080/1123
---------- Current Progress: 100 % - Matrix factorization
Memory: 926/1062 1084/1123
---------- Current Progress: 100 % - Assembling matrices
Memory: 960/1062 1081/1123
 270      0.0025     1.1e+11   0.0001000      0.0025  795  270 1064
---------- Current Progress: 100 % - Matrix factorization
Memory: 955/1062 1076/1123
---------- Current Progress: 100 % - Assembling matrices
Memory: 960/1062 1081/1123
 271      0.0018     1.1e+11   0.0010000      0.0018  797  271 1067
---------- Current Progress: 100 % - Matrix factorization
Memory: 915/1062 1084/1123
---------- Current Progress: 100 % - Assembling matrices
Memory: 957/1062 1078/1123
 272      0.0057     1.1e+11   0.0001000      0.0057  798  272 1069
---------- Current Progress: 100 % - Matrix factorization
Memory: 930/1062 1084/1123
---------- Current Progress: 100 % - Assembling matrices
Memory: 961/1062 1081/1123
 273       0.001     1.1e+11   0.0010000       0.001  802  273 1074
---------- Current Progress: 100 % - Matrix factorization
Memory: 893/1062 1084/1123
---------- Current Progress: 100 % - Solving linear system
Memory: 961/1062 1081/1123
 274      0.0028     1.1e+11   0.0010000      0.0028  805  274 1078
---------- Current Progress: 100 % - Assembling matrices
Memory: 959/1062 1080/1123
---------- Current Progress: 100 % - Matrix factorization
Memory: 922/1062 1084/1123
---------- Current Progress: 100 % - Assembling matrices
Memory: 961/1062 1081/1123
 275      0.0019     1.1e+11   0.0008669      0.0019  806  275 1080
---------- Current Progress: 100 % - Matrix factorization
Memory: 937/1062 1084/1123
---------- Current Progress: 100 % - Assembling matrices
Memory: 961/1062 1081/1123
---------- Current Progress: 100 % - Solving linear system
Memory: 957/1062 1077/1123
 276      0.0041     1.1e+11   0.0010000      0.0041  809  276 1084
---------- Current Progress: 100 % - Assembling matrices
Memory: 960/1062 1080/1123
---------- Current Progress: 100 % - Matrix factorization
Memory: 885/1062 983/1123
---------- Current Progress: 100 % - Assembling matrices
Memory: 961/1062 1081/1123
 277      0.0012     1.1e+11   0.0027492      0.0012  810  277 1086
---------- Current Progress: 100 % - Constraint handling
Memory: 963/1062 1090/1123
---------- Current Progress: 100 % - Matrix factorization
Memory: 942/1062 1084/1123
---------- Current Progress: 100 % - Assembling matrices
Memory: 961/1062 1081/1123
 278      0.0014     1.1e+11   0.0010000      0.0014  814  278 1091
---------- Current Progress: 100 % - Matrix factorization
Memory: 899/1062 1084/1123
---------- Current Progress: 100 % - Solving linear system
Memory: 959/1062 1083/1123
---------- Current Progress: 100 % - Assembling matrices
Memory: 961/1062 1081/1123
 279     0.00063     1.1e+11   0.0010000     0.00063  820  279 1098
---------- Current Progress: 100 % - Matrix factorization
Memory: 886/1062 1054/1123
---------- Current Progress: 100 % - Assembling matrices
Memory: 961/1062 1081/1123
---------- Current Progress: 100 % - Solving linear system
 280      0.0025     1.1e+11   0.0010000      0.0025  822  280 1101
---------- Current Progress: 100 % - Assembling matrices
Memory: 960/1062 1080/1123
---------- Current Progress: 100 % - Matrix factorization
Memory: 911/1062 1084/1123
---------- Current Progress: 100 % - Solving linear system
Memory: 961/1062 1080/1123
 281      0.0063     1.1e+11   0.0001132      0.0063  823  281 1103
---------- Current Progress: 100 % - Assembling matrices
Memory: 960/1062 1080/1123
---------- Current Progress: 100 % - Matrix factorization
Memory: 926/1062 1084/1123
---------- Current Progress: 100 % - Assembling matrices
Memory: 962/1062 1081/1123
 282      0.0036     1.1e+11   0.0010000      0.0035  826  282 1107
---------- Current Progress: 100 % - Matrix factorization
Memory: 893/1062 1054/1123
---------- Current Progress: 100 % - Solving linear system
Memory: 960/1062 1080/1123
 283      0.0015     1.1e+11   0.0010000      0.0015  831  283 1113
---------- Current Progress: 100 % - Assembling matrices
Memory: 961/1062 1080/1123
---------- Current Progress: 100 % - Matrix factorization
Memory: 929/1062 1084/1123
---------- Current Progress: 100 % - Assembling matrices
Memory: 962/1062 1081/1123
 284      0.0022     1.1e+11   0.0002813      0.0022  832  284 1115
---------- Current Progress: 100 % - Constraint handling
Memory: 955/1062 1074/1123
---------- Current Progress: 100 % - Matrix factorization
Memory: 945/1062 1084/1123
---------- Current Progress: 100 % - Assembling matrices
Memory: 962/1062 1081/1123
---------- Current Progress: 100 % - Solving linear system
 285       0.001     1.1e+11   0.0010000       0.001  836  285 1120
---------- Current Progress: 100 % - Assembling matrices
Memory: 961/1062 1080/1123
---------- Current Progress: 100 % - Matrix factorization
Memory: 915/1062 1084/1123
---------- Current Progress: 100 % - Assembling matrices
Memory: 963/1062 1081/1123
 286      0.0015     1.1e+11   0.0010000      0.0015  840  286 1125
---------- Current Progress: 100 % - Matrix factorization
Memory: 912/1062 1084/1123
---------- Current Progress: 100 % - Solving linear system
Memory: 962/1062 1080/1123
 287      0.0015     1.1e+11   0.0005064      0.0015  841  287 1127
---------- Current Progress: 100 % - Assembling matrices
---------- Current Progress: 100 % - Matrix factorization
Memory: 926/1062 1084/1123
---------- Current Progress: 100 % - Assembling matrices
Memory: 963/1062 1081/1123
 288      0.0054     1.1e+11   0.0010000      0.0054  843  288 1130
---------- Current Progress: 100 % - Matrix factorization
Memory: 958/1062 1076/1123
---------- Current Progress: 100 % - Assembling matrices
Memory: 963/1062 1081/1123
---------- Current Progress: 100 % - Solving linear system
---------- Current Progress: 100 % - Assembling matrices
 289      0.0022     1.1e+11   0.0010000      0.0022  848  289 1136
---------- Current Progress: 100 % - Solving linear system
Memory: 956/1062 1076/1123
---------- Current Progress: 100 % - Assembling matrices
Memory: 962/1062 1080/1123
---------- Current Progress: 100 % - Matrix factorization
Memory: 938/1062 1084/1123
---------- Current Progress: 100 % - Assembling matrices
Memory: 963/1062 1081/1123
 290       0.008     1.1e+11   0.0010000       0.008  851  290 1140
---------- Current Progress: 100 % - Matrix factorization
Memory: 901/1062 1084/1123
---------- Current Progress: 100 % - Solving linear system
Memory: 962/1062 1080/1123
 291        0.18     1.1e+11   0.0001000        0.18  852  291 1142
---------- Current Progress: 100 % - Assembling matrices
---------- Current Progress: 100 % - Matrix factorization
Memory: 905/1062 1084/1123
---------- Current Progress: 100 % - Solving linear system
Memory: 962/1062 1080/1123
 292       0.004     1.1e+11   0.0010000       0.004  853  292 1144
---------- Current Progress: 100 % - Assembling matrices
---------- Current Progress: 100 % - Matrix factorization
Memory: 921/1062 1084/1123
---------- Current Progress: 100 % - Assembling matrices
Memory: 964/1062 1081/1123
 293      0.0034     1.1e+11   0.0010000      0.0034  856  293 1148
---------- Current Progress: 100 % - Matrix factorization
Memory: 941/1062 1084/1123
---------- Current Progress: 100 % - Assembling matrices
Memory: 964/1062 1081/1123
---------- Current Progress: 100 % - Solving linear system
 294      0.0027     1.1e+11   0.0010000      0.0027  861  294 1154
---------- Current Progress: 100 % - Assembling matrices
Memory: 962/1062 1080/1123
---------- Current Progress: 100 % - Matrix factorization
Memory: 923/1062 1084/1123
---------- Current Progress: 100 % - Solving linear system
Memory: 963/1062 1080/1123
 295      0.0024     1.1e+11   0.0005904      0.0024  862  295 1156
---------- Current Progress: 100 % - Assembling matrices
Memory: 962/1062 1080/1123
---------- Current Progress: 100 % - Matrix factorization
Memory: 907/1062 1084/1123
---------- Current Progress: 100 % - Assembling matrices
Memory: 964/1062 1081/1123
---------- Current Progress: 100 % - Solving linear system
 296     0.00084     1.1e+11   0.0010000     0.00084  867  296 1162
---------- Current Progress: 100 % - Assembling matrices
Memory: 963/1062 1080/1123
---------- Current Progress: 100 % - Matrix factorization
Memory: 920/1062 1084/1123
---------- Current Progress: 100 % - Solving linear system
Memory: 959/1062 1076/1123
 297       0.094     1.1e+11   0.0001000       0.095  868  297 1164
---------- Current Progress: 100 % - Assembling matrices
Memory: 963/1062 1080/1123
---------- Current Progress: 100 % - Matrix factorization
Memory: 928/1062 1084/1123
---------- Current Progress: 100 % - Assembling matrices
Memory: 964/1062 1081/1123
 298     0.00084     1.1e+11   0.0010000     0.00084  872  298 1169
---------- Current Progress: 100 % - Matrix factorization
Memory: 888/1062 983/1123
---------- Current Progress: 100 % - Assembling matrices
Memory: 964/1062 1081/1123
---------- Current Progress: 100 % - Solving linear system
 299      0.0019     1.1e+11   0.0010000      0.0019  875  299 1173
---------- Current Progress: 100 % - Assembling matrices
Memory: 963/1062 1080/1123
---------- Current Progress: 100 % - Matrix factorization
Memory: 909/1062 1084/1123
---------- Current Progress: 100 % - Solving linear system
Memory: 963/1062 1080/1123
 300        0.05     1.1e+11   0.0010000       0.049  877  300 1176
---------- Current Progress: 100 % - Assembling matrices
---------- Current Progress: 100 % - Matrix factorization
Memory: 929/1062 1084/1123
---------- Current Progress: 100 % - Assembling matrices
Memory: 964/1062 1081/1123
 301      0.0013     1.1e+11   0.0010000      0.0013  883  301 1183
---------- Current Progress: 100 % - Assembling sparsity pattern
Memory: 945/1062 1062/1123
---------- Current Progress: 100 % - Assembling matrices
Memory: 963/1062 1080/1123
---------- Current Progress: 100 % - Matrix factorization
Memory: 896/1062 1054/1123
---------- Current Progress: 100 % - Solving linear system
Memory: 960/1062 1077/1123
 302      0.0019     1.1e+11   0.0010000      0.0019  887  302 1188
---------- Current Progress: 100 % - Assembling matrices
Memory: 963/1062 1080/1123
---------- Current Progress: 100 % - Matrix factorization
Memory: 929/1062 1084/1123
---------- Current Progress: 100 % - Assembling matrices
Memory: 964/1062 1081/1123
 303     0.00083     1.1e+11   0.0010000     0.00083  893  303 1195
---------- Current Progress: 100 % - Matrix factorization
Memory: 925/1062 1084/1123
---------- Current Progress: 100 % - Assembling matrices
Memory: 964/1062 1081/1123
 304       0.009     1.1e+11   0.0010000      0.0089  895  304 1198
---------- Current Progress: 100 % - Matrix factorization
Memory: 896/1062 1054/1123
---------- Current Progress: 100 % - Solving linear system
Memory: 964/1062 1081/1123
 305      0.0041     1.1e+11   0.0010000      0.0041  899  305 1203
---------- Current Progress: 100 % - Assembling matrices
Memory: 963/1062 1080/1123
---------- Current Progress: 100 % - Matrix factorization
Memory: 930/1062 1084/1123
---------- Current Progress: 100 % - Assembling matrices
Memory: 964/1062 1081/1123
 306      0.0049     1.1e+11   0.0010000      0.0049  903  306 1208
---------- Current Progress: 100 % - Matrix factorization
Memory: 897/1062 1084/1123
---------- Current Progress: 100 % - Solving linear system
Memory: 960/1062 1077/1123
 307      0.0032     1.1e+11   0.0009182      0.0032  904  307 1210
---------- Current Progress: 100 % - Assembling matrices
Memory: 963/1062 1080/1123
---------- Current Progress: 100 % - Matrix factorization
Memory: 921/1062 1084/1123
---------- Current Progress: 100 % - Assembling matrices
Memory: 964/1062 1081/1123
 308      0.0045     1.1e+11   0.0010000      0.0044  907  308 1214
---------- Current Progress: 100 % - Matrix factorization
Memory: 888/1062 983/1123
---------- Current Progress: 100 % - Assembling matrices
Memory: 964/1062 1081/1123
---------- Current Progress: 100 % - Solving linear system
 309      0.0013     1.1e+11   0.0010000      0.0013  912  309 1220
---------- Current Progress: 100 % - Assembling matrices
Memory: 963/1062 1080/1123
---------- Current Progress: 100 % - Matrix factorization
Memory: 927/1062 1084/1123
---------- Current Progress: 100 % - Assembling matrices
Memory: 965/1062 1081/1123
 310      0.0018     1.1e+11   0.0010000      0.0018  917  310 1226
---------- Current Progress: 100 % - Matrix factorization
Memory: 889/1062 983/1123
---------- Current Progress: 100 % - Assembling matrices
Memory: 965/1062 1081/1123
---------- Current Progress: 100 % - Solving linear system
 311       0.002     1.1e+11   0.0010000       0.002  922  311 1232
---------- Current Progress: 100 % - Assembling matrices
Memory: 964/1062 1080/1123
---------- Current Progress: 100 % - Matrix factorization
Memory: 929/1062 1084/1123
---------- Current Progress: 100 % - Assembling matrices
Memory: 965/1062 1081/1123
---------- Current Progress: 100 % - Solving linear system
 312      0.0026     1.1e+11   0.0010000      0.0026  926  312 1237
---------- Current Progress: 100 % - Assembling matrices
Memory: 964/1062 1080/1123
---------- Current Progress: 100 % - Matrix factorization
Memory: 912/1062 1084/1123
---------- Current Progress: 100 % - Solving linear system
Memory: 964/1062 1080/1123
---------- Current Progress: 100 % - Assembling matrices
Memory: 962/1062 1078/1123
 313     0.00078     1.1e+11   0.0010000     0.00078  932  313 1244
---------- Current Progress: 100 % - Matrix factorization
Memory: 962/1062 1075/1123
---------- Current Progress: 100 % - Assembling matrices
Memory: 991/1062 1082/1123
 314      0.0018     1.1e+11   0.0010000      0.0018  935  314 1248
---------- Current Progress: 100 % - Matrix factorization
Memory: 925/1062 1085/1123
---------- Current Progress: 100 % - Solving linear system
Memory: 989/1062 1085/1123
 315       0.022     1.1e+11   0.0001000       0.022  936  315 1250
---------- Current Progress: 100 % - Assembling matrices
Memory: 990/1062 1081/1123
---------- Current Progress: 100 % - Matrix factorization
Memory: 938/1062 1085/1123
---------- Current Progress: 100 % - Solving linear system
Memory: 990/1062 1081/1123
 316      0.0061     1.1e+11   0.0004999      0.0061  937  316 1252
---------- Current Progress: 100 % - Assembling matrices
---------- Current Progress: 100 % - Matrix factorization
Memory: 958/1062 1085/1123
---------- Current Progress: 100 % - Assembling matrices
Memory: 991/1062 1082/1123
 317      0.0019     1.1e+11   0.0023568      0.0019  938  317 1254
---------- Current Progress: 100 % - Constraint handling
Memory: 995/1062 1092/1123
---------- Current Progress: 100 % - Matrix factorization
Memory: 973/1062 1085/1123
---------- Current Progress: 100 % - Assembling matrices
Memory: 991/1062 1082/1123
---------- Current Progress: 100 % - Solving linear system
 318      0.0032     1.1e+11   0.0010000      0.0032  941  318 1258
---------- Current Progress: 100 % - Assembling matrices
Memory: 990/1062 1081/1123
---------- Current Progress: 100 % - Matrix factorization
Memory: 946/1062 1085/1123
---------- Current Progress: 100 % - Solving linear system
Memory: 990/1062 1081/1123
 319       0.002     1.1e+11   0.0009902       0.002  942  319 1260
---------- Current Progress: 100 % - Assembling matrices
---------- Current Progress: 100 % - Matrix factorization
Memory: 961/1062 1085/1123
---------- Current Progress: 100 % - Assembling matrices
Memory: 991/1062 1082/1123
 320      0.0035     1.1e+11   0.0007540      0.0035  943  320 1262
---------- Current Progress: 100 % - Constraint handling
Memory: 997/1062 1091/1123
---------- Current Progress: 100 % - Matrix factorization
Memory: 981/1062 1085/1123
---------- Current Progress: 100 % - Assembling matrices
Memory: 991/1062 1082/1123
 321      0.0012     1.1e+11   0.0033639      0.0012  944  321 1264
---------- Current Progress: 100 % - Matrix factorization
Memory: 934/1062 1085/1123
---------- Current Progress: 100 % - Solving linear system
Memory: 990/1062 1081/1123
---------- Current Progress: 100 % - Assembling matrices
Memory: 991/1062 1082/1123
 322      0.0015     1.1e+11   0.0010000      0.0015  948  322 1269
---------- Current Progress: 100 % - Solving linear system
Memory: 969/1062 1061/1123
---------- Current Progress: 100 % - Assembling matrices
Memory: 990/1062 1081/1123
---------- Current Progress: 100 % - Matrix factorization
Memory: 923/1062 1055/1123
---------- Current Progress: 100 % - Assembling matrices
Memory: 991/1062 1082/1123
---------- Current Progress: 100 % - Solving linear system
Memory: 987/1062 1078/1123
 323      0.0017     1.1e+11   0.0010000      0.0017  953  323 1275
---------- Current Progress: 100 % - Assembling matrices
Memory: 990/1062 1081/1123
---------- Current Progress: 100 % - Matrix factorization
Memory: 966/1062 1085/1123
---------- Current Progress: 100 % - Assembling matrices
Memory: 991/1062 1082/1123
---------- Current Progress: 100 % - Solving linear system
 324      0.0022     1.1e+11   0.0010000      0.0022  957  324 1280
---------- Current Progress: 100 % - Assembling matrices
Memory: 990/1062 1081/1123
---------- Current Progress: 100 % - Matrix factorization
Memory: 936/1062 1085/1123
---------- Current Progress: 100 % - Solving linear system
Memory: 990/1062 1081/1123
---------- Current Progress: 100 % - Assembling matrices
Memory: 991/1062 1082/1123
 325      0.0019     1.1e+11   0.0010000      0.0019  962  325 1286
---------- Current Progress: 100 % - Matrix factorization
Memory: 915/1062 984/1123
---------- Current Progress: 100 % - Assembling matrices
Memory: 991/1062 1082/1123
---------- Current Progress: 100 % - Solving linear system
Memory: 989/1062 1081/1123
 326       0.054     1.1e+11   0.0010000       0.052  964  326 1289
---------- Current Progress: 100 % - Assembling matrices
Memory: 990/1062 1081/1123
---------- Current Progress: 100 % - Matrix factorization
Memory: 938/1062 1085/1123
---------- Current Progress: 100 % - Solving linear system
Memory: 990/1062 1081/1123
 327      0.0018     1.1e+11   0.0100000      0.0018  965  327 1291
---------- Current Progress: 100 % - Assembling matrices
---------- Current Progress: 100 % - Matrix factorization
Memory: 945/1062 1085/1123
---------- Current Progress: 100 % - Solving linear system
Memory: 984/1062 1076/1123
---------- Current Progress: 100 % - Assembling matrices
Memory: 991/1062 1082/1123
 328      0.0011     1.1e+11   0.0010000      0.0011  971  328 1298
---------- Current Progress: 100 % - Matrix factorization
Memory: 930/1062 1085/1123
---------- Current Progress: 100 % - Solving linear system
Memory: 990/1062 1081/1123
---------- Current Progress: 100 % - Assembling matrices
Memory: 991/1062 1082/1123
 329      0.0013     1.1e+11   0.0010000      0.0013  977  329 1305
---------- Current Progress: 100 % - Matrix factorization
Memory: 915/1062 984/1123
---------- Current Progress: 100 % - Assembling matrices
Memory: 991/1062 1082/1123
---------- Current Progress: 100 % - Solving linear system
---------- Current Progress: 100 % - Assembling matrices
 330       0.001     1.1e+11   0.0010000       0.001  983  330 1312
---------- Current Progress: 100 % - Constraint handling
Memory: 994/1062 1091/1123
---------- Current Progress: 100 % - Matrix factorization
Memory: 977/1062 1085/1123
---------- Current Progress: 100 % - Assembling matrices
Memory: 991/1062 1082/1123
---------- Current Progress: 100 % - Solving linear system
Memory: 989/1062 1081/1123
 331       0.002     1.1e+11   0.0010000       0.002  987  331 1317
---------- Current Progress: 100 % - Assembling matrices
Memory: 990/1062 1081/1123
---------- Current Progress: 100 % - Matrix factorization
Memory: 938/1062 1085/1123
---------- Current Progress: 100 % - Solving linear system
Memory: 990/1062 1081/1123
 332      0.0026     1.1e+11   0.0003291      0.0026  988  332 1319
---------- Current Progress: 100 % - Assembling matrices
---------- Current Progress: 100 % - Matrix factorization
Memory: 950/1062 1085/1123
---------- Current Progress: 100 % - Solving linear system
Memory: 984/1062 1076/1123
 333       0.029     1.1e+11   0.0001000       0.029  989  333 1321
---------- Current Progress: 100 % - Assembling matrices
Memory: 990/1062 1081/1123
---------- Current Progress: 100 % - Matrix factorization
Memory: 969/1062 1085/1123
---------- Current Progress: 100 % - Assembling matrices
Memory: 991/1062 1082/1123
 334      0.0032     1.1e+11   0.0010000      0.0032  990  334 1323
---------- Current Progress: 100 % - Matrix factorization
Memory: 923/1062 1055/1123
---------- Current Progress: 100 % - Assembling matrices
Memory: 991/1062 1082/1123
---------- Current Progress: 100 % - Solving linear system
 335      0.0063     1.1e+11   0.0010000      0.0063  993  335 1327
---------- Current Progress: 100 % - Assembling matrices
Memory: 990/1062 1081/1123
---------- Current Progress: 100 % - Matrix factorization
Memory: 961/1062 1085/1123
---------- Current Progress: 100 % - Assembling matrices
Memory: 991/1062 1082/1123
---------- Current Progress: 100 % - Solving linear system
 336      0.0011     1.1e+11   0.0010000      0.0011  999  336 1334
---------- Current Progress: 100 % - Assembling matrices
Memory: 990/1062 1081/1123
---------- Current Progress: 100 % - Matrix factorization
Memory: 955/1062 1085/1123
---------- Current Progress: 100 % - Assembling matrices
Memory: 991/1062 1082/1123
 337      0.0015     1.1e+11   0.0003073      0.0015 1000  337 1336
---------- Current Progress: 100 % - Matrix factorization
Memory: 972/1062 1085/1123
---------- Current Progress: 100 % - Assembling matrices
Memory: 991/1062 1082/1123
 338      0.0094     1.1e+11   0.0001000      0.0094 1001  338 1338
---------- Current Progress: 100 % - Matrix factorization
Memory: 925/1062 1085/1123
---------- Current Progress: 100 % - Solving linear system
Memory: 991/1062 1082/1123
---------- Current Progress: 100 % - Assembling matrices
 339     0.00049     1.1e+11   0.0010000     0.00049 1006  339 1344
---------- Current Progress: 100 % - Constraint handling
Memory: 984/1062 1075/1123
---------- Current Progress: 100 % - Matrix factorization
Memory: 979/1062 1085/1123
---------- Current Progress: 100 % - Assembling matrices
Memory: 991/1062 1082/1123
 340      0.0086     1.1e+11   0.0001000      0.0086 1007  340 1346
---------- Current Progress: 100 % - Matrix factorization
Memory: 949/1062 1085/1123
---------- Current Progress: 100 % - Assembling matrices
Memory: 991/1062 1082/1123
 341      0.0012     1.1e+11   0.0010000      0.0012 1011  341 1351
---------- Current Progress: 100 % - Matrix factorization
Memory: 928/1062 1085/1123
---------- Current Progress: 100 % - Solving linear system
Memory: 989/1062 1084/1123
---------- Current Progress: 100 % - Assembling matrices
Memory: 991/1062 1082/1123
 342     0.00089     1.1e+11   0.0010000     0.00088 1017  342 1358
---------- Current Progress: 100 % - Constraint handling
Memory: 985/1062 1076/1123
---------- Current Progress: 100 % - Matrix factorization
Memory: 974/1062 1085/1123
---------- Current Progress: 100 % - Assembling matrices
Memory: 991/1062 1082/1123
 343      0.0029     1.1e+11   0.0010000      0.0028 1020  343 1362
---------- Current Progress: 100 % - Matrix factorization
Memory: 937/1062 1085/1123
---------- Current Progress: 100 % - Solving linear system
Memory: 990/1062 1081/1123
---------- Current Progress: 100 % - Assembling matrices
Memory: 989/1062 1080/1123
 344      0.0008     1.1e+11   0.0010000      0.0008 1026  344 1369
---------- Current Progress: 100 % - Matrix factorization
Memory: 976/1062 1075/1123
---------- Current Progress: 100 % - Assembling matrices
Memory: 991/1062 1082/1123
---------- Current Progress: 100 % - Solving linear system
 345      0.0014     1.1e+11   0.0010000      0.0014 1030  345 1374
---------- Current Progress: 100 % - Assembling matrices
Memory: 990/1062 1081/1123
---------- Current Progress: 100 % - Matrix factorization
Memory: 955/1062 1085/1123
---------- Current Progress: 100 % - Assembling matrices
Memory: 991/1062 1082/1123
---------- Current Progress: 100 % - Solving linear system
 346      0.0016     1.1e+11   0.0010000      0.0016 1036  346 1381
---------- Current Progress: 100 % - Assembling matrices
Memory: 990/1062 1081/1123
---------- Current Progress: 100 % - Matrix factorization
Memory: 942/1062 1085/1123
---------- Current Progress: 100 % - Solving linear system
Memory: 990/1062 1081/1123
---------- Current Progress: 100 % - Assembling matrices
Memory: 991/1062 1082/1123
 347      0.0016     1.1e+11   0.0010000      0.0016 1042  347 1388
---------- Current Progress: 100 % - Matrix factorization
Memory: 957/1062 1085/1123
---------- Current Progress: 100 % - Assembling matrices
Memory: 991/1062 1082/1123
 348      0.0014     1.1e+11   0.0006227      0.0014 1043  348 1390
---------- Current Progress: 100 % - Matrix factorization
Memory: 965/1062 1085/1123
---------- Current Progress: 100 % - Assembling matrices
Memory: 991/1062 1082/1123
 349       0.081     1.1e+11   0.0010000       0.077 1045  349 1393
---------- Current Progress: 100 % - Matrix factorization
Memory: 927/1062 1085/1123
---------- Current Progress: 100 % - Solving linear system
Memory: 991/1062 1082/1123
 350       0.037     1.1e+11   0.0010000       0.036 1049  350 1398
---------- Current Progress: 100 % - Assembling matrices
Memory: 990/1062 1081/1123
---------- Current Progress: 100 % - Matrix factorization
Memory: 966/1062 1085/1123
---------- Current Progress: 100 % - Assembling matrices
Memory: 991/1062 1082/1123
 351      0.0019       1e+11   0.0100000       0.002 1050  351 1400
---------- Current Progress: 100 % - Assembling sparsity pattern
Memory: 970/1062 1061/1123
---------- Current Progress: 100 % - Assembling matrices
Memory: 990/1062 1081/1123
---------- Current Progress: 100 % - Matrix factorization
Memory: 985/1062 1076/1123
---------- Current Progress: 100 % - Assembling matrices
Memory: 991/1062 1082/1123
 352     0.00097       1e+11   0.0404535     0.00099 1051  352 1402
---------- Current Progress: 100 % - Matrix factorization
Memory: 937/1062 1085/1123
---------- Current Progress: 100 % - Solving linear system
Memory: 990/1062 1081/1123
 353      0.0021     9.9e+10   0.0147308      0.0022 1052  353 1404
---------- Current Progress: 100 % - Assembling matrices
---------- Current Progress: 100 % - Matrix factorization
Memory: 950/1062 1085/1123
---------- Current Progress: 100 % - Assembling matrices
Memory: 991/1062 1082/1123
 354      0.0042     9.9e+10   0.0010000      0.0041 1056  354 1409
---------- Current Progress: 100 % - Matrix factorization
Memory: 924/1062 1085/1123
---------- Current Progress: 100 % - Solving linear system
Memory: 991/1062 1082/1123
 355      0.0032     9.9e+10   0.0007412      0.0032 1057  355 1411
---------- Current Progress: 100 % - Assembling matrices
Memory: 990/1062 1081/1123
---------- Current Progress: 100 % - Matrix factorization
Memory: 945/1062 1085/1123
---------- Current Progress: 100 % - Solving linear system
Memory: 990/1062 1081/1123
 356      0.0043     9.9e+10   0.0015169      0.0043 1058  356 1413
---------- Current Progress: 100 % - Assembling matrices
---------- Current Progress: 100 % - Matrix factorization
Memory: 963/1062 1085/1123
---------- Current Progress: 100 % - Assembling matrices
Memory: 991/1062 1082/1123
 357       0.062     9.9e+10   0.0001517       0.063 1059  357 1415
---------- Current Progress: 100 % - Matrix factorization
Memory: 984/1062 1075/1123
---------- Current Progress: 100 % - Assembling matrices
Memory: 991/1062 1082/1123
---------- Current Progress: 100 % - Solving linear system
Memory: 989/1062 1081/1123
 358      0.0037     9.9e+10   0.0010000      0.0037 1063  358 1420
---------- Current Progress: 100 % - Assembling matrices
Memory: 990/1062 1081/1123
---------- Current Progress: 100 % - Matrix factorization
Memory: 959/1062 1085/1123
---------- Current Progress: 100 % - Assembling matrices
Memory: 991/1062 1082/1123
---------- Current Progress: 100 % - Solving linear system
 359     0.00086     9.9e+10   0.0010000     0.00086 1069  359 1427
---------- Current Progress: 100 % - Assembling matrices
Memory: 990/1062 1081/1123
---------- Current Progress: 100 % - Matrix factorization
Memory: 929/1062 1085/1123
---------- Current Progress: 100 % - Solving linear system
Memory: 990/1062 1081/1123
---------- Current Progress: 100 % - Assembling matrices
Memory: 991/1062 1082/1123
 360      0.0015     9.8e+10   0.0010000      0.0015 1073  360 1432
---------- Current Progress: 100 % - Matrix factorization
Memory: 966/1062 1085/1123
---------- Current Progress: 100 % - Assembling matrices
Memory: 991/1062 1082/1123
 361      0.0014     9.8e+10   0.0010000      0.0014 1079  361 1439
---------- Current Progress: 100 % - Matrix factorization
Memory: 935/1062 1085/1123
---------- Current Progress: 100 % - Solving linear system
Memory: 990/1062 1081/1123
---------- Current Progress: 100 % - Assembling matrices
Memory: 991/1062 1082/1123
 362      0.0052     9.8e+10   0.0010000      0.0052 1082  362 1443
---------- Current Progress: 100 % - Matrix factorization
Memory: 985/1062 1076/1123
---------- Current Progress: 100 % - Assembling matrices
Memory: 991/1062 1082/1123
---------- Current Progress: 100 % - Solving linear system
 363       0.019     9.8e+10   0.0010000       0.018 1085  363 1447
---------- Current Progress: 100 % - Assembling matrices
Memory: 990/1062 1081/1123
---------- Current Progress: 100 % - Matrix factorization
Memory: 940/1062 1085/1123
---------- Current Progress: 100 % - Solving linear system
Memory: 990/1062 1081/1123
---------- Current Progress: 100 % - Assembling matrices
Memory: 991/1062 1082/1123
 364      0.0034     9.8e+10   0.0010000      0.0034 1090  364 1453
---------- Current Progress: 100 % - Matrix factorization
Memory: 968/1062 1075/1123
---------- Current Progress: 100 % - Assembling matrices
Memory: 991/1062 1082/1123
 365       0.027     9.8e+10   0.0001000       0.027 1091  365 1455
---------- Current Progress: 100 % - Matrix factorization
Memory: 929/1062 1085/1123
---------- Current Progress: 100 % - Solving linear system
Memory: 988/1062 1080/1123
 366      0.0014     9.8e+10   0.0010000      0.0014 1092  366 1457
---------- Current Progress: 100 % - Assembling matrices
Memory: 990/1062 1081/1123
---------- Current Progress: 100 % - Matrix factorization
Memory: 939/1062 1085/1123
---------- Current Progress: 100 % - Assembling matrices
Memory: 991/1062 1082/1123
 367      0.0052     9.8e+10   0.0010000      0.0052 1094  367 1460
---------- Current Progress: 100 % - Matrix factorization
Memory: 915/1062 984/1123
---------- Current Progress: 100 % - Assembling matrices
Memory: 991/1062 1082/1123
---------- Current Progress: 100 % - Solving linear system
 368      0.0082     9.8e+10   0.0010000      0.0081 1098  368 1465
---------- Current Progress: 100 % - Assembling matrices
Memory: 990/1062 1081/1123
---------- Current Progress: 100 % - Matrix factorization
Memory: 956/1062 1085/1123
---------- Current Progress: 100 % - Assembling matrices
Memory: 991/1062 1082/1123
 369      0.0083     9.8e+10   0.0010000      0.0082 1102  369 1470
---------- Current Progress: 100 % - Matrix factorization
Memory: 915/1062 984/1123
---------- Current Progress: 100 % - Assembling matrices
Memory: 991/1062 1082/1123
 370        0.01     9.8e+10   0.0003723        0.01 1103  370 1472
---------- Current Progress: 100 % - Matrix factorization
Memory: 938/1062 1085/1123
---------- Current Progress: 100 % - Solving linear system
Memory: 990/1062 1081/1123
---------- Current Progress: 100 % - Assembling matrices
Memory: 991/1062 1082/1123
 371      0.0023     9.8e+10   0.0010000      0.0023 1107  371 1477
---------- Current Progress: 100 % - Matrix factorization
Memory: 974/1062 1085/1123
---------- Current Progress: 100 % - Assembling matrices
Memory: 991/1062 1082/1123
---------- Current Progress: 100 % - Solving linear system
Memory: 987/1062 1078/1123
 372      0.0029     9.7e+10   0.0010000      0.0029 1112  372 1483
---------- Current Progress: 100 % - Assembling matrices
Memory: 990/1062 1081/1123
---------- Current Progress: 100 % - Matrix factorization
Memory: 947/1062 1085/1123
---------- Current Progress: 100 % - Assembling matrices
Memory: 991/1062 1082/1123
 373      0.0092     9.7e+10   0.0001000      0.0092 1113  373 1485
---------- Current Progress: 100 % - Matrix factorization
Memory: 966/1062 1085/1123
---------- Current Progress: 100 % - Assembling matrices
Memory: 991/1062 1082/1123
 374      0.0034     9.7e+10   0.0004298      0.0034 1114  374 1487
---------- Current Progress: 100 % - Constraint handling
Memory: 996/1062 1092/1123
---------- Current Progress: 100 % - Matrix factorization
Memory: 977/1062 1085/1123
---------- Current Progress: 100 % - Assembling matrices
Memory: 991/1062 1082/1123
 375      0.0015     9.7e+10   0.0017370      0.0015 1115  375 1489
---------- Current Progress: 100 % - Matrix factorization
Memory: 928/1062 1085/1123
---------- Current Progress: 100 % - Solving linear system
Memory: 989/1062 1084/1123
 376      0.0014     9.5e+10   0.0173697      0.0014 1116  376 1491
---------- Current Progress: 100 % - Assembling matrices
Memory: 990/1062 1081/1123
---------- Current Progress: 100 % - Matrix factorization
Memory: 934/1062 1085/1123
---------- Current Progress: 100 % - Assembling matrices
Memory: 991/1062 1082/1123
 377      0.0035     9.5e+10   0.0010000      0.0035 1120  377 1496
---------- Current Progress: 100 % - Matrix factorization
Memory: 926/1062 1085/1123
---------- Current Progress: 100 % - Solving linear system
Memory: 990/1062 1081/1123
---------- Current Progress: 100 % - Assembling matrices
Memory: 991/1062 1082/1123
 378      0.0023     9.5e+10   0.0010000      0.0023 1125  378 1502
---------- Current Progress: 100 % - Matrix factorization
Memory: 972/1062 1085/1123
---------- Current Progress: 100 % - Assembling matrices
Memory: 991/1062 1082/1123
 379      0.0012     9.5e+10   0.0010000      0.0012 1130  379 1508
---------- Current Progress: 100 % - Matrix factorization
Memory: 935/1062 1085/1123
---------- Current Progress: 100 % - Solving linear system
Memory: 990/1062 1081/1123
 380       0.006     9.5e+10   0.0001000       0.006 1131  380 1510
---------- Current Progress: 100 % - Assembling matrices
---------- Current Progress: 100 % - Matrix factorization
Memory: 937/1062 1085/1123
---------- Current Progress: 100 % - Solving linear system
Memory: 990/1062 1081/1123
 381      0.0035     9.5e+10   0.0004129      0.0036 1132  381 1512
---------- Current Progress: 100 % - Assembling matrices
---------- Current Progress: 100 % - Matrix factorization
Memory: 944/1062 1085/1123
---------- Current Progress: 100 % - Solving linear system
Memory: 990/1062 1081/1123
---------- Current Progress: 100 % - Assembling matrices
Memory: 991/1062 1082/1123
 382      0.0039     9.5e+10   0.0010000      0.0039 1135  382 1516
---------- Current Progress: 100 % - Matrix factorization
Memory: 970/1062 1085/1123
---------- Current Progress: 100 % - Assembling matrices
Memory: 991/1062 1082/1123
 383      0.0016     9.5e+10   0.0017943      0.0016 1136  383 1518
---------- Current Progress: 100 % - Matrix factorization
Memory: 923/1062 1055/1123
---------- Current Progress: 100 % - Assembling matrices
Memory: 991/1062 1082/1123
 384      0.0015     9.3e+10   0.0179432      0.0015 1137  384 1520
---------- Current Progress: 100 % - Matrix factorization
Memory: 936/1062 1085/1123
---------- Current Progress: 100 % - Solving linear system
Memory: 990/1062 1081/1123
 385      0.0033     9.3e+10   0.0058870      0.0034 1138  385 1522
---------- Current Progress: 100 % - Assembling matrices
---------- Current Progress: 100 % - Matrix factorization
Memory: 957/1062 1085/1123
---------- Current Progress: 100 % - Assembling matrices
Memory: 991/1062 1082/1123
 386      0.0015     9.3e+10   0.0010000      0.0015 1144  386 1529
---------- Current Progress: 100 % - Matrix factorization
Memory: 947/1062 1085/1123
---------- Current Progress: 100 % - Assembling matrices
Memory: 988/1062 1079/1123
 387      0.0021     9.3e+10   0.0010000      0.0021 1148  387 1534
---------- Current Progress: 100 % - Matrix factorization
Memory: 960/1062 1085/1123
---------- Current Progress: 100 % - Assembling matrices
Memory: 991/1062 1082/1123
 388      0.0016     9.2e+10   0.0007867      0.0016 1149  388 1536
---------- Current Progress: 100 % - 
Memory: 984/1062 1075/1123
---------- Current Progress: 100 % - Matrix factorization
Memory: 975/1062 1085/1123
---------- Current Progress: 100 % - Assembling matrices
Memory: 991/1062 1082/1123
 389      0.0018     9.2e+10   0.0010000      0.0018 1152  389 1540
---------- Current Progress: 100 % - Matrix factorization
Memory: 934/1062 1085/1123
---------- Current Progress: 100 % - Solving linear system
Memory: 990/1062 1081/1123
 390      0.0014     9.2e+10   0.0006905      0.0014 1153  390 1542
---------- Current Progress: 100 % - Assembling matrices
---------- Current Progress: 100 % - Matrix factorization
Memory: 951/1062 1085/1123
---------- Current Progress: 100 % - Assembling matrices
Memory: 991/1062 1082/1123
 391      0.0085     9.2e+10   0.0001000      0.0085 1154  391 1544
---------- Current Progress: 100 % - Matrix factorization
Memory: 978/1062 1085/1123
---------- Current Progress: 100 % - Assembling matrices
Memory: 991/1062 1082/1123
---------- Current Progress: 100 % - Solving linear system
 392      0.0046     9.2e+10   0.0010000      0.0046 1157  392 1548
---------- Current Progress: 100 % - Assembling matrices
Memory: 990/1062 1081/1123
---------- Current Progress: 100 % - Matrix factorization
Memory: 936/1062 1085/1123
---------- Current Progress: 100 % - Solving linear system
Memory: 991/1062 1082/1123
---------- Current Progress: 100 % - Assembling matrices
Memory: 987/1062 1079/1123
 393       0.001     9.2e+10   0.0010000       0.001 1163  393 1555
---------- Current Progress: 100 % - Matrix factorization
Memory: 986/1062 1077/1123
---------- Current Progress: 100 % - Assembling matrices
Memory: 991/1062 1082/1123
---------- Current Progress: 100 % - Solving linear system
 394       0.002     9.2e+10   0.0010000       0.002 1167  394 1560
---------- Current Progress: 100 % - Assembling matrices
Memory: 990/1062 1081/1123
---------- Current Progress: 100 % - Matrix factorization
Memory: 949/1062 1085/1123
---------- Current Progress: 100 % - Assembling matrices
Memory: 988/1062 1079/1123
 395       0.011     9.2e+10   0.0001000       0.011 1168  395 1562
---------- Current Progress: 100 % - Solving linear system
Memory: 984/1062 1075/1123
---------- Current Progress: 100 % - Assembling matrices
Memory: 990/1062 1081/1123
---------- Current Progress: 100 % - Matrix factorization
Memory: 963/1062 1085/1123
---------- Current Progress: 100 % - Assembling matrices
Memory: 988/1062 1080/1123
---------- Current Progress: 100 % - Solving linear system
Memory: 991/1062 1082/1123
 396      0.0017     9.2e+10   0.0007765      0.0017 1169  396 1564
---------- Current Progress: 100 % - Assembling matrices
Memory: 990/1062 1081/1123
---------- Current Progress: 100 % - Matrix factorization
Memory: 932/1062 1085/1123
---------- Current Progress: 100 % - Solving linear system
Memory: 990/1062 1081/1123
---------- Current Progress: 100 % - Assembling matrices
Memory: 988/1062 1079/1123
 397      0.0016     9.2e+10   0.0010000      0.0016 1173  397 1569
---------- Current Progress: 100 % - Matrix factorization
Memory: 970/1062 1085/1123
---------- Current Progress: 100 % - Assembling matrices
Memory: 991/1062 1082/1123
 398      0.0097     9.2e+10   0.0001000      0.0097 1174  398 1571
---------- Current Progress: 100 % - Matrix factorization
Memory: 984/1062 1075/1123
---------- Current Progress: 100 % - Assembling matrices
Memory: 991/1062 1082/1123
 399       0.011     9.2e+10   0.0006150       0.011 1175  399 1573
---------- Current Progress: 100 % - Matrix factorization
Memory: 923/1062 1055/1123
---------- Current Progress: 100 % - Assembling matrices
Memory: 991/1062 1082/1123
---------- Current Progress: 100 % - Solving linear system
 400       0.008     9.2e+10   0.0010000       0.008 1178  400 1577
Solution time: 682 s. (11 minutes, 22 seconds)
Physical memory: 1.03 GB
Virtual memory: 1.09 GB
Ended at Oct 1, 2026, 3:25:37 AM.
----- Stationary Solver 2 in Study 1/Solution 1 (sol1) ------------------------>
VD=0.20 VG=  -4.00: OGOHLANTIRISH - hali ham yaqinlashmadi: The_following_feature_has_encountered_a_problem
<---- Compile Equations: Semiconductor Equilibrium in Study 1/Solution 1 (sol1) -
Started at Oct 1, 2026, 3:25:37 AM.
Geometry shape function: Linear Lagrange
Running on 11th Gen Intel(R) Core(TM) i7-1165G7 at 2.80 GHz.
Using 1 socket with 4 cores in total on WIN-FNSSP1NOF49.
Available memory: 7.97 GB.
           Current Progress:   3 % - Compile Equations: Semiconductor Equilibrium
Memory: 870/1062 933/1123
           Current Progress:   3 % - Creating visualization mesh
Time: 1 s.
Physical memory: 870 MB
Virtual memory: 933 MB
Ended at Oct 1, 2026, 3:25:37 AM.
----- Compile Equations: Semiconductor Equilibrium in Study 1/Solution 1 (sol1) >
<---- Dependent Variables 1 in Study 1/Solution 1 (sol1) -----------------------
Started at Oct 1, 2026, 3:25:37 AM.
           Current Progress:   3 % - Dependent Variables 1
Memory: 874/1062 937/1123
Solution time: 0 s.
Physical memory: 874 MB
Virtual memory: 937 MB
Ended at Oct 1, 2026, 3:25:37 AM.
----- Dependent Variables 1 in Study 1/Solution 1 (sol1) ---------------------->
<---- Stationary Solver 1 in Study 1/Solution 1 (sol1) -------------------------
Started at Oct 1, 2026, 3:25:37 AM.
Nonlinear solver
Number of degrees of freedom solved for: 138873.
           Current Progress:   5 % - Assembling sparsity pattern
Memory: 886/1062 949/1123
           Current Progress:   5 % - Assembling matrices
Memory: 895/1062 959/1123
Nonsymmetric matrix found.
Scales for dependent variables:
Electron solution variable (comp1.Ne): 1e+23
Hole solution variable (comp1.Ph): 2.7e+26
Electric potential (comp1.V): 1.7e+21
Orthonormal null-space function used.
           Current Progress:   5 % - Matrix factorization
Memory: 920/1062 995/1123
Iter      SolEst      ResEst     Damping    Stepsize #Res #Jac #Sol
           Current Progress:   5 % - Assembling matrices
Memory: 957/1062 1038/1123
   1         2.9     3.2e+19   0.0100000           3    2    1    2
           Current Progress:   9 % - Assembling sparsity pattern
Memory: 949/1062 1030/1123
           Current Progress:   9 % - Assembling matrices
Memory: 962/1062 1043/1123
           Current Progress:   9 % - Matrix factorization
Memory: 954/1062 1047/1123
           Current Progress:   9 % - Assembling matrices
Memory: 963/1062 1044/1123
   2         4.2     2.6e+10   0.1000000         4.7    3    2    4
-          Current Progress:  14 % - Assembling sparsity pattern
Memory: 952/1062 1033/1123
-          Current Progress:  14 % - Matrix factorization
Memory: 922/1062 989/1123
-          Current Progress:  14 % - Assembling matrices
Memory: 963/1062 1044/1123
   3          15     5.5e+11   0.2411840          19    4    3    6
-          Current Progress:  14 % - Matrix factorization
Memory: 949/1062 1046/1123
-          Current Progress:  14 % - Solving linear system
Memory: 963/1062 1044/1123
-          Current Progress:  14 % - Assembling matrices
   4          18       7e+11   0.0435558          19    6    4    9
-          Current Progress:  14 % - Matrix factorization
Memory: 913/1062 1010/1123
-          Current Progress:  14 % - Solving linear system
Memory: 937/1062 1007/1123
   5         5.2     9.3e+12   0.1278000         5.4    7    5   11
---        Current Progress:  34 % - Matrix factorization
Memory: 935/1062 1001/1123
---        Current Progress:  34 % - Solving linear system
Memory: 940/1062 1012/1123
   6          25     1.4e+13   0.0127800          25    8    6   13
---        Current Progress:  34 % - Assembling matrices
Memory: 939/1062 1005/1123
---        Current Progress:  34 % - Matrix factorization
Memory: 928/1062 1010/1123
---        Current Progress:  34 % - Assembling matrices
Memory: 942/1062 1008/1123
   7          54     1.5e+13   0.0016217          54    9    7   15
---        Current Progress:  34 % - Matrix factorization
Memory: 924/1062 1010/1123
---        Current Progress:  34 % - Solving linear system
Memory: 942/1062 1008/1123
   8          37     1.9e+13   0.0047110          37   10    8   17
---        Current Progress:  34 % - Assembling matrices
Memory: 939/1062 1005/1123
---        Current Progress:  34 % - Matrix factorization
Memory: 927/1062 1010/1123
---        Current Progress:  34 % - Assembling matrices
Memory: 941/1062 1008/1123
   9          47     2.2e+13   0.0021443          47   11    9   19
---        Current Progress:  34 % - Matrix factorization
Memory: 922/1062 1010/1123
---        Current Progress:  34 % - Solving linear system
Memory: 942/1062 1008/1123
  10          42       3e+13   0.0029629          42   12   10   21
---        Current Progress:  34 % - Matrix factorization
Memory: 915/1062 1010/1123
---        Current Progress:  34 % - Solving linear system
Memory: 942/1062 1008/1123
  11          48     3.8e+13   0.0021075          48   13   11   23
---        Current Progress:  34 % - Matrix factorization
Memory: 912/1062 1010/1123
---        Current Progress:  34 % - Solving linear system
Memory: 943/1062 1009/1123
  12          46     5.7e+13   0.0023764          47   14   12   25
---        Current Progress:  34 % - Constraint handling
Memory: 934/1062 1000/1123
---        Current Progress:  34 % - Matrix factorization
Memory: 935/1062 1010/1123
---        Current Progress:  34 % - Assembling matrices
Memory: 942/1062 1008/1123
  13          49     8.2e+13   0.0020433          49   15   13   27
---        Current Progress:  34 % - Matrix factorization
Memory: 923/1062 1010/1123
---        Current Progress:  34 % - Solving linear system
Memory: 942/1062 1008/1123
  14          49     1.3e+14   0.0021629          49   16   14   29
---        Current Progress:  34 % - Assembling matrices
Memory: 939/1062 1005/1123
---        Current Progress:  34 % - Matrix factorization
Memory: 919/1062 1010/1123
---        Current Progress:  34 % - Solving linear system
Memory: 942/1062 1008/1123
  15          51       2e+14   0.0020203          51   17   15   31
---        Current Progress:  34 % - Matrix factorization
Memory: 916/1062 1010/1123
---        Current Progress:  34 % - Solving linear system
Memory: 942/1062 1008/1123
  16          50     3.3e+14   0.0020854          51   18   16   33
---        Current Progress:  34 % - Matrix factorization
Memory: 907/1062 967/1123
---        Current Progress:  34 % - Solving linear system
Memory: 940/1062 1012/1123
  17          51     5.2e+14   0.0020199          51   19   17   35
---        Current Progress:  34 % - Assembling matrices
Memory: 939/1062 1005/1123
---        Current Progress:  34 % - Matrix factorization
Memory: 932/1062 1010/1123
---        Current Progress:  34 % - Assembling matrices
Memory: 941/1062 1008/1123
  18          51     8.5e+14   0.0020583          51   20   18   37
---        Current Progress:  34 % - Matrix factorization
Memory: 924/1062 1010/1123
---        Current Progress:  34 % - Solving linear system
Memory: 942/1062 1008/1123
  19          51     1.4e+15   0.0020272          52   21   19   39
---        Current Progress:  34 % - Matrix factorization
Memory: 915/1062 1010/1123
---        Current Progress:  34 % - Solving linear system
Memory: 942/1062 1008/1123
  20          51     2.2e+15   0.0020507          51   22   20   41
---        Current Progress:  34 % - Matrix factorization
Memory: 903/1062 953/1123
---        Current Progress:  34 % - Solving linear system
Memory: 943/1062 1009/1123
  21          51     3.6e+15   0.0020363          52   23   21   43
---        Current Progress:  34 % - Constraint handling
---        Current Progress:  34 % - Matrix factorization
Memory: 935/1062 1010/1123
---        Current Progress:  34 % - Solving linear system
Memory: 937/1062 1003/1123
  22          51     5.9e+15   0.0020513          51   24   22   45
---        Current Progress:  34 % - Assembling matrices
Memory: 939/1062 1005/1123
---        Current Progress:  34 % - Matrix factorization
Memory: 928/1062 1010/1123
---        Current Progress:  34 % - Assembling matrices
Memory: 941/1062 1008/1123
  23          51     9.6e+15   0.0020455          51   25   23   47
---        Current Progress:  34 % - Matrix factorization
Memory: 923/1062 1010/1123
---        Current Progress:  34 % - Solving linear system
Memory: 942/1062 1008/1123
  24          51     1.6e+16   0.0020558          51   26   24   49
---        Current Progress:  35 % - Assembling matrices
Memory: 939/1062 1005/1123
---        Current Progress:  35 % - Matrix factorization
Memory: 919/1062 1010/1123
---        Current Progress:  35 % - Solving linear system
Memory: 942/1062 1008/1123
  25          51     2.5e+16   0.0020545          51   27   25   51
---        Current Progress:  35 % - Matrix factorization
Memory: 914/1062 1010/1123
---        Current Progress:  35 % - Solving linear system
Memory: 942/1062 1008/1123
  26          51     4.1e+16   0.0020620          51   28   26   53
---        Current Progress:  36 % - Constraint handling
Memory: 934/1062 1001/1123
---        Current Progress:  36 % - Matrix factorization
Memory: 934/1062 1010/1123
---        Current Progress:  36 % - Solving linear system
Memory: 942/1062 1008/1123
  27          51     6.6e+16   0.0020632          51   29   27   55
---        Current Progress:  36 % - 
Memory: 934/1062 1000/1123
---        Current Progress:  36 % - Matrix factorization
Memory: 932/1062 1010/1123
---        Current Progress:  36 % - Assembling matrices
Memory: 941/1062 1008/1123
  28          51     1.1e+17   0.0020693          51   30   28   57
---        Current Progress:  36 % - Matrix factorization
Memory: 921/1062 1010/1123
---        Current Progress:  36 % - Solving linear system
Memory: 942/1062 1008/1123
  29          51     1.7e+17   0.0020718          51   31   29   59
---        Current Progress:  36 % - Matrix factorization
Memory: 912/1062 1010/1123
---        Current Progress:  36 % - Solving linear system
Memory: 935/1062 1001/1123
  30          51     2.8e+17   0.0020771          51   32   30   61
---        Current Progress:  37 % - Assembling matrices
Memory: 939/1062 1005/1123
---        Current Progress:  37 % - Matrix factorization
Memory: 932/1062 1010/1123
---        Current Progress:  37 % - Assembling matrices
Memory: 942/1062 1008/1123
  31          51     4.5e+17   0.0020804          51   33   31   63
---        Current Progress:  37 % - Matrix factorization
Memory: 925/1062 1010/1123
---        Current Progress:  37 % - Solving linear system
Memory: 942/1062 1008/1123
  32          51     7.4e+17   0.0020852          51   34   32   65
---        Current Progress:  37 % - Assembling matrices
Memory: 939/1062 1005/1123
---        Current Progress:  37 % - Matrix factorization
Memory: 922/1062 1010/1123
---        Current Progress:  37 % - Solving linear system
Memory: 942/1062 1008/1123
  33          51     1.2e+18   0.0020890          51   35   33   67
---        Current Progress:  38 % - Matrix factorization
Memory: 914/1062 1010/1123
---        Current Progress:  38 % - Solving linear system
Memory: 942/1062 1008/1123
  34          51     1.9e+18   0.0020936          51   36   34   69
---        Current Progress:  38 % - Assembling matrices
Memory: 939/1062 1005/1123
---        Current Progress:  38 % - Matrix factorization
Memory: 934/1062 1010/1123
---        Current Progress:  38 % - Assembling matrices
Memory: 942/1062 1008/1123
  35          51     3.1e+18   0.0020976          51   37   35   71
---        Current Progress:  38 % - Matrix factorization
Memory: 925/1062 1010/1123
---        Current Progress:  38 % - Solving linear system
Memory: 942/1062 1008/1123
  36          51     5.1e+18   0.0021021          51   38   36   73
---        Current Progress:  38 % - Assembling matrices
Memory: 939/1062 1005/1123
---        Current Progress:  38 % - Matrix factorization
Memory: 919/1062 1010/1123
---        Current Progress:  38 % - Solving linear system
Memory: 942/1062 1008/1123
  37          51     8.2e+18   0.0021064          51   39   37   75
---        Current Progress:  39 % - Matrix factorization
Memory: 916/1062 1010/1123
---        Current Progress:  39 % - Solving linear system
Memory: 942/1062 1008/1123
  38          50     1.3e+19   0.0021108          51   40   38   77
---        Current Progress:  39 % - Matrix factorization
Memory: 910/1062 1010/1123
---        Current Progress:  39 % - Solving linear system
Memory: 943/1062 1009/1123
  39          50     2.1e+19   0.0021152          50   41   39   79
---        Current Progress:  39 % - Assembling matrices
Memory: 939/1062 1005/1123
---        Current Progress:  39 % - Matrix factorization
Memory: 932/1062 1010/1123
---        Current Progress:  39 % - Assembling matrices
Memory: 941/1062 1008/1123
  40          50     3.5e+19   0.0021196          50   42   40   81
---        Current Progress:  39 % - Matrix factorization
Memory: 927/1062 1010/1123
---        Current Progress:  39 % - Solving linear system
Memory: 942/1062 1008/1123
  41          50     5.6e+19   0.0021241          50   43   41   83
---        Current Progress:  39 % - Assembling matrices
Memory: 939/1062 1005/1123
---        Current Progress:  39 % - Matrix factorization
Memory: 917/1062 1010/1123
---        Current Progress:  39 % - Solving linear system
Memory: 942/1062 1008/1123
  42          50     9.1e+19   0.0021285          50   44   42   85
----       Current Progress:  40 % - Matrix factorization
Memory: 910/1062 1010/1123
----       Current Progress:  40 % - Solving linear system
Memory: 943/1062 1009/1123
  43          50     1.5e+20   0.0021330          50   45   43   87
----       Current Progress:  40 % - Assembling matrices
Memory: 939/1062 1005/1123
----       Current Progress:  40 % - Matrix factorization
Memory: 930/1062 1010/1123
----       Current Progress:  40 % - Assembling matrices
Memory: 941/1062 1008/1123
  44          50     2.4e+20   0.0021375          50   46   44   89
----       Current Progress:  40 % - Matrix factorization
Memory: 924/1062 1010/1123
----       Current Progress:  40 % - Solving linear system
Memory: 942/1062 1008/1123
  45          50     3.9e+20   0.0021421          50   47   45   91
----       Current Progress:  40 % - Matrix factorization
Memory: 916/1062 1010/1123
----       Current Progress:  40 % - Assembling matrices
Memory: 942/1062 1008/1123
  46          50     6.3e+20   0.0021466          50   48   46   93
----       Current Progress:  40 % - Matrix factorization
Memory: 918/1062 1010/1123
----       Current Progress:  40 % - Solving linear system
Memory: 942/1062 1008/1123
  47          50       1e+21   0.0021512          50   49   47   95
----       Current Progress:  41 % - Matrix factorization
Memory: 907/1062 967/1123
----       Current Progress:  41 % - Solving linear system
Memory: 943/1062 1009/1123
  48          50     1.6e+21   0.0021558          50   50   48   97
----       Current Progress:  41 % - Assembling matrices
Memory: 939/1062 1005/1123
----       Current Progress:  41 % - Matrix factorization
Memory: 933/1062 1010/1123
----       Current Progress:  41 % - Assembling matrices
Memory: 942/1062 1008/1123
  49          50     2.7e+21   0.0021605          50   51   49   99
----       Current Progress:  41 % - Matrix factorization
Memory: 928/1062 1010/1123
----       Current Progress:  41 % - Solving linear system
Memory: 934/1062 1000/1123
  50          50     4.3e+21   0.0021652          50   52   50  101
----       Current Progress:  41 % - Assembling matrices
Memory: 939/1062 1005/1123
----       Current Progress:  41 % - Matrix factorization
Memory: 919/1062 1010/1123
----       Current Progress:  41 % - Solving linear system
Memory: 942/1062 1008/1123
  51          50       7e+21   0.0021699          50   53   51  103
----       Current Progress:  41 % - Assembling matrices
Memory: 939/1062 1005/1123
----       Current Progress:  41 % - Matrix factorization
Memory: 919/1062 1010/1123
----       Current Progress:  41 % - Solving linear system
Memory: 942/1062 1008/1123
  52          50     1.1e+22   0.0021747          50   54   52  105
----       Current Progress:  41 % - Matrix factorization
Memory: 914/1062 1010/1123
----       Current Progress:  41 % - Solving linear system
Memory: 943/1062 1009/1123
  53          49     1.8e+22   0.0021797          50   55   53  107
----       Current Progress:  41 % - Matrix factorization
Memory: 903/1062 953/1123
----       Current Progress:  41 % - Solving linear system
Memory: 943/1062 1009/1123
  54          49       3e+22   0.0021848          49   56   54  109
----       Current Progress:  42 % - Assembling matrices
Memory: 939/1062 1005/1123
----       Current Progress:  42 % - Matrix factorization
Memory: 931/1062 1010/1123
----       Current Progress:  42 % - Assembling matrices
Memory: 942/1062 1008/1123
  55          49     4.8e+22   0.0021902          49   57   55  111
----       Current Progress:  42 % - Matrix factorization
Memory: 923/1062 1010/1123
----       Current Progress:  42 % - Solving linear system
Memory: 942/1062 1008/1123
  56          49     7.8e+22   0.0021961          49   58   56  113
----       Current Progress:  42 % - Matrix factorization
Memory: 918/1062 1010/1123
----       Current Progress:  42 % - Solving linear system
Memory: 942/1062 1008/1123
  57          49     1.3e+23   0.0022026          49   59   57  115
----       Current Progress:  42 % - Matrix factorization
Memory: 913/1062 1010/1123
----       Current Progress:  42 % - Solving linear system
Memory: 939/1062 1011/1123
  58          49       2e+23   0.0022103          49   60   58  117
----       Current Progress:  42 % - Matrix factorization
Memory: 906/1062 991/1123
----       Current Progress:  42 % - Solving linear system
Memory: 943/1062 1009/1123
  59          49     3.3e+23   0.0022198          49   61   59  119
----       Current Progress:  43 % - Assembling matrices
Memory: 939/1062 1005/1123
----       Current Progress:  43 % - Matrix factorization
Memory: 930/1062 1010/1123
----       Current Progress:  43 % - Solving linear system
Memory: 942/1062 1008/1123
  60          49     5.4e+23   0.0022322          49   62   60  121
----       Current Progress:  43 % - Assembling matrices
Memory: 939/1062 1005/1123
----       Current Progress:  43 % - Matrix factorization
Memory: 922/1062 1010/1123
----       Current Progress:  43 % - Solving linear system
Memory: 942/1062 1008/1123
  61          49     8.8e+23   0.0022494          49   63   61  123
----       Current Progress:  43 % - Matrix factorization
Memory: 916/1062 1010/1123
----       Current Progress:  43 % - Solving linear system
Memory: 942/1062 1008/1123
  62          48     1.4e+24   0.0022745          48   64   62  125
----       Current Progress:  44 % - Matrix factorization
Memory: 914/1062 1010/1123
----       Current Progress:  44 % - Solving linear system
Memory: 939/1062 1011/1123
  63          48     2.3e+24   0.0023126          48   65   63  127
----       Current Progress:  44 % - Matrix factorization
Memory: 907/1062 967/1123
----       Current Progress:  44 % - Solving linear system
Memory: 943/1062 1009/1123
  64          47     3.8e+24   0.0023723          47   66   64  129
----       Current Progress:  44 % - Assembling matrices
Memory: 939/1062 1005/1123
----       Current Progress:  44 % - Matrix factorization
Memory: 921/1062 1010/1123
----       Current Progress:  44 % - Solving linear system
Memory: 942/1062 1008/1123
  65          47     6.4e+24   0.0024689          47   67   65  131
----       Current Progress:  45 % - Matrix factorization
Memory: 917/1062 1010/1123
----       Current Progress:  45 % - Solving linear system
Memory: 942/1062 1008/1123
  66          45     1.1e+25   0.0026297          45   68   66  133
----       Current Progress:  45 % - Matrix factorization
Memory: 906/1062 967/1123
----       Current Progress:  45 % - Solving linear system
Memory: 943/1062 1009/1123
  67          43     1.9e+25   0.0029077          43   69   67  135
----       Current Progress:  46 % - Assembling matrices
Memory: 939/1062 1005/1123
----       Current Progress:  46 % - Matrix factorization
Memory: 927/1062 1010/1123
----       Current Progress:  46 % - Assembling matrices
Memory: 940/1062 1006/1123
  68          40     3.5e+25   0.0034133          40   70   68  137
----       Current Progress:  46 % - Matrix factorization
Memory: 920/1062 1010/1123
----       Current Progress:  46 % - Solving linear system
Memory: 942/1062 1008/1123
  69          35     6.9e+25   0.0044059          35   71   69  139
----       Current Progress:  47 % - Matrix factorization
Memory: 914/1062 1010/1123
----       Current Progress:  47 % - Solving linear system
Memory: 942/1062 1008/1123
  70          28     1.6e+26   0.0065852          28   72   70  141
----       Current Progress:  47 % - Matrix factorization
Memory: 912/1062 1010/1123
----       Current Progress:  47 % - Solving linear system
Memory: 938/1062 1007/1123
  71          20     4.5e+26   0.0121104          20   73   71  143
----       Current Progress:  47 % - Matrix factorization
Memory: 936/1062 1002/1123
----       Current Progress:  47 % - Solving linear system
Memory: 943/1062 1009/1123
  72          11     1.4e+27   0.0260038          11   74   72  145
----       Current Progress:  48 % - Assembling matrices
Memory: 939/1062 1005/1123
----       Current Progress:  48 % - Matrix factorization
Memory: 931/1062 1010/1123
----       Current Progress:  48 % - Assembling matrices
Memory: 942/1062 1008/1123
  73         6.2     2.2e+27   0.0389382         6.4   75   73  147
----       Current Progress:  48 % - Matrix factorization
Memory: 930/1062 1010/1123
----       Current Progress:  48 % - Assembling matrices
Memory: 942/1062 1008/1123
  74         3.4     3.3e+27   0.0620082         3.6   76   74  149
----       Current Progress:  48 % - Matrix factorization
Memory: 922/1062 1010/1123
----       Current Progress:  48 % - Solving linear system
Memory: 942/1062 1008/1123
  75         2.1       4e+27   0.0779816         2.3   77   75  151
----       Current Progress:  48 % - Matrix factorization
Memory: 919/1062 1010/1123
----       Current Progress:  48 % - Solving linear system
Memory: 942/1062 1008/1123
  76         1.2     5.4e+27   0.1392388         1.4   78   76  153
----       Current Progress:  48 % - Matrix factorization
Memory: 911/1062 1010/1123
----       Current Progress:  48 % - Solving linear system
Memory: 943/1062 1009/1123
  77        0.84     5.8e+27   0.1692184           1   79   77  155
----       Current Progress:  48 % - Assembling matrices
Memory: 939/1062 1005/1123
----       Current Progress:  48 % - Matrix factorization
Memory: 932/1062 1010/1123
----       Current Progress:  48 % - Assembling matrices
Memory: 942/1062 1008/1123
----       Current Progress:  48 % - Solving linear system
Memory: 940/1062 1008/1123
  78        0.74     5.4e+27   0.1182654        0.84   81   78  158
----       Current Progress:  48 % - Assembling matrices
Memory: 939/1062 1005/1123
----       Current Progress:  48 % - Matrix factorization
Memory: 930/1062 1010/1123
----       Current Progress:  48 % - Assembling matrices
Memory: 942/1062 1008/1123
  79        0.71     5.1e+27   0.0796053        0.77   83   79  161
----       Current Progress:  48 % - Matrix factorization
Memory: 927/1062 1010/1123
----       Current Progress:  48 % - Solving linear system
Memory: 939/1062 1004/1123
----       Current Progress:  48 % - Assembling matrices
Memory: 942/1062 1008/1123
  80        0.66     4.6e+27   0.1310707        0.76   85   80  164
----       Current Progress:  48 % - Matrix factorization
Memory: 927/1062 1010/1123
----       Current Progress:  48 % - Solving linear system
Memory: 942/1062 1008/1123
----       Current Progress:  48 % - Assembling matrices
  81        0.66     4.1e+27   0.1830222         0.8   87   81  167
----       Current Progress:  48 % - Matrix factorization
Memory: 926/1062 1010/1123
----       Current Progress:  48 % - Solving linear system
Memory: 942/1062 1008/1123
  82        0.25     8.2e+27   1.0000000          13   88   82  169
----       Current Progress:  49 % - Assembling matrices
Memory: 939/1062 1005/1123
----       Current Progress:  49 % - Matrix factorization
Memory: 929/1062 1010/1123
----       Current Progress:  49 % - Assembling matrices
Memory: 942/1062 1008/1123
  83      0.0023     1.3e+27   1.0000000        0.16   89   83  171
-----      Current Progress:  50 % - Assembling matrices
Memory: 939/1062 1005/1123
-----      Current Progress:  50 % - Matrix factorization
Memory: 923/1062 1010/1123
-----      Current Progress:  50 % - Solving linear system
Memory: 942/1062 1008/1123
  84     0.00027     1.2e+26   1.0000000      0.0033   90   84  173
-----      Current Progress:  50 % - Matrix factorization
Memory: 920/1062 1010/1123
-----      Current Progress:  50 % - Solving linear system
Memory: 942/1062 1008/1123
  85     2.7e-06       1e+24   1.0000000     0.00032   91   85  175
-----      Current Progress:  50 % - Matrix factorization
Memory: 916/1062 1010/1123
-----      Current Progress:  50 % - Solving linear system
Memory: 942/1062 1008/1123
  86     2.1e-10     1.2e+16   1.0000000     2.8e-06   93   86  177
-----      Current Progress:  50 % - Constraint handling
Memory: 856/1062 904/1123
Solution time: 74 s. (1 minute, 14 seconds)
Physical memory: 963 MB
Virtual memory: 1047 MB
Ended at Oct 1, 2026, 3:26:52 AM.
----- Stationary Solver 1 in Study 1/Solution 1 (sol1) ------------------------>
<---- Compile Equations: Stationary in Study 1/Solution 1 (sol1) ---------------
Started at Oct 1, 2026, 3:26:52 AM.
Geometry shape function: Linear Lagrange
-----      Current Progress:  52 % - Compile Equations: Stationary
Memory: 873/1062 923/1123
-----      Current Progress:  52 % - Creating visualization mesh
Time: 1 s.
Physical memory: 873 MB
Virtual memory: 923 MB
Ended at Oct 1, 2026, 3:26:53 AM.
----- Compile Equations: Stationary in Study 1/Solution 1 (sol1) -------------->
<---- Dependent Variables 2 in Study 1/Solution 1 (sol1) -----------------------
Started at Oct 1, 2026, 3:26:53 AM.
Initial values of variables solved for: Solution 1 (sol1), Solution Store 1 (sol2).
Values of variables not solved for: Solution 1 (sol1).
-----      Current Progress:  52 % - Dependent Variables 2
Memory: 879/1062 928/1123
Solution time: 0 s.
Physical memory: 879 MB
Virtual memory: 928 MB
Ended at Oct 1, 2026, 3:26:53 AM.
----- Dependent Variables 2 in Study 1/Solution 1 (sol1) ---------------------->
<---- Stationary Solver 2 in Study 1/Solution 1 (sol1) -------------------------
Started at Oct 1, 2026, 3:26:53 AM.
Nonlinear solver
Number of degrees of freedom solved for: 138873.
-----      Current Progress:  55 % - Assembling matrices
Memory: 892/1062 942/1123
-----      Current Progress:  55 % - Assembling sparsity pattern
Memory: 892/1062 941/1123
-----      Current Progress:  55 % - Assembling matrices
Memory: 922/1062 972/1123
Nonsymmetric matrix found.
Scales for dependent variables:
Electron solution variable (comp1.Ne): 2e+24
Hole solution variable (comp1.Ph): 1.1e+24
Electric potential (comp1.V): 2e+15
Orthonormal null-space function used.
-----      Current Progress:  55 % - Matrix factorization
Memory: 971/1062 1034/1123
Iter      SolEst      ResEst     Damping    Stepsize #Res #Jac #Sol
-----      Current Progress:  55 % - Assembling matrices
Memory: 1033/1062 1106/1123
   1       0.054     2.9e+14   0.0100000       0.055    2    1    2
-----      Current Progress:  59 % - Assembling sparsity pattern
Memory: 1014/1062 1086/1123
-----      Current Progress:  59 % - Assembling matrices
Memory: 1036/1062 1109/1126
-----      Current Progress:  59 % - Constraint handling
Memory: 1046/1062 1119/1126
-----      Current Progress:  59 % - Matrix factorization
Memory: 1024/1062 1113/1126
-----      Current Progress:  59 % - Assembling matrices
Memory: 1036/1062 1109/1126
   2       0.049     4.8e+11   0.1000000       0.055    3    2    4
------     Current Progress:  64 % - Assembling sparsity pattern
Memory: 1017/1062 1089/1126
------     Current Progress:  64 % - Assembling matrices
Memory: 1022/1062 1079/1138
------     Current Progress:  64 % - Matrix factorization
Memory: 993/1062 1083/1138
------     Current Progress:  64 % - Assembling matrices
Memory: 1023/1062 1081/1138
   3       0.013     2.1e+13   0.7390264        0.13    4    3    6
--------   Current Progress:  81 % - Assembling matrices
Memory: 1022/1062 1079/1138
--------   Current Progress:  81 % - Matrix factorization
Memory: 954/1062 1054/1138
--------   Current Progress:  81 % - Assembling matrices
Memory: 1023/1062 1081/1138
   4      0.0031     4.1e+12   1.0000000       0.028    5    4    8
--------   Current Progress:  85 % - Assembling matrices
Memory: 1022/1062 1079/1138
--------   Current Progress:  85 % - Matrix factorization
Memory: 972/1062 1083/1138
--------   Current Progress:  85 % - Solving linear system
Memory: 1022/1062 1080/1138
   5     0.00039     1.8e+10   1.0000000       0.011    6    5   10
---------  Current Progress:  91 % - Assembling matrices
Memory: 1022/1062 1079/1138
---------  Current Progress:  91 % - Matrix factorization
Memory: 990/1062 1083/1138
---------  Current Progress:  91 % - Assembling matrices
Memory: 1023/1062 1081/1138
   6     0.00042     1.8e+10   0.0010000     0.00042   21    6   26
---------  Current Progress:  91 % - Matrix factorization
Memory: 966/1062 1083/1138
---------  Current Progress:  91 % - Solving linear system
Memory: 1022/1062 1080/1138
---------  Current Progress:  91 % - Assembling matrices
Memory: 1020/1062 1078/1138
   7     0.00042     1.8e+10   0.0010000     0.00042   30    7   36
---------  Current Progress:  91 % - Matrix factorization
Memory: 966/1062 1083/1138
---------  Current Progress:  91 % - Solving linear system
Memory: 1022/1062 1080/1138
---------  Current Progress:  91 % - Assembling matrices
Memory: 1021/1062 1079/1138
   8     0.00033     1.8e+10   0.0010000     0.00033   38    8   45
---------  Current Progress:  91 % - Matrix factorization
Memory: 974/1062 1083/1138
---------  Current Progress:  91 % - Solving linear system
Memory: 1022/1062 1080/1138
---------  Current Progress:  91 % - Assembling matrices
Memory: 1023/1062 1081/1138
   9     0.00047     1.8e+10   0.0010000     0.00047   44    9   52
---------  Current Progress:  91 % - Matrix factorization
Memory: 957/1062 1083/1138
---------  Current Progress:  91 % - Solving linear system
Memory: 1022/1062 1080/1138
---------  Current Progress:  91 % - Assembling matrices
Memory: 1020/1062 1078/1138
  10     0.00033     1.8e+10   0.0010000     0.00033   52   10   61
---------  Current Progress:  91 % - Matrix factorization
Memory: 968/1062 1083/1138
---------  Current Progress:  91 % - Solving linear system
Memory: 1022/1062 1080/1138
---------  Current Progress:  91 % - Assembling matrices
Memory: 1023/1062 1081/1138
---------  Current Progress:  91 % - Solving linear system
Memory: 1019/1062 1078/1138
  11     0.00035     1.8e+10   0.0010000     0.00035   61   11   71
---------  Current Progress:  91 % - Assembling matrices
Memory: 1022/1062 1079/1138
---------  Current Progress:  91 % - Matrix factorization
Memory: 1001/1062 1083/1138
---------  Current Progress:  91 % - Assembling matrices
Memory: 1023/1062 1081/1138
---------  Current Progress:  91 % - Solving linear system
---------  Current Progress:  91 % - Assembling matrices
Memory: 1019/1062 1076/1138
  12     0.00037     1.8e+10   0.0010000     0.00037   70   12   81
---------  Current Progress:  91 % - Matrix factorization
Memory: 954/1062 1054/1138
---------  Current Progress:  91 % - Assembling matrices
Memory: 1023/1062 1081/1138
---------  Current Progress:  91 % - Solving linear system
---------  Current Progress:  91 % - Assembling matrices
Memory: 1020/1062 1078/1138
  13     0.00034     1.8e+10   0.0001000     0.00034   78   13   90
---------  Current Progress:  91 % - Matrix factorization
Memory: 954/1062 1054/1138
---------  Current Progress:  91 % - Solving linear system
Memory: 1023/1062 1081/1138
  14     0.00041     1.8e+10   0.0010000     0.00041   82   14   95
---------  Current Progress:  91 % - Assembling matrices
Memory: 1022/1062 1079/1138
---------  Current Progress:  91 % - Matrix factorization
Memory: 999/1062 1083/1138
---------  Current Progress:  91 % - Assembling matrices
Memory: 1023/1062 1081/1138
---------  Current Progress:  91 % - Solving linear system
---------  Current Progress:  91 % - Assembling matrices
  15      0.0004     1.8e+10   0.0010000      0.0004   91   15  105
---------  Current Progress:  91 % - Matrix factorization
Memory: 947/1062 1054/1138
---------  Current Progress:  91 % - Assembling matrices
Memory: 1019/1062 1076/1138
---------  Current Progress:  91 % - Solving linear system
Memory: 1023/1062 1081/1138
---------  Current Progress:  91 % - Assembling matrices
  16     0.00036     1.8e+10   0.0010000     0.00036  100   16  115
---------  Current Progress:  91 % - Matrix factorization
Memory: 964/1062 1083/1138
---------  Current Progress:  91 % - Solving linear system
Memory: 1022/1062 1080/1138
---------  Current Progress:  91 % - Assembling matrices
Memory: 1023/1062 1081/1138
---------  Current Progress:  91 % - Solving linear system
  17     0.00034     1.8e+10   0.0010000     0.00034  109   17  125
---------  Current Progress:  91 % - Assembling matrices
Memory: 1022/1062 1079/1138
---------  Current Progress:  91 % - Matrix factorization
Memory: 998/1062 1083/1138
---------  Current Progress:  91 % - Assembling matrices
Memory: 1023/1062 1081/1138
---------  Current Progress:  91 % - Solving linear system
  18     0.00047     1.8e+10   0.0010000     0.00047  116   18  133
---------  Current Progress:  91 % - Assembling matrices
Memory: 1022/1062 1079/1138
---------  Current Progress:  91 % - Matrix factorization
Memory: 990/1062 1083/1138
---------  Current Progress:  91 % - Assembling matrices
Memory: 1023/1062 1081/1138
---------  Current Progress:  91 % - Solving linear system
  19     0.00039     1.8e+10   0.0010000     0.00039  125   19  143
---------  Current Progress:  92 % - Assembling matrices
Memory: 1022/1062 1079/1138
---------  Current Progress:  92 % - Matrix factorization
Memory: 996/1062 1083/1138
---------  Current Progress:  92 % - Assembling matrices
Memory: 1023/1062 1081/1138
  20     0.00058     1.8e+10   0.0010000     0.00058  131   20  150
---------  Current Progress:  92 % - Matrix factorization
Memory: 974/1062 1083/1138
---------  Current Progress:  92 % - Solving linear system
Memory: 1022/1062 1080/1138
---------  Current Progress:  92 % - Assembling matrices
Memory: 1023/1062 1081/1138
---------  Current Progress:  92 % - Solving linear system
  21     0.00036     1.8e+10   0.0010000     0.00036  139   21  159
---------  Current Progress:  95 % - Assembling matrices
Memory: 1022/1062 1079/1138
---------  Current Progress:  95 % - Matrix factorization
Memory: 979/1062 1083/1138
---------  Current Progress:  95 % - Assembling matrices
Memory: 1019/1062 1076/1138
---------  Current Progress:  95 % - Solving linear system
Memory: 1023/1062 1081/1138
  22     0.00033     1.8e+10   0.0010000     0.00033  148   22  169
---------  Current Progress:  95 % - Assembling matrices
Memory: 1022/1062 1079/1138
---------  Current Progress:  95 % - Constraint handling
Memory: 1024/1062 1091/1138
---------  Current Progress:  95 % - Matrix factorization
Memory: 1004/1062 1083/1138
---------  Current Progress:  95 % - Assembling matrices
Memory: 1023/1062 1081/1138
---------  Current Progress:  95 % - Solving linear system
---------  Current Progress:  95 % - Assembling matrices
  23     0.00031     1.8e+10   0.0010000     0.00031  157   23  179
---------  Current Progress:  95 % - Matrix factorization
Memory: 947/1062 983/1138
---------  Current Progress:  95 % - Assembling matrices
Memory: 1023/1062 1081/1138
---------  Current Progress:  95 % - Solving linear system
---------  Current Progress:  95 % - Assembling matrices
  24     0.00037     1.8e+10   0.0010000     0.00037  165   24  188
---------  Current Progress:  95 % - Matrix factorization
Memory: 947/1062 983/1138
---------  Current Progress:  95 % - Assembling matrices
Memory: 1023/1062 1081/1138
---------  Current Progress:  95 % - Solving linear system
---------  Current Progress:  95 % - Assembling matrices
  25     0.00045     1.8e+10   0.0010000     0.00045  172   25  196
---------  Current Progress:  95 % - Matrix factorization
Memory: 947/1062 983/1138
---------  Current Progress:  95 % - Assembling matrices
Memory: 1019/1062 1076/1138
---------  Current Progress:  95 % - Solving linear system
Memory: 1023/1062 1081/1138
---------  Current Progress:  95 % - Assembling matrices
  26     0.00041     1.8e+10   0.0010000     0.00041  181   26  206
---------  Current Progress:  95 % - Matrix factorization
Memory: 961/1062 1083/1138
---------  Current Progress:  95 % - Solving linear system
Memory: 1022/1062 1080/1138
---------  Current Progress:  95 % - Assembling matrices
Memory: 1023/1062 1081/1138
  27     0.00035     1.8e+10   0.0010000     0.00035  190   27  216
---------  Current Progress:  95 % - Matrix factorization
Memory: 980/1062 1083/1138
---------  Current Progress:  95 % - Assembling matrices
Memory: 1023/1062 1081/1138
---------  Current Progress:  95 % - Solving linear system
---------  Current Progress:  95 % - Assembling matrices
  28     0.00037     1.8e+10   0.0010000     0.00037  199   28  226
---------  Current Progress:  95 % - Matrix factorization
Memory: 956/1062 1083/1138
---------  Current Progress:  95 % - Solving linear system
Memory: 1020/1062 1083/1138
---------  Current Progress:  95 % - Assembling matrices
Memory: 1020/1062 1078/1138
  29     0.00038     1.8e+10   0.0010000     0.00038  208   29  236
---------  Current Progress:  95 % - Matrix factorization
Memory: 967/1062 1083/1138
---------  Current Progress:  95 % - Solving linear system
Memory: 1022/1062 1080/1138
---------  Current Progress:  95 % - Assembling matrices
Memory: 1019/1062 1076/1138
  30     0.00035     1.8e+10   0.0010000     0.00035  217   30  246
---------  Current Progress:  95 % - Matrix factorization
Memory: 974/1062 1083/1138
---------  Current Progress:  95 % - Solving linear system
Memory: 1022/1062 1080/1138
---------  Current Progress:  95 % - Assembling matrices
Memory: 1023/1062 1081/1138
---------  Current Progress:  95 % - Solving linear system
Memory: 1021/1062 1080/1138
  31     0.00043     1.8e+10   0.0010000     0.00043  225   31  255
---------  Current Progress:  95 % - Assembling matrices
Memory: 1022/1062 1079/1138
---------  Current Progress:  95 % - Matrix factorization
Memory: 990/1062 1083/1138
---------  Current Progress:  95 % - Assembling matrices
Memory: 1023/1062 1081/1138
---------  Current Progress:  95 % - Solving linear system
Memory: 1017/1062 1075/1138
  32     0.00041     1.8e+10   0.0010000     0.00041  234   32  265
---------  Current Progress:  95 % - Assembling matrices
Memory: 1022/1062 1079/1138
---------  Current Progress:  95 % - Matrix factorization
Memory: 1016/1062 1074/1138
---------  Current Progress:  95 % - Solving linear system
Memory: 1021/1062 1084/1138
---------  Current Progress:  95 % - Assembling matrices
Memory: 1023/1062 1081/1138
  33     0.00032     1.8e+10   0.0010000     0.00032  242   33  274
---------  Current Progress:  96 % - Assembling matrices
Memory: 1022/1062 1079/1138
---------  Current Progress:  96 % - Matrix factorization
Memory: 972/1062 1083/1138
---------  Current Progress:  96 % - Solving linear system
Memory: 1022/1062 1080/1138
---------  Current Progress:  96 % - Assembling matrices
Memory: 1023/1062 1081/1138
---------  Current Progress:  96 % - Solving linear system
  34     0.00041     1.8e+10   0.0010000     0.00041  249   34  282
---------  Current Progress:  96 % - Assembling matrices
Memory: 1022/1062 1079/1138
---------  Current Progress:  96 % - Matrix factorization
Memory: 997/1062 1083/1138
---------  Current Progress:  96 % - Assembling matrices
Memory: 1023/1062 1081/1138
---------  Current Progress:  96 % - Solving linear system
---------  Current Progress:  96 % - Assembling matrices
Memory: 1019/1062 1076/1138
  35     0.00052     1.8e+10   0.0010000     0.00052  256   35  290
---------  Current Progress:  96 % - Matrix factorization
Memory: 954/1062 1054/1138
---------  Current Progress:  96 % - Assembling matrices
Memory: 1023/1062 1081/1138
---------  Current Progress:  96 % - Solving linear system
  36     0.00047     1.8e+10   0.0010000     0.00047  265   36  300
---------  Current Progress:  96 % - Assembling matrices
Memory: 1022/1062 1079/1138
---------  Current Progress:  96 % - Matrix factorization
Memory: 985/1062 1083/1138
---------  Current Progress:  96 % - Assembling matrices
Memory: 1023/1062 1081/1138
---------  Current Progress:  96 % - Solving linear system
  37     0.00042     1.7e+10   0.0010000     0.00042  274   37  310
---------  Current Progress:  96 % - Assembling matrices
Memory: 1022/1062 1079/1138
---------  Current Progress:  96 % - Matrix factorization
Memory: 992/1062 1073/1138
---------  Current Progress:  96 % - Assembling matrices
Memory: 1023/1062 1081/1138
---------  Current Progress:  96 % - Solving linear system
Memory: 1021/1062 1080/1138
---------  Current Progress:  96 % - Assembling matrices
Memory: 1023/1062 1081/1138
  38     0.00031     1.7e+10   0.0010000     0.00031  282   38  319
---------  Current Progress:  96 % - Matrix factorization
Memory: 954/1062 1054/1138
---------  Current Progress:  96 % - Solving linear system
Memory: 1020/1062 1080/1138
---------  Current Progress:  96 % - Assembling matrices
Memory: 1021/1062 1079/1138
  39     0.00042     1.7e+10   0.0010000     0.00042  289   39  327
---------  Current Progress:  96 % - Matrix factorization
Memory: 959/1062 1083/1138
---------  Current Progress:  96 % - Solving linear system
Memory: 1020/1062 1079/1138
---------  Current Progress:  96 % - Assembling matrices
Memory: 1023/1062 1081/1138
  40     0.00032     1.7e+10   0.0010000     0.00032  297   40  336
---------  Current Progress:  96 % - Matrix factorization
Memory: 967/1062 1083/1138
---------  Current Progress:  96 % - Solving linear system
Memory: 1022/1062 1080/1138
---------  Current Progress:  96 % - Assembling matrices
Memory: 1023/1062 1081/1138
  41     0.00045     1.7e+10   0.0010000     0.00045  303   41  343
---------  Current Progress:  96 % - Matrix factorization
Memory: 961/1062 1083/1138
---------  Current Progress:  96 % - Solving linear system
Memory: 1022/1062 1080/1138
---------  Current Progress:  96 % - Assembling matrices
Memory: 1023/1062 1081/1138
  42     0.00036     1.7e+10   0.0010000     0.00036  311   42  352
---------  Current Progress:  96 % - Matrix factorization
Memory: 962/1062 1083/1138
---------  Current Progress:  96 % - Solving linear system
Memory: 1022/1062 1080/1138
---------  Current Progress:  96 % - Assembling matrices
Memory: 1021/1062 1079/1138
  43     0.00034     1.7e+10   0.0010000     0.00034  320   43  362
---------  Current Progress:  96 % - Matrix factorization
Memory: 1006/1062 1083/1138
---------  Current Progress:  96 % - Assembling matrices
Memory: 1023/1062 1081/1138
---------  Current Progress:  96 % - Solving linear system
---------  Current Progress:  96 % - Assembling matrices
  44     0.00031     1.7e+10   0.0010000     0.00031  329   44  372
---------  Current Progress:  96 % - Matrix factorization
Memory: 964/1062 1083/1138
---------  Current Progress:  96 % - Solving linear system
Memory: 1022/1062 1080/1138
---------  Current Progress:  96 % - Assembling matrices
Memory: 1021/1062 1079/1138
  45     0.00045     1.7e+10   0.0010000     0.00045  335   45  379
---------  Current Progress:  96 % - Matrix factorization
Memory: 964/1062 1083/1138
---------  Current Progress:  96 % - Solving linear system
Memory: 1022/1062 1080/1138
---------  Current Progress:  96 % - Assembling matrices
Memory: 1023/1062 1081/1138
  46     0.00031     1.7e+10   0.0010000     0.00031  343   46  388
---------  Current Progress:  97 % - Assembling matrices
Memory: 1022/1062 1079/1138
---------  Current Progress:  97 % - Matrix factorization
Memory: 962/1062 1083/1138
---------  Current Progress:  97 % - Solving linear system
Memory: 1022/1062 1080/1138
---------  Current Progress:  97 % - Assembling matrices
Memory: 1021/1062 1079/1138
  47     0.00043     1.7e+10   0.0010000     0.00043  350   47  396
---------  Current Progress:  97 % - Matrix factorization
Memory: 960/1062 1083/1138
---------  Current Progress:  97 % - Solving linear system
Memory: 1023/1062 1081/1138
---------  Current Progress:  97 % - Assembling matrices
  48     0.00045     1.7e+10   0.0010000     0.00045  359   48  406
---------  Current Progress:  97 % - Matrix factorization
Memory: 981/1062 1083/1138
---------  Current Progress:  97 % - Assembling matrices
Memory: 1023/1062 1081/1138
---------  Current Progress:  97 % - Solving linear system
---------  Current Progress:  97 % - Assembling matrices
Memory: 1020/1062 1078/1138
  49     0.00033     1.7e+10   0.0010000     0.00033  367   49  415
---------  Current Progress:  97 % - Matrix factorization
Memory: 947/1062 983/1138
---------  Current Progress:  97 % - Assembling matrices
Memory: 1023/1062 1081/1138
---------  Current Progress:  97 % - Solving linear system
---------  Current Progress:  97 % - Assembling matrices
  50     0.00034     1.7e+10   0.0010000     0.00034  376   50  425
---------  Current Progress:  97 % - Matrix factorization
Memory: 955/1062 1083/1138
---------  Current Progress:  97 % - Solving linear system
Memory: 1023/1062 1081/1138
---------  Current Progress:  97 % - Assembling matrices
---------  Current Progress:  97 % - Solving linear system
Memory: 1021/1062 1084/1138
  51     0.00034     1.7e+10   0.0010000     0.00034  385   51  435
---------  Current Progress:  97 % - Assembling sparsity pattern
Memory: 1003/1062 1061/1138
---------  Current Progress:  97 % - Assembling matrices
Memory: 1022/1062 1079/1138
---------  Current Progress:  97 % - Constraint handling
Memory: 1032/1062 1089/1138
---------  Current Progress:  97 % - Matrix factorization
Memory: 1007/1062 1083/1138
---------  Current Progress:  97 % - Assembling matrices
Memory: 1023/1062 1081/1138
---------  Current Progress:  97 % - Solving linear system
Memory: 1022/1062 1084/1138
---------  Current Progress:  97 % - Assembling matrices
Memory: 1023/1062 1081/1138
  52     0.00042     1.7e+10   0.0010000     0.00042  392   52  443
---------  Current Progress:  97 % - Solving linear system
Memory: 1024/1062 1083/1138
---------  Current Progress:  97 % - Assembling matrices
Memory: 1022/1062 1079/1138
---------  Current Progress:  97 % - Constraint handling
Memory: 1021/1062 1089/1138
---------  Current Progress:  97 % - Matrix factorization
Memory: 1007/1062 1083/1138
---------  Current Progress:  97 % - Assembling matrices
Memory: 1023/1062 1081/1138
---------  Current Progress:  97 % - Solving linear system
---------  Current Progress:  97 % - Assembling matrices
  53     0.00035     1.7e+10   0.0010000     0.00035  400   53  452
---------  Current Progress:  97 % - Matrix factorization
Memory: 954/1062 1054/1138
---------  Current Progress:  97 % - Assembling matrices
Memory: 1023/1062 1081/1138
---------  Current Progress:  97 % - Solving linear system
---------  Current Progress:  97 % - Assembling matrices
  54     0.00041     1.7e+10   0.0010000     0.00041  408   54  461
---------  Current Progress:  97 % - Matrix factorization
Memory: 970/1062 1083/1138
---------  Current Progress:  97 % - Solving linear system
Memory: 1022/1062 1080/1138
---------  Current Progress:  97 % - Assembling matrices
Memory: 1021/1062 1079/1138
  55     0.00033     1.7e+10   0.0010000     0.00033  416   55  470
---------  Current Progress:  97 % - Matrix factorization
Memory: 975/1062 1083/1138
---------  Current Progress:  97 % - Solving linear system
Memory: 1022/1062 1080/1138
---------  Current Progress:  97 % - Assembling matrices
Memory: 1019/1062 1076/1138
---------  Current Progress:  97 % - Solving linear system
Memory: 1023/1062 1081/1138
  56     0.00037     1.7e+10   0.0010000     0.00037  425   56  480
---------  Current Progress:  97 % - Assembling matrices
Memory: 1022/1062 1079/1138
---------  Current Progress:  97 % - Matrix factorization
Memory: 993/1062 1083/1138
---------  Current Progress:  97 % - Assembling matrices
Memory: 1023/1062 1081/1138
---------  Current Progress:  97 % - Solving linear system
  57     0.00039     1.7e+10   0.0010000     0.00039  434   57  490
---------  Current Progress:  97 % - Assembling matrices
Memory: 1022/1062 1079/1138
---------  Current Progress:  97 % - Matrix factorization
Memory: 1002/1062 1083/1138
---------  Current Progress:  97 % - Assembling matrices
Memory: 1023/1062 1081/1138
---------  Current Progress:  97 % - Solving linear system
---------  Current Progress:  97 % - Assembling matrices
Memory: 1019/1062 1076/1138
  58     0.00043     1.7e+10   0.0010000     0.00043  443   58  500
---------  Current Progress:  97 % - Matrix factorization
Memory: 953/1062 1054/1138
---------  Current Progress:  97 % - Assembling matrices
Memory: 1023/1062 1081/1138
---------  Current Progress:  97 % - Solving linear system
  59     0.00037     1.7e+10   0.0010000     0.00037  452   59  510
---------  Current Progress:  97 % - Assembling matrices
Memory: 1022/1062 1079/1138
---------  Current Progress:  97 % - Matrix factorization
Memory: 981/1062 1083/1138
---------  Current Progress:  97 % - Solving linear system
Memory: 1022/1062 1080/1138
---------  Current Progress:  97 % - Assembling matrices
Memory: 1023/1062 1081/1138
  60     0.00038     1.7e+10   0.0010000     0.00038  461   60  520
---------  Current Progress:  97 % - Matrix factorization
Memory: 980/1062 1083/1138
---------  Current Progress:  97 % - Solving linear system
Memory: 1018/1062 1076/1138
---------  Current Progress:  97 % - Assembling matrices
Memory: 1023/1062 1081/1138
  61     0.00038     1.7e+10   0.0010000     0.00038  470   61  530
---------  Current Progress:  97 % - Matrix factorization
Memory: 976/1062 1083/1138
---------  Current Progress:  97 % - Solving linear system
Memory: 1022/1062 1080/1138
---------  Current Progress:  97 % - Assembling matrices
Memory: 1023/1062 1081/1138
---------  Current Progress:  97 % - Solving linear system
  62     0.00039     1.7e+10   0.0010000     0.00039  479   62  540
---------  Current Progress:  97 % - Assembling matrices
Memory: 1022/1062 1079/1138
---------  Current Progress:  97 % - Matrix factorization
Memory: 993/1062 1083/1138
---------  Current Progress:  97 % - Assembling matrices
Memory: 1023/1062 1081/1138
---------  Current Progress:  97 % - Solving linear system
---------  Current Progress:  97 % - Assembling matrices
Memory: 1019/1062 1078/1138
  63     0.00037     1.7e+10   0.0010000     0.00037  488   63  550
---------  Current Progress:  97 % - Matrix factorization
Memory: 949/1062 1054/1138
---------  Current Progress:  97 % - Solving linear system
Memory: 1021/1062 1081/1138
---------  Current Progress:  97 % - Assembling matrices
Memory: 1023/1062 1081/1138
  64     0.00031     1.7e+10   0.0010000     0.00031  497   64  560
---------  Current Progress:  97 % - Matrix factorization
Memory: 972/1062 1083/1138
---------  Current Progress:  97 % - Solving linear system
Memory: 1022/1062 1080/1138
---------  Current Progress:  97 % - Assembling matrices
Memory: 1023/1062 1081/1138
---------  Current Progress:  97 % - Solving linear system
  65     0.00038     1.7e+10   0.0010000     0.00038  505   65  569
---------  Current Progress:  97 % - Assembling matrices
Memory: 1022/1062 1079/1138
---------  Current Progress:  97 % - Matrix factorization
Memory: 992/1062 1083/1138
---------  Current Progress:  97 % - Assembling matrices
Memory: 1023/1062 1081/1138
---------  Current Progress:  97 % - Solving linear system
  66     0.00033     1.7e+10   0.0010000     0.00033  514   66  579
---------  Current Progress:  97 % - Assembling matrices
Memory: 1022/1062 1079/1138
---------  Current Progress:  97 % - Matrix factorization
Memory: 994/1062 1083/1138
---------  Current Progress:  97 % - Assembling matrices
Memory: 1023/1062 1081/1138
---------  Current Progress:  97 % - Solving linear system
  67     0.00033     1.7e+10   0.0010000     0.00033  523   67  589
---------  Current Progress:  97 % - Assembling matrices
Memory: 1022/1062 1079/1138
---------  Current Progress:  97 % - Matrix factorization
Memory: 998/1062 1083/1138
---------  Current Progress:  97 % - Assembling matrices
Memory: 1023/1062 1081/1138
---------  Current Progress:  97 % - Solving linear system
  68     0.00033     1.7e+10   0.0010000     0.00033  532   68  599
---------  Current Progress:  97 % - Assembling matrices
Memory: 1022/1062 1079/1138
---------  Current Progress:  97 % - Matrix factorization
Memory: 1005/1062 1083/1138
---------  Current Progress:  97 % - Assembling matrices
Memory: 1023/1062 1081/1138
---------  Current Progress:  97 % - Solving linear system
  69     0.00042     1.7e+10   0.0010000     0.00042  539   69  607
---------  Current Progress:  97 % - Assembling matrices
Memory: 1022/1062 1079/1138
---------  Current Progress:  97 % - Constraint handling
Memory: 1026/1062 1090/1138
---------  Current Progress:  97 % - Matrix factorization
Memory: 1005/1062 1083/1138
---------  Current Progress:  97 % - Assembling matrices
Memory: 1023/1062 1081/1138
---------  Current Progress:  97 % - Solving linear system
---------  Current Progress:  97 % - Assembling matrices
  70     0.00044     1.7e+10   0.0010000     0.00044  548   70  617
---------  Current Progress:  97 % - Matrix factorization
Memory: 962/1062 1083/1138
---------  Current Progress:  97 % - Solving linear system
Memory: 1022/1062 1080/1138
---------  Current Progress:  97 % - Assembling matrices
Memory: 1023/1062 1081/1138
  71     0.00039     1.7e+10   0.0010000     0.00039  557   71  627
---------  Current Progress:  97 % - Matrix factorization
Memory: 981/1062 1083/1138
---------  Current Progress:  97 % - Assembling matrices
Memory: 1020/1062 1078/1138
---------  Current Progress:  97 % - Solving linear system
Memory: 1019/1062 1076/1138
  72     0.00037     1.7e+10   0.0010000     0.00037  566   72  637
---------  Current Progress:  97 % - Assembling matrices
Memory: 1022/1062 1079/1138
---------  Current Progress:  97 % - Matrix factorization
Memory: 994/1062 1083/1138
---------  Current Progress:  97 % - Assembling matrices
Memory: 1023/1062 1081/1138
---------  Current Progress:  97 % - Solving linear system
Memory: 1021/1062 1080/1138
---------  Current Progress:  97 % - Assembling matrices
Memory: 1023/1062 1081/1138
  73     0.00033     1.7e+10   0.0010000     0.00033  575   73  647
---------  Current Progress:  97 % - Constraint handling
Memory: 1019/1062 1082/1138
---------  Current Progress:  97 % - Matrix factorization
Memory: 1008/1062 1083/1138
---------  Current Progress:  97 % - Assembling matrices
Memory: 1023/1062 1081/1138
---------  Current Progress:  97 % - Solving linear system
Memory: 1021/1062 1080/1138
  74     0.00039     1.7e+10   0.0010000     0.00039  583   74  656
---------  Current Progress:  97 % - Assembling matrices
Memory: 1022/1062 1079/1138
---------  Current Progress:  97 % - Matrix factorization
Memory: 962/1062 1073/1138
---------  Current Progress:  97 % - Assembling matrices
Memory: 1023/1062 1081/1138
---------  Current Progress:  97 % - Solving linear system
---------  Current Progress:  97 % - Assembling matrices
  75      0.0004     1.7e+10   0.0010000      0.0004  592   75  666
---------  Current Progress:  97 % - Solving linear system
Memory: 1016/1062 1073/1138
---------  Current Progress:  97 % - Assembling matrices
Memory: 1022/1062 1079/1138
---------  Current Progress:  97 % - Matrix factorization
Memory: 980/1062 1083/1138
---------  Current Progress:  97 % - Assembling matrices
Memory: 1023/1062 1081/1138
---------  Current Progress:  97 % - Solving linear system
  76     0.00034     1.7e+10   0.0010000     0.00034  601   76  676
---------  Current Progress:  98 % - Assembling matrices
Memory: 1022/1062 1079/1138
---------  Current Progress:  98 % - Matrix factorization
Memory: 994/1062 1083/1138
---------  Current Progress:  98 % - Assembling matrices
Memory: 1023/1062 1081/1138
---------  Current Progress:  98 % - Solving linear system
  77     0.00042     1.7e+10   0.0010000     0.00042  609   77  685
---------  Current Progress:  98 % - Assembling matrices
Memory: 1022/1062 1079/1138
---------  Current Progress:  98 % - Matrix factorization
Memory: 1005/1062 1083/1138
---------  Current Progress:  98 % - Assembling matrices
Memory: 1023/1062 1081/1138
---------  Current Progress:  98 % - Solving linear system
---------  Current Progress:  98 % - Assembling matrices
  78     0.00037     1.7e+10   0.0010000     0.00037  618   78  695
---------  Current Progress:  98 % - Matrix factorization
Memory: 1016/1062 1073/1138
---------  Current Progress:  98 % - Assembling matrices
Memory: 1023/1062 1081/1138
---------  Current Progress:  98 % - Solving linear system
---------  Current Progress:  98 % - Assembling matrices
Memory: 1019/1062 1076/1138
  79     0.00034     1.7e+10   0.0010000     0.00034  627   79  705
---------  Current Progress:  98 % - Matrix factorization
Memory: 954/1062 1083/1138
---------  Current Progress:  98 % - Solving linear system
Memory: 1023/1062 1081/1138
---------  Current Progress:  98 % - Assembling matrices
  80     0.00033     1.7e+10   0.0010000     0.00033  636   80  715
---------  Current Progress:  98 % - Matrix factorization
Memory: 954/1062 1054/1138
---------  Current Progress:  98 % - Assembling matrices
Memory: 1023/1062 1081/1138
---------  Current Progress:  98 % - Solving linear system
  81     0.00037     1.7e+10   0.0010000     0.00037  645   81  725
---------  Current Progress:  98 % - Assembling matrices
Memory: 1022/1062 1079/1138
---------  Current Progress:  98 % - Matrix factorization
Memory: 994/1062 1083/1138
---------  Current Progress:  98 % - Assembling matrices
Memory: 1023/1062 1081/1138
---------  Current Progress:  98 % - Solving linear system
Memory: 1021/1062 1080/1138
  82     0.00034     1.7e+10   0.0010000     0.00034  654   82  735
---------  Current Progress:  98 % - Assembling matrices
Memory: 1022/1062 1079/1138
---------  Current Progress:  98 % - Matrix factorization
Memory: 994/1062 1083/1138
---------  Current Progress:  98 % - Assembling matrices
Memory: 1023/1062 1081/1138
---------  Current Progress:  98 % - Solving linear system
  83     0.00036     1.7e+10   0.0010000     0.00036  663   83  745
---------  Current Progress:  98 % - Assembling matrices
Memory: 1022/1062 1079/1138
---------  Current Progress:  98 % - Matrix factorization
Memory: 1018/1062 1075/1138
---------  Current Progress:  98 % - Assembling matrices
Memory: 1023/1062 1081/1138
---------  Current Progress:  98 % - Solving linear system
---------  Current Progress:  98 % - Assembling matrices
  84      0.0004     1.7e+10   0.0010000      0.0004  672   84  755
---------  Current Progress:  98 % - Matrix factorization
Memory: 975/1062 1083/1138
---------  Current Progress:  98 % - Solving linear system
Memory: 1022/1062 1080/1138
---------  Current Progress:  98 % - Assembling matrices
Memory: 1023/1062 1081/1138
  85     0.00049     1.7e+10   0.0010000     0.00049  679   85  763
---------  Current Progress:  98 % - Matrix factorization
Memory: 974/1062 1083/1138
---------  Current Progress:  98 % - Solving linear system
Memory: 1022/1062 1080/1138
---------  Current Progress:  98 % - Assembling matrices
Memory: 1023/1062 1081/1138
---------  Current Progress:  98 % - Solving linear system
  86     0.00037     1.7e+10   0.0010000     0.00037  687   86  772
---------  Current Progress:  98 % - Assembling matrices
Memory: 1022/1062 1079/1138
---------  Current Progress:  98 % - Matrix factorization
Memory: 988/1062 1083/1138
---------  Current Progress:  98 % - Assembling matrices
Memory: 1023/1062 1081/1138
---------  Current Progress:  98 % - Solving linear system
Memory: 1021/1062 1080/1138
  87     0.00037     1.7e+10   0.0010000     0.00037  696   87  782
---------  Current Progress:  98 % - Assembling matrices
Memory: 1022/1062 1079/1138
---------  Current Progress:  98 % - Matrix factorization
Memory: 993/1062 1083/1138
---------  Current Progress:  98 % - Assembling matrices
Memory: 1023/1062 1081/1138
---------  Current Progress:  98 % - Solving linear system
---------  Current Progress:  98 % - Assembling matrices
  88     0.00038     1.7e+10   0.0010000     0.00038  705   88  792
---------  Current Progress:  98 % - Matrix factorization
Memory: 1000/1062 1083/1138
---------  Current Progress:  98 % - Assembling matrices
Memory: 1023/1062 1081/1138
---------  Current Progress:  98 % - Solving linear system
---------  Current Progress:  98 % - Assembling matrices
Memory: 1020/1062 1078/1138
  89      0.0004     1.7e+10   0.0010000      0.0004  714   89  802
---------  Current Progress:  98 % - 
Memory: 1016/1062 1073/1138
---------  Current Progress:  98 % - Matrix factorization
Memory: 1010/1062 1083/1138
---------  Current Progress:  98 % - Assembling matrices
Memory: 1023/1062 1081/1138
---------  Current Progress:  98 % - Solving linear system
  90     0.00038     1.7e+10   0.0010000     0.00038  723   90  812
---------  Current Progress:  98 % - Assembling matrices
Memory: 1022/1062 1079/1138
---------  Current Progress:  98 % - Constraint handling
Memory: 1023/1062 1090/1138
---------  Current Progress:  98 % - Matrix factorization
Memory: 1012/1062 1083/1138
---------  Current Progress:  98 % - Assembling matrices
Memory: 1023/1062 1081/1138
---------  Current Progress:  98 % - Solving linear system
Memory: 1021/1062 1084/1138
---------  Current Progress:  98 % - Constraint handling
Memory: 1017/1062 1075/1138
---------  Current Progress:  98 % - Solving linear system
Memory: 1021/1062 1084/1138
  91      0.0004     1.7e+10   0.0010000      0.0004  732   91  822
---------  Current Progress:  98 % - Assembling matrices
Memory: 1022/1062 1079/1138
---------  Current Progress:  98 % - Matrix factorization
Memory: 992/1062 1083/1138
---------  Current Progress:  98 % - Assembling matrices
Memory: 1023/1062 1081/1138
---------  Current Progress:  98 % - Solving linear system
  92     0.00045     1.7e+10   0.0010000     0.00045  741   92  832
---------  Current Progress:  98 % - Assembling matrices
Memory: 1022/1062 1079/1138
---------  Current Progress:  98 % - Matrix factorization
Memory: 995/1062 1083/1138
---------  Current Progress:  98 % - Assembling matrices
Memory: 1023/1062 1081/1138
---------  Current Progress:  98 % - Solving linear system
---------  Current Progress:  98 % - Assembling matrices
Memory: 1019/1062 1076/1138
  93     0.00042     1.7e+10   0.0010000     0.00042  750   93  842
---------  Current Progress:  98 % - Matrix factorization
Memory: 947/1062 983/1138
---------  Current Progress:  98 % - Assembling matrices
Memory: 1023/1062 1081/1138
---------  Current Progress:  98 % - Solving linear system
---------  Current Progress:  98 % - Assembling matrices
Memory: 1020/1062 1078/1138
  94     0.00036     1.7e+10   0.0010000     0.00036  759   94  852
---------  Current Progress:  98 % - Matrix factorization
Memory: 947/1062 983/1138
---------  Current Progress:  98 % - Assembling matrices
Memory: 1023/1062 1081/1138
---------  Current Progress:  98 % - Solving linear system
---------  Current Progress:  98 % - Assembling matrices
  95      0.0004     1.7e+10   0.0010000      0.0004  767   95  861
---------  Current Progress:  98 % - Matrix factorization
Memory: 954/1062 1054/1138
---------  Current Progress:  98 % - Solving linear system
Memory: 1022/1062 1084/1138
---------  Current Progress:  98 % - Assembling matrices
Memory: 1020/1062 1078/1138
  96     0.00033     1.6e+10   0.0010000     0.00033  775   96  870
---------  Current Progress:  98 % - Solving linear system
Memory: 1010/1062 1075/1138
---------  Current Progress:  98 % - Assembling matrices
Memory: 1022/1062 1079/1138
---------  Current Progress:  98 % - Matrix factorization
Memory: 996/1062 1083/1138
---------  Current Progress:  98 % - Assembling matrices
Memory: 1023/1062 1081/1138
---------  Current Progress:  98 % - Solving linear system
Memory: 1018/1062 1076/1138
  97     0.00044     1.6e+10   0.0010000     0.00044  782   97  878
---------  Current Progress:  98 % - Assembling matrices
Memory: 1022/1062 1079/1138
---------  Current Progress:  98 % - Matrix factorization
Memory: 1002/1062 1083/1138
---------  Current Progress:  98 % - Assembling matrices
Memory: 1023/1062 1081/1138
---------  Current Progress:  98 % - Solving linear system
Memory: 1022/1062 1084/1138
---------  Current Progress:  98 % - Assembling matrices
Memory: 1023/1062 1081/1138
  98     0.00037     1.6e+10   0.0010000     0.00037  791   98  888
---------  Current Progress:  98 % - Matrix factorization
Memory: 1018/1062 1075/1138
---------  Current Progress:  98 % - Assembling matrices
Memory: 1023/1062 1081/1138
---------  Current Progress:  98 % - Solving linear system
---------  Current Progress:  98 % - Assembling matrices
Memory: 1020/1062 1079/1138
  99     0.00039     1.6e+10   0.0010000     0.00039  800   99  898
---------  Current Progress:  98 % - Matrix factorization
Memory: 957/1062 1083/1138
---------  Current Progress:  98 % - Solving linear system
Memory: 1023/1062 1081/1138
---------  Current Progress:  98 % - Assembling matrices
Memory: 1020/1062 1078/1138
 100     0.00033     1.6e+10   0.0010000     0.00033  809  100  908
---------  Current Progress:  98 % - Matrix factorization
Memory: 973/1062 1083/1138
---------  Current Progress:  98 % - Solving linear system
Memory: 1022/1062 1080/1138
---------  Current Progress:  98 % - Assembling matrices
Memory: 1023/1062 1081/1138
---------  Current Progress:  98 % - Solving linear system
 101     0.00036     1.6e+10   0.0010000     0.00036  818  101  918
---------  Current Progress:  98 % - Assembling sparsity pattern
Memory: 1003/1062 1060/1138
---------  Current Progress:  98 % - Assembling matrices
Memory: 1022/1062 1079/1138
---------  Current Progress:  98 % - Matrix factorization
Memory: 971/1062 1083/1138
---------  Current Progress:  98 % - Solving linear system
Memory: 1022/1062 1080/1138
---------  Current Progress:  98 % - Assembling matrices
Memory: 1023/1062 1081/1138
 102     0.00036     1.6e+10   0.0010000     0.00036  827  102  928
---------  Current Progress:  98 % - Matrix factorization
Memory: 970/1062 1083/1138
---------  Current Progress:  98 % - Solving linear system
Memory: 1022/1062 1080/1138
---------  Current Progress:  98 % - Assembling matrices
Memory: 1023/1062 1081/1138
 103     0.00034     1.6e+10   0.0010000     0.00034  836  103  938
---------  Current Progress:  98 % - Matrix factorization
Memory: 978/1062 1083/1138
---------  Current Progress:  98 % - Assembling matrices
Memory: 1020/1062 1078/1138
---------  Current Progress:  98 % - Solving linear system
Memory: 1023/1062 1081/1138
 104     0.00039     1.6e+10   0.0010000     0.00039  844  104  947
---------  Current Progress:  98 % - Assembling matrices
Memory: 1022/1062 1079/1138
---------  Current Progress:  98 % - Matrix factorization
Memory: 985/1062 1083/1138
---------  Current Progress:  98 % - Assembling matrices
Memory: 1023/1062 1081/1138
---------  Current Progress:  98 % - Solving linear system
Memory: 1021/1062 1084/1138
 105     0.00041     1.6e+10   0.0010000     0.00041  853  105  957
---------  Current Progress:  98 % - Assembling matrices
Memory: 1022/1062 1079/1138
---------  Current Progress:  98 % - Matrix factorization
Memory: 994/1062 1083/1138
---------  Current Progress:  98 % - Assembling matrices
Memory: 1023/1062 1081/1138
---------  Current Progress:  98 % - Solving linear system
---------  Current Progress:  98 % - Assembling matrices
 106     0.00038     1.6e+10   0.0010000     0.00038  862  106  967
---------  Current Progress:  98 % - Matrix factorization
Memory: 1018/1062 1075/1138
---------  Current Progress:  98 % - Assembling matrices
Memory: 1023/1062 1081/1138
 107     0.00031     1.6e+10   0.0010000     0.00031  870  107  976
---------  Current Progress:  98 % - Matrix factorization
Memory: 974/1062 1083/1138
---------  Current Progress:  98 % - Solving linear system
Memory: 1019/1062 1076/1138
---------  Current Progress:  98 % - Assembling matrices
Memory: 1023/1062 1081/1138
 108     0.00045     1.6e+10   0.0010000     0.00045  876  108  983
---------  Current Progress:  98 % - Matrix factorization
Memory: 967/1062 1083/1138
---------  Current Progress:  98 % - Solving linear system
Memory: 1022/1062 1080/1138
---------  Current Progress:  98 % - Assembling matrices
Memory: 1022/1062 1081/1138
 109     0.00043     1.6e+10   0.0010000     0.00043  885  109  993
---------  Current Progress:  98 % - Matrix factorization
Memory: 966/1062 1083/1138
---------  Current Progress:  98 % - Solving linear system
Memory: 1022/1062 1080/1138
---------  Current Progress:  98 % - Assembling matrices
Memory: 1023/1062 1081/1138
 110     0.00033     1.6e+10   0.0010000     0.00033  893  110 1002
---------  Current Progress:  99 % - Assembling matrices
Memory: 1022/1062 1079/1138
---------  Current Progress:  99 % - Matrix factorization
Memory: 947/1062 983/1138
---------  Current Progress:  99 % - Solving linear system
Memory: 1021/1062 1080/1138
---------  Current Progress:  99 % - Assembling matrices
Memory: 1023/1062 1081/1138
 111     0.00036     1.6e+10   0.0010000     0.00036  902  111 1012
---------  Current Progress:  99 % - Matrix factorization
Memory: 962/1062 1083/1138
---------  Current Progress:  99 % - Solving linear system
Memory: 1022/1062 1080/1138
---------  Current Progress:  99 % - Assembling matrices
Memory: 1023/1062 1081/1138
 112     0.00037     1.6e+10   0.0010000     0.00037  911  112 1022
---------  Current Progress:  99 % - Matrix factorization
Memory: 1001/1062 1083/1138
---------  Current Progress:  99 % - Assembling matrices
Memory: 1023/1062 1081/1138
---------  Current Progress:  99 % - Solving linear system
Memory: 1021/1062 1080/1138
---------  Current Progress:  99 % - Assembling matrices
Memory: 1023/1062 1081/1138
 113     0.00034     1.6e+10   0.0010000     0.00034  920  113 1032
---------  Current Progress:  99 % - Matrix factorization
Memory: 949/1062 1054/1138
---------  Current Progress:  99 % - Assembling matrices
Memory: 1023/1062 1081/1138
---------  Current Progress:  99 % - Solving linear system
---------  Current Progress:  99 % - Assembling matrices
Memory: 1021/1062 1079/1138
 114     0.00034     1.6e+10   0.0010000     0.00034  929  114 1042
---------  Current Progress:  99 % - Matrix factorization
Memory: 958/1062 1083/1138
---------  Current Progress:  99 % - Solving linear system
Memory: 1022/1062 1080/1138
---------  Current Progress:  99 % - Assembling matrices
Memory: 1021/1062 1079/1138
 115     0.00031     1.6e+10   0.0010000     0.00031  938  115 1052
---------  Current Progress:  99 % - Matrix factorization
Memory: 971/1062 1083/1138
---------  Current Progress:  99 % - Solving linear system
Memory: 1022/1062 1080/1138
---------  Current Progress:  99 % - Assembling matrices
Memory: 1020/1062 1078/1138
 116     0.00039     1.6e+10   0.0010000     0.00039  945  116 1060
---------  Current Progress:  99 % - Matrix factorization
Memory: 974/1062 1083/1138
---------  Current Progress:  99 % - Solving linear system
Memory: 1022/1062 1080/1138
---------  Current Progress:  99 % - Assembling matrices
Memory: 1020/1062 1078/1138
---------  Current Progress:  99 % - Solving linear system
Memory: 1021/1062 1084/1138
 117     0.00034     1.6e+10   0.0010000     0.00034  954  117 1070
---------  Current Progress:  99 % - Assembling matrices
Memory: 1022/1062 1079/1138
---------  Current Progress:  99 % - Matrix factorization
Memory: 985/1062 1083/1138
---------  Current Progress:  99 % - Solving linear system
Memory: 1022/1062 1080/1138
---------  Current Progress:  99 % - Assembling matrices
Memory: 1023/1062 1081/1138
---------  Current Progress:  99 % - Solving linear system
---------  Current Progress:  99 % - Assembling matrices
 118     0.00046     1.6e+10   0.0010000     0.00046  961  118 1078
---------  Current Progress:  99 % - Matrix factorization
Memory: 962/1062 1073/1138
---------  Current Progress:  99 % - Assembling matrices
Memory: 1023/1062 1081/1138
---------  Current Progress:  99 % - Solving linear system
Memory: 1021/1062 1080/1138
---------  Current Progress:  99 % - Assembling matrices
Memory: 1023/1062 1081/1138
 119     0.00038     1.6e+10   0.0010000     0.00038  970  119 1088
---------  Current Progress:  99 % - Matrix factorization
Memory: 954/1062 1054/1138
---------  Current Progress:  99 % - Assembling matrices
Memory: 1023/1062 1081/1138
---------  Current Progress:  99 % - Solving linear system
---------  Current Progress:  99 % - Assembling matrices
Memory: 1021/1062 1079/1138
 120     0.00037     1.6e+10   0.0010000     0.00037  979  120 1098
---------  Current Progress:  99 % - Matrix factorization
Memory: 955/1062 1083/1138
---------  Current Progress:  99 % - Solving linear system
Memory: 1022/1062 1084/1138
---------  Current Progress:  99 % - Assembling matrices
Memory: 1021/1062 1079/1138
 121     0.00045     1.6e+10   0.0010000     0.00045  987  121 1107
---------  Current Progress:  99 % - Matrix factorization
Memory: 958/1062 1083/1138
---------  Current Progress:  99 % - Solving linear system
Memory: 1020/1062 1083/1138
---------  Current Progress:  99 % - Assembling matrices
Memory: 1019/1062 1076/1138
 122     0.00037     1.6e+10   0.0010000     0.00037  995  122 1116
---------  Current Progress:  99 % - Matrix factorization
Memory: 968/1062 1083/1138
---------  Current Progress:  99 % - Solving linear system
Memory: 1022/1062 1080/1138
---------  Current Progress:  99 % - Assembling matrices
Memory: 1023/1062 1081/1138
---------  Current Progress:  99 % - Solving linear system
 123     0.00035     1.6e+10   0.0010000     0.00035 1004  123 1126
---------  Current Progress:  99 % - Assembling matrices
Memory: 1022/1062 1079/1138
---------  Current Progress:  99 % - 
Memory: 1016/1062 1073/1138
---------  Current Progress:  99 % - Matrix factorization
Memory: 1006/1062 1083/1138
---------  Current Progress:  99 % - Assembling matrices
Memory: 1023/1062 1081/1138
---------  Current Progress:  99 % - Solving linear system
---------  Current Progress:  99 % - Assembling matrices
 124     0.00043     1.6e+10   0.0010000     0.00043 1012  124 1135
---------  Current Progress:  99 % - Matrix factorization
Memory: 947/1062 983/1138
---------  Current Progress:  99 % - Assembling matrices
Memory: 1023/1062 1081/1138
---------  Current Progress:  99 % - Solving linear system
---------  Current Progress:  99 % - Assembling matrices
 125     0.00041     1.6e+10   0.0010000     0.00041 1021  125 1145
---------  Current Progress:  99 % - Matrix factorization
Memory: 954/1062 1054/1138
---------  Current Progress:  99 % - Assembling matrices
Memory: 1023/1062 1081/1138
---------  Current Progress:  99 % - Solving linear system
---------  Current Progress:  99 % - Assembling matrices
 126     0.00043     1.6e+10   0.0010000     0.00043 1030  126 1155
---------  Current Progress:  99 % - Matrix factorization
Memory: 965/1062 1083/1138
---------  Current Progress:  99 % - Solving linear system
Memory: 1022/1062 1080/1138
---------  Current Progress:  99 % - Assembling matrices
Memory: 1023/1062 1081/1138
 127     0.00039     1.6e+10   0.0010000     0.00039 1039  127 1165
---------  Current Progress:  99 % - Matrix factorization
Memory: 974/1062 1083/1138
---------  Current Progress:  99 % - Solving linear system
Memory: 1022/1062 1080/1138
---------  Current Progress:  99 % - Assembling matrices
Memory: 1023/1062 1081/1138
 128     0.00035     1.6e+10   0.0010000     0.00035 1048  128 1175
---------  Current Progress:  99 % - Matrix factorization
Memory: 947/1062 983/1138
---------  Current Progress:  99 % - Assembling matrices
Memory: 1023/1062 1081/1138
---------  Current Progress:  99 % - Solving linear system
Memory: 1021/1062 1084/1138
---------  Current Progress:  99 % - Assembling matrices
Memory: 1021/1062 1079/1138
 129      0.0004     1.6e+10   0.0010000      0.0004 1056  129 1184
---------  Current Progress:  99 % - Matrix factorization
Memory: 962/1062 1083/1138
---------  Current Progress:  99 % - Solving linear system
Memory: 1022/1062 1080/1138
---------  Current Progress:  99 % - Assembling matrices
Memory: 1023/1062 1081/1138
 130     0.00038     1.6e+10   0.0010000     0.00038 1065  130 1194
---------  Current Progress:  99 % - Matrix factorization
Memory: 978/1062 1083/1138
---------  Current Progress:  99 % - Assembling matrices
Memory: 1019/1062 1076/1138
---------  Current Progress:  99 % - Solving linear system
Memory: 1021/1062 1084/1138
 131     0.00033     1.6e+10   0.0010000     0.00033 1074  131 1204
---------  Current Progress:  99 % - Assembling matrices
Memory: 1022/1062 1079/1138
---------  Current Progress:  99 % - Matrix factorization
Memory: 984/1062 1083/1138
---------  Current Progress:  99 % - Assembling matrices
Memory: 1020/1062 1078/1138
---------  Current Progress:  99 % - Solving linear system
Memory: 1023/1062 1081/1138
 132     0.00033     1.6e+10   0.0010000     0.00033 1083  132 1214
---------  Current Progress:  99 % - Assembling matrices
Memory: 1022/1062 1079/1138
---------  Current Progress:  99 % - Matrix factorization
Memory: 998/1062 1083/1138
---------  Current Progress:  99 % - Assembling matrices
Memory: 1023/1062 1081/1138
---------  Current Progress:  99 % - Solving linear system
 133     0.00033     1.6e+10   0.0010000     0.00033 1092  133 1224
---------  Current Progress:  99 % - Assembling matrices
Memory: 1022/1062 1079/1138
---------  Current Progress:  99 % - Matrix factorization
Memory: 985/1062 1083/1138
---------  Current Progress:  99 % - Solving linear system
Memory: 1022/1062 1080/1138
---------  Current Progress:  99 % - Assembling matrices
Memory: 1023/1062 1081/1138
 134     0.00039     1.6e+10   0.0010000     0.00039 1100  134 1233
---------  Current Progress:  99 % - Matrix factorization
Memory: 973/1062 1083/1138
---------  Current Progress:  99 % - Solving linear system
Memory: 1022/1062 1080/1138
---------  Current Progress:  99 % - Assembling matrices
Memory: 1020/1062 1078/1138
 135     0.00033     1.6e+10   0.0010000     0.00033 1109  135 1243
---------  Current Progress:  99 % - Matrix factorization
Memory: 975/1062 1083/1138
---------  Current Progress:  99 % - Solving linear system
Memory: 1022/1062 1080/1138
---------  Current Progress:  99 % - Assembling matrices
Memory: 1023/1062 1081/1138
---------  Current Progress:  99 % - Solving linear system
 136     0.00032     1.6e+10   0.0010000     0.00032 1118  136 1253
---------  Current Progress:  99 % - Assembling matrices
Memory: 1022/1062 1079/1138
---------  Current Progress:  99 % - Matrix factorization
Memory: 987/1062 1083/1138
---------  Current Progress:  99 % - Assembling matrices
Memory: 1023/1062 1081/1138
---------  Current Progress:  99 % - Solving linear system
 137     0.00037     1.6e+10   0.0010000     0.00037 1126  137 1262
---------  Current Progress:  99 % - Assembling matrices
Memory: 1022/1062 1079/1138
---------  Current Progress:  99 % - Matrix factorization
Memory: 997/1062 1083/1138
---------  Current Progress:  99 % - Assembling matrices
Memory: 1023/1062 1081/1138
---------  Current Progress:  99 % - Solving linear system
 138     0.00045     1.6e+10   0.0010000     0.00045 1134  138 1271
---------  Current Progress:  99 % - Assembling matrices
Memory: 1022/1062 1079/1138
---------  Current Progress:  99 % - Constraint handling
Memory: 1032/1062 1090/1138
---------  Current Progress:  99 % - Matrix factorization
Memory: 1008/1062 1083/1138
---------  Current Progress:  99 % - Assembling matrices
Memory: 1023/1062 1081/1138
---------  Current Progress:  99 % - Solving linear system
Memory: 1021/1062 1080/1138
---------  Current Progress:  99 % - Assembling matrices
Memory: 1023/1062 1081/1138
 139     0.00037     1.6e+10   0.0010000     0.00037 1142  139 1280
---------  Current Progress:  99 % - Matrix factorization
Memory: 966/1062 1083/1138
---------  Current Progress:  99 % - Solving linear system
Memory: 1022/1062 1080/1138
---------  Current Progress:  99 % - Assembling matrices
Memory: 1021/1062 1079/1138
 140     0.00035     1.6e+10   0.0010000     0.00035 1151  140 1290
---------  Current Progress:  99 % - Matrix factorization
Memory: 979/1062 1083/1138
---------  Current Progress:  99 % - Solving linear system
Memory: 1022/1062 1080/1138
---------  Current Progress:  99 % - Assembling matrices
Memory: 1020/1062 1078/1138
---------  Current Progress:  99 % - Solving linear system
Memory: 1023/1062 1081/1138
 141     0.00036     1.6e+10   0.0010000     0.00036 1160  141 1300
---------  Current Progress:  99 % - Assembling matrices
Memory: 1022/1062 1079/1138
---------  Current Progress:  99 % - Matrix factorization
Memory: 983/1062 1083/1138
---------  Current Progress:  99 % - Assembling matrices
Memory: 1023/1062 1081/1138
 142     0.00041     1.6e+10   0.0010000     0.00041 1168  142 1309
---------  Current Progress:  99 % - Matrix factorization
Memory: 979/1062 1083/1138
---------  Current Progress:  99 % - Assembling matrices
Memory: 1020/1062 1078/1138
---------  Current Progress:  99 % - Solving linear system
Memory: 1023/1062 1081/1138
 143     0.00032     1.6e+10   0.0010000     0.00032 1176  143 1318
---------  Current Progress:  99 % - Assembling matrices
Memory: 1022/1062 1079/1138
---------  Current Progress:  99 % - Matrix factorization
Memory: 986/1062 1083/1138
---------  Current Progress:  99 % - Assembling matrices
Memory: 1023/1062 1081/1138
---------  Current Progress:  99 % - Solving linear system
 144      0.0004     1.6e+10   0.0010000      0.0004 1183  144 1326
---------  Current Progress:  99 % - Assembling matrices
Memory: 1022/1062 1079/1138
---------  Current Progress:  99 % - Matrix factorization
Memory: 947/1062 983/1138
---------  Current Progress:  99 % - Assembling matrices
Memory: 1023/1062 1081/1138
---------  Current Progress:  99 % - Solving linear system
---------  Current Progress:  99 % - Assembling matrices
 145     0.00033     1.6e+10   0.0010000     0.00033 1192  145 1336
---------  Current Progress:  99 % - Matrix factorization
Memory: 954/1062 1054/1138
---------  Current Progress:  99 % - Assembling matrices
Memory: 1019/1062 1076/1138
---------  Current Progress:  99 % - Solving linear system
Memory: 1023/1062 1081/1138
---------  Current Progress:  99 % - Assembling matrices
 146     0.00039     1.6e+10   0.0010000     0.00039 1200  146 1345
---------  Current Progress:  99 % - Matrix factorization
Memory: 957/1062 1083/1138
---------  Current Progress:  99 % - Assembling matrices
Memory: 1023/1062 1081/1138
---------  Current Progress:  99 % - Solving linear system
---------  Current Progress:  99 % - Assembling matrices
 147     0.00039     1.6e+10   0.0010000     0.00039 1209  147 1355
---------  Current Progress:  99 % - Matrix factorization
Memory: 952/1062 1054/1138
---------  Current Progress:  99 % - Solving linear system
Memory: 1019/1062 1076/1138
---------  Current Progress:  99 % - Assembling matrices
Memory: 1023/1062 1081/1138
 148      0.0004     1.6e+10   0.0010000      0.0004 1218  148 1365
---------  Current Progress:  99 % - Matrix factorization
Memory: 971/1062 1083/1138
---------  Current Progress:  99 % - Solving linear system
Memory: 1022/1062 1080/1138
---------  Current Progress:  99 % - Assembling matrices
Memory: 1023/1062 1081/1138
 149     0.00039     1.6e+10   0.0010000     0.00039 1227  149 1375
---------  Current Progress:  99 % - Matrix factorization
Memory: 977/1062 1083/1138
---------  Current Progress:  99 % - Solving linear system
Memory: 1022/1062 1080/1138
---------  Current Progress:  99 % - Assembling matrices
Memory: 1023/1062 1081/1138
---------  Current Progress:  99 % - Solving linear system
 150     0.00044     1.6e+10   0.0010000     0.00044 1235  150 1384
---------  Current Progress:  99 % - Assembling matrices
Memory: 1022/1062 1079/1138
---------  Current Progress:  99 % - Matrix factorization
Memory: 999/1062 1083/1138
---------  Current Progress:  99 % - Assembling matrices
Memory: 1023/1062 1081/1138
---------  Current Progress:  99 % - Solving linear system
---------  Current Progress:  99 % - Assembling matrices
 151     0.00034     1.6e+10   0.0010000     0.00034 1243  151 1393
---------  Current Progress:  99 % - Assembling sparsity pattern
Memory: 1000/1062 1057/1138
---------  Current Progress:  99 % - Assembling matrices
Memory: 1022/1062 1079/1138
---------  Current Progress:  99 % - Matrix factorization
Memory: 954/1062 1054/1138
---------  Current Progress:  99 % - Solving linear system
Memory: 1020/1062 1078/1138
---------  Current Progress:  99 % - Assembling matrices
Memory: 1019/1062 1076/1138
 152     0.00033     1.6e+10   0.0010000     0.00033 1252  152 1403
---------  Current Progress:  99 % - Matrix factorization
Memory: 966/1062 1083/1138
---------  Current Progress:  99 % - Solving linear system
Memory: 1022/1062 1080/1138
---------  Current Progress:  99 % - Assembling matrices
Memory: 1023/1062 1081/1138
 153     0.00044     1.6e+10   0.0010000     0.00044 1259  153 1411
---------  Current Progress:  99 % - Matrix factorization
Memory: 974/1062 1083/1138
---------  Current Progress:  99 % - Solving linear system
Memory: 1022/1062 1080/1138
---------  Current Progress:  99 % - Assembling matrices
Memory: 1023/1062 1081/1138
---------  Current Progress:  99 % - Solving linear system
 154     0.00037     1.6e+10   0.0010000     0.00037 1268  154 1421
---------  Current Progress:  99 % - Assembling matrices
Memory: 1022/1062 1079/1138
---------  Current Progress:  99 % - Matrix factorization
Memory: 954/1062 1054/1138
---------  Current Progress:  99 % - Assembling matrices
Memory: 1023/1062 1081/1138
---------  Current Progress:  99 % - Solving linear system
Memory: 944/1062 1081/1138
---------  Current Progress:  99 % - Assembling matrices
 155     0.00035     1.6e+10   0.0010000     0.00035 1277  155 1431
---------  Current Progress:  99 % - Matrix factorization
Memory: 876/1062 1054/1138
---------  Current Progress:  99 % - Assembling matrices
Memory: 945/1062 1081/1138
---------  Current Progress:  99 % - Solving linear system
---------  Current Progress:  99 % - Assembling matrices
Memory: 942/1062 1079/1138
 156     0.00037     1.6e+10   0.0010000     0.00037 1286  156 1441
---------  Current Progress:  99 % - Matrix factorization
Memory: 868/1062 983/1138
---------  Current Progress:  99 % - Solving linear system
Memory: 940/1062 1076/1138
---------  Current Progress:  99 % - Assembling matrices
Memory: 941/1062 1078/1138
 157     0.00035     1.6e+10   0.0010000     0.00035 1295  157 1451
---------  Current Progress:  99 % - Matrix factorization
Memory: 923/1062 1083/1138
---------  Current Progress:  99 % - Assembling matrices
Memory: 945/1062 1081/1138
---------  Current Progress:  99 % - Solving linear system
Memory: 942/1062 1080/1138
---------  Current Progress:  99 % - Assembling matrices
Memory: 945/1062 1081/1138
 158      0.0004     1.5e+10   0.0010000      0.0004 1303  158 1460
---------  Current Progress:  99 % - Matrix factorization
Memory: 911/1062 1073/1138
---------  Current Progress:  99 % - Assembling matrices
Memory: 945/1062 1081/1138
---------  Current Progress:  99 % - Solving linear system
Memory: 943/1062 1084/1138
---------  Current Progress:  99 % - Assembling matrices
Memory: 941/1062 1078/1138
 159     0.00041     1.5e+10   0.0010000     0.00041 1312  159 1470
---------  Current Progress:  99 % - Matrix factorization
Memory: 876/1062 1054/1138
---------  Current Progress:  99 % - Assembling matrices
Memory: 945/1062 1081/1138
---------  Current Progress:  99 % - Solving linear system
---------  Current Progress:  99 % - Assembling matrices
 160     0.00033     1.5e+10   0.0010000     0.00033 1320  160 1479
---------  Current Progress:  99 % - Matrix factorization
Memory: 888/1062 1083/1138
---------  Current Progress:  99 % - Solving linear system
Memory: 944/1062 1080/1138
---------  Current Progress:  99 % - Assembling matrices
Memory: 945/1062 1081/1138
 161     0.00036     1.5e+10   0.0010000     0.00036 1329  161 1489
---------  Current Progress:  99 % - Matrix factorization
Memory: 890/1062 1083/1138
---------  Current Progress:  99 % - Solving linear system
Memory: 944/1062 1080/1138
---------  Current Progress:  99 % - Assembling matrices
Memory: 945/1062 1081/1138
---------  Current Progress:  99 % - Solving linear system
Memory: 943/1062 1084/1138
 162     0.00038     1.5e+10   0.0010000     0.00038 1338  162 1499
---------  Current Progress:  99 % - Assembling matrices
Memory: 943/1062 1079/1138
---------  Current Progress:  99 % - Matrix factorization
Memory: 902/1062 1083/1138
---------  Current Progress:  99 % - Assembling matrices
Memory: 945/1062 1081/1138
---------  Current Progress:  99 % - Solving linear system
 163     0.00033     1.5e+10   0.0010000     0.00033 1347  163 1509
---------  Current Progress:  99 % - Assembling matrices
Memory: 943/1062 1079/1138
---------  Current Progress:  99 % - Matrix factorization
Memory: 927/1062 1083/1138
---------  Current Progress:  99 % - Assembling matrices
Memory: 945/1062 1081/1138
---------  Current Progress:  99 % - Solving linear system
---------  Current Progress:  99 % - Assembling matrices
Memory: 941/1062 1078/1138
 164      0.0003     1.5e+10   0.0010000      0.0003 1356  164 1519
---------  Current Progress:  99 % - Matrix factorization
Memory: 883/1062 1011/1138
---------  Current Progress:  99 % - Assembling matrices
Memory: 945/1062 1081/1138
---------  Current Progress:  99 % - Solving linear system
---------  Current Progress:  99 % - Assembling matrices
Memory: 944/1062 1081/1138
 165     0.00039     1.5e+10   0.0010000     0.00039 1363  165 1527
---------  Current Progress:  99 % - Matrix factorization
Memory: 896/1062 1083/1138
---------  Current Progress:  99 % - Solving linear system
Memory: 944/1062 1080/1138
---------  Current Progress:  99 % - Assembling matrices
Memory: 945/1062 1081/1138
 166     0.00034     1.5e+10   0.0010000     0.00034 1372  166 1537
---------  Current Progress:  99 % - Matrix factorization
Memory: 901/1062 1083/1138
---------  Current Progress:  99 % - Assembling matrices
Memory: 943/1062 1079/1138
---------  Current Progress:  99 % - Solving linear system
Memory: 943/1062 1080/1138
 167     0.00034     1.5e+10   0.0010000     0.00034 1381  167 1547
---------  Current Progress:  99 % - Assembling matrices
Memory: 943/1062 1079/1138
---------  Current Progress:  99 % - Matrix factorization
Memory: 916/1062 1083/1138
---------  Current Progress:  99 % - Assembling matrices
Memory: 945/1062 1081/1138
---------  Current Progress:  99 % - Solving linear system
 168     0.00037     1.5e+10   0.0010000     0.00037 1390  168 1557
---------  Current Progress:  99 % - Assembling matrices
Memory: 943/1062 1079/1138
---------  Current Progress:  99 % - Matrix factorization
Memory: 910/1062 1083/1138
---------  Current Progress:  99 % - Assembling matrices
Memory: 945/1062 1081/1138
---------  Current Progress:  99 % - Solving linear system
 169     0.00045     1.5e+10   0.0010000     0.00045 1397  169 1565
---------  Current Progress:  99 % - Assembling matrices
Memory: 943/1062 1079/1138
---------  Current Progress:  99 % - Matrix factorization
Memory: 909/1062 1083/1138
---------  Current Progress:  99 % - Assembling matrices
Memory: 945/1062 1081/1138
---------  Current Progress:  99 % - Solving linear system
 170     0.00035     1.5e+10   0.0010000     0.00035 1405  170 1574
---------  Current Progress:  99 % - Assembling matrices
Memory: 943/1062 1079/1138
---------  Current Progress:  99 % - Matrix factorization
Memory: 921/1062 1083/1138
---------  Current Progress:  99 % - Assembling matrices
Memory: 945/1062 1081/1138
---------  Current Progress:  99 % - Solving linear system
---------  Current Progress:  99 % - Assembling matrices
 171     0.00029     1.5e+10   0.0010000     0.00029 1413  171 1583
---------  Current Progress:  99 % - Solving linear system
Memory: 937/1062 1073/1138
---------  Current Progress:  99 % - Assembling matrices
Memory: 943/1062 1079/1138
---------  Current Progress:  99 % - Matrix factorization
Memory: 895/1062 1083/1138
---------  Current Progress:  99 % - Solving linear system
Memory: 944/1062 1080/1138
---------  Current Progress:  99 % - Assembling matrices
Memory: 945/1062 1081/1138
---------  Current Progress:  99 % - Solving linear system
 172     0.00047     1.5e+10   0.0010000     0.00047 1419  172 1590
---------  Current Progress:  99 % - Assembling matrices
Memory: 943/1062 1079/1138
---------  Current Progress:  99 % - Matrix factorization
Memory: 916/1062 1083/1138
---------  Current Progress:  99 % - Assembling matrices
Memory: 945/1062 1081/1138
---------  Current Progress:  99 % - Solving linear system
 173     0.00044     1.5e+10   0.0010000     0.00044 1428  173 1600
---------  Current Progress:  99 % - Assembling matrices
Memory: 943/1062 1079/1138
---------  Current Progress:  99 % - Matrix factorization
Memory: 924/1062 1083/1138
---------  Current Progress:  99 % - Assembling matrices
Memory: 945/1062 1081/1138
---------  Current Progress:  99 % - Solving linear system
---------  Current Progress:  99 % - Assembling matrices
 174     0.00033     1.5e+10   0.0010000     0.00033 1436  174 1609
---------  Current Progress:  99 % - Matrix factorization
Memory: 937/1062 1073/1138
---------  Current Progress:  99 % - Assembling matrices
Memory: 945/1062 1081/1138
---------  Current Progress:  99 % - Solving linear system
---------  Current Progress:  99 % - Assembling matrices
Memory: 943/1062 1079/1138
 175     0.00034     1.5e+10   0.0010000     0.00034 1445  175 1619
---------  Current Progress:  99 % - Matrix factorization
Memory: 875/1062 1054/1138
---------  Current Progress:  99 % - Assembling matrices
Memory: 945/1062 1081/1138
---------  Current Progress:  99 % - Solving linear system
---------  Current Progress:  99 % - Assembling matrices
Memory: 943/1062 1079/1138
---------  Current Progress:  99 % - Solving linear system
Memory: 945/1062 1081/1138
 176     0.00038     1.5e+10   0.0010000     0.00038 1454  176 1629
---------  Current Progress:  99 % - Assembling matrices
Memory: 943/1062 1079/1138
---------  Current Progress:  99 % - Matrix factorization
Memory: 899/1062 1083/1138
---------  Current Progress:  99 % - Solving linear system
Memory: 944/1062 1080/1138
---------  Current Progress:  99 % - Assembling matrices
Memory: 945/1062 1081/1138
 177     0.00044     1.5e+10   0.0010000     0.00044 1462  177 1638
---------  Current Progress:  99 % - Matrix factorization
Memory: 896/1062 1083/1138
---------  Current Progress:  99 % - Solving linear system
Memory: 944/1062 1080/1138
---------  Current Progress:  99 % - Assembling matrices
Memory: 940/1062 1077/1138
 178     0.00031     1.5e+10   0.0010000     0.00031 1470  178 1647
---------  Current Progress:  99 % - Matrix factorization
Memory: 888/1062 1083/1138
---------  Current Progress:  99 % - Solving linear system
Memory: 944/1062 1080/1138
---------  Current Progress:  99 % - Assembling matrices
Memory: 945/1062 1081/1138
 179     0.00042     1.5e+10   0.0010000     0.00042 1477  179 1655
---------  Current Progress:  99 % - Matrix factorization
Memory: 891/1062 1083/1138
---------  Current Progress:  99 % - Solving linear system
Memory: 944/1062 1080/1138
---------  Current Progress:  99 % - Assembling matrices
Memory: 945/1062 1081/1138
---------  Current Progress:  99 % - Solving linear system
 180     0.00037     1.5e+10   0.0010000     0.00037 1486  180 1665
---------  Current Progress:  99 % - Assembling matrices
Memory: 943/1062 1079/1138
---------  Current Progress:  99 % - Matrix factorization
Memory: 912/1062 1083/1138
---------  Current Progress:  99 % - Assembling matrices
Memory: 945/1062 1081/1138
---------  Current Progress:  99 % - Solving linear system
---------  Current Progress:  99 % - Assembling matrices
 181     0.00039     1.5e+10   0.0010000     0.00039 1495  181 1675
---------  Current Progress:  99 % - Matrix factorization
Memory: 869/1062 983/1138
---------  Current Progress:  99 % - Assembling matrices
Memory: 945/1062 1081/1138
---------  Current Progress:  99 % - Solving linear system
Memory: 939/1062 1075/1138
---------  Current Progress:  99 % - Assembling matrices
Memory: 945/1062 1081/1138
 182     0.00045     1.5e+10   0.0010000     0.00045 1503  182 1684
---------  Current Progress:  99 % - Matrix factorization
Memory: 894/1062 1083/1138
---------  Current Progress:  99 % - Solving linear system
Memory: 944/1062 1080/1138
---------  Current Progress:  99 % - Assembling matrices
Memory: 945/1062 1081/1138
---------  Current Progress:  99 % - Solving linear system
Memory: 939/1062 1075/1138
 183      0.0004     1.5e+10   0.0010000      0.0004 1512  183 1694
---------  Current Progress:  99 % - Assembling matrices
Memory: 944/1062 1079/1138
---------  Current Progress:  99 % - Matrix factorization
Memory: 899/1062 1083/1138
---------  Current Progress:  99 % - Solving linear system
Memory: 944/1062 1080/1138
---------  Current Progress:  99 % - Assembling matrices
Memory: 945/1062 1081/1138
---------  Current Progress:  99 % - Solving linear system
 184     0.00038     1.5e+10   0.0010000     0.00038 1521  184 1704
---------  Current Progress:  99 % - Assembling matrices
Memory: 944/1062 1079/1138
---------  Current Progress:  99 % - Matrix factorization
Memory: 908/1062 1083/1138
---------  Current Progress:  99 % - Assembling matrices
Memory: 945/1062 1081/1138
---------  Current Progress:  99 % - Solving linear system
 185     0.00035     1.5e+10   0.0010000     0.00035 1530  185 1714
---------  Current Progress:  99 % - Assembling matrices
Memory: 944/1062 1079/1138
---------  Current Progress:  99 % - Matrix factorization
Memory: 920/1062 1083/1138
---------  Current Progress:  99 % - Assembling matrices
Memory: 945/1062 1081/1138
---------  Current Progress:  99 % - Solving linear system
Memory: 943/1062 1080/1138
 186     0.00034     1.5e+10   0.0010000     0.00034 1539  186 1724
---------  Current Progress:  99 % - Assembling matrices
Memory: 944/1062 1079/1138
---------  Current Progress:  99 % - Matrix factorization
Memory: 922/1062 1083/1138
---------  Current Progress:  99 % - Assembling matrices
Memory: 945/1062 1081/1138
 187     0.00035     1.5e+10   0.0010000     0.00035 1548  187 1734
---------  Current Progress:  99 % - Matrix factorization
Memory: 869/1062 983/1138
---------  Current Progress:  99 % - Assembling matrices
Memory: 945/1062 1081/1138
---------  Current Progress:  99 % - Solving linear system
---------  Current Progress:  99 % - Assembling matrices
 188     0.00037     1.5e+10   0.0010000     0.00037 1557  188 1744
---------  Current Progress:  99 % - Matrix factorization
Memory: 876/1062 1054/1138
---------  Current Progress:  99 % - Solving linear system
Memory: 945/1062 1081/1138
---------  Current Progress:  99 % - Assembling matrices
Memory: 942/1062 1079/1138
 189     0.00039     1.5e+10   0.0010000     0.00039 1566  189 1754
---------  Current Progress:  99 % - Matrix factorization
Memory: 884/1062 1083/1138
---------  Current Progress:  99 % - Solving linear system
Memory: 944/1062 1080/1138
---------  Current Progress:  99 % - Assembling matrices
Memory: 944/1062 1081/1138
 190     0.00034     1.5e+10   0.0010000     0.00034 1575  190 1764
---------  Current Progress:  99 % - Matrix factorization
Memory: 906/1062 1083/1138
---------  Current Progress:  99 % - Assembling matrices
Memory: 945/1062 1081/1138
---------  Current Progress:  99 % - Solving linear system
 191     0.00037     1.5e+10   0.0010000     0.00037 1584  191 1774
---------  Current Progress:  99 % - Assembling matrices
Memory: 944/1062 1079/1138
---------  Current Progress:  99 % - Matrix factorization
Memory: 914/1062 1083/1138
---------  Current Progress:  99 % - Assembling matrices
Memory: 945/1062 1081/1138
 192     0.00033     1.5e+10   0.0010000     0.00033 1593  192 1784
---------  Current Progress:  99 % - Matrix factorization
Memory: 869/1062 983/1138
---------  Current Progress:  99 % - Assembling matrices
Memory: 945/1062 1081/1138
---------  Current Progress:  99 % - Solving linear system
---------  Current Progress:  99 % - Assembling matrices
 193     0.00034     1.5e+10   0.0010000     0.00034 1602  193 1794
---------  Current Progress:  99 % - Matrix factorization
Memory: 884/1062 1083/1138
---------  Current Progress:  99 % - Solving linear system
Memory: 943/1062 1083/1138
---------  Current Progress:  99 % - Assembling matrices
Memory: 945/1062 1081/1138
 194     0.00033     1.5e+10   0.0010000     0.00033 1611  194 1804
---------  Current Progress:  99 % - Matrix factorization
Memory: 889/1062 1083/1138
---------  Current Progress:  99 % - Solving linear system
Memory: 944/1062 1080/1138
---------  Current Progress:  99 % - Assembling matrices
Memory: 945/1062 1081/1138
---------  Current Progress:  99 % - Solving linear system
Memory: 943/1062 1080/1138
 195     0.00036     1.5e+10   0.0010000     0.00036 1620  195 1814
---------  Current Progress:  99 % - Assembling matrices
Memory: 944/1062 1079/1138
---------  Current Progress:  99 % - Matrix factorization
Memory: 902/1062 1083/1138
---------  Current Progress:  99 % - Assembling matrices
Memory: 943/1062 1079/1138
---------  Current Progress:  99 % - Solving linear system
Memory: 940/1062 1075/1138
 196     0.00033     1.5e+10   0.0010000     0.00033 1629  196 1824
---------  Current Progress:  99 % - Assembling matrices
Memory: 944/1062 1079/1138
---------  Current Progress:  99 % - Matrix factorization
Memory: 921/1062 1083/1138
---------  Current Progress:  99 % - Assembling matrices
Memory: 945/1062 1081/1138
---------  Current Progress:  99 % - Solving linear system
---------  Current Progress:  99 % - Assembling matrices
---------  Current Progress:  99 % - Solving linear system
Memory: 942/1062 1079/1138
 197     0.00035     1.5e+10   0.0010000     0.00035 1638  197 1834
---------  Current Progress:  99 % - Assembling matrices
Memory: 944/1062 1079/1138
---------  Current Progress:  99 % - Matrix factorization
Memory: 895/1062 1083/1138
---------  Current Progress:  99 % - Solving linear system
Memory: 944/1062 1080/1138
---------  Current Progress:  99 % - Assembling matrices
Memory: 943/1062 1079/1138
---------  Current Progress:  99 % - Solving linear system
Memory: 945/1062 1081/1138
 198     0.00043     1.5e+10   0.0010000     0.00043 1646  198 1843
---------  Current Progress:  99 % - Assembling matrices
Memory: 944/1062 1079/1138
---------  Current Progress:  99 % - Matrix factorization
Memory: 898/1062 1083/1138
---------  Current Progress:  99 % - Solving linear system
Memory: 944/1062 1080/1138
---------  Current Progress:  99 % - Assembling matrices
Memory: 942/1062 1078/1138
---------  Current Progress:  99 % - Solving linear system
Memory: 945/1062 1081/1138
 199     0.00037     1.5e+10   0.0010000     0.00037 1655  199 1853
---------  Current Progress:  99 % - Assembling matrices
Memory: 944/1062 1079/1138
---------  Current Progress:  99 % - Matrix factorization
Memory: 920/1062 1083/1138
---------  Current Progress:  99 % - Assembling matrices
Memory: 945/1062 1081/1138
---------  Current Progress:  99 % - Solving linear system
---------  Current Progress:  99 % - Assembling matrices
 200     0.00038     1.5e+10   0.0010000     0.00038 1664  200 1863
---------  Current Progress:  99 % - Matrix factorization
Memory: 879/1062 1083/1138
---------  Current Progress:  99 % - Solving linear system
Memory: 941/1062 1079/1138
---------  Current Progress:  99 % - Assembling matrices
Memory: 945/1062 1081/1138
 201     0.00032     1.5e+10   0.0010000     0.00032 1673  201 1873
---------  Current Progress:  99 % - Assembling sparsity pattern
Memory: 925/1062 1061/1138
---------  Current Progress:  99 % - Assembling matrices
Memory: 944/1062 1079/1138
---------  Current Progress:  99 % - Matrix factorization
Memory: 910/1062 1083/1138
---------  Current Progress:  99 % - Assembling matrices
Memory: 945/1062 1081/1138
---------  Current Progress:  99 % - Solving linear system
Memory: 943/1062 1084/1138
 202     0.00047     1.5e+10   0.0010000     0.00047 1679  202 1880
---------  Current Progress:  99 % - Assembling matrices
Memory: 944/1062 1079/1138
---------  Current Progress:  99 % - Matrix factorization
Memory: 913/1062 1083/1138
---------  Current Progress:  99 % - Solving linear system
Memory: 944/1062 1080/1138
---------  Current Progress:  99 % - Assembling matrices
Memory: 945/1062 1081/1138
 203     0.00034     1.5e+10   0.0010000     0.00034 1687  203 1889
---------  Current Progress:  99 % - Matrix factorization
Memory: 894/1062 1083/1138
---------  Current Progress:  99 % - Solving linear system
Memory: 944/1062 1080/1138
---------  Current Progress:  99 % - Assembling matrices
Memory: 945/1062 1081/1138
---------  Current Progress:  99 % - Solving linear system
Memory: 943/1062 1080/1138
 204     0.00036     1.5e+10   0.0010000     0.00036 1696  204 1899
---------  Current Progress:  99 % - Assembling matrices
Memory: 944/1062 1079/1138
---------  Current Progress:  99 % - Matrix factorization
Memory: 907/1062 1083/1138
---------  Current Progress:  99 % - Assembling matrices
Memory: 943/1062 1079/1138
---------  Current Progress:  99 % - Solving linear system
Memory: 945/1062 1081/1138
 205     0.00035     1.5e+10   0.0010000     0.00035 1705  205 1909
---------  Current Progress:  99 % - Assembling matrices
Memory: 944/1062 1079/1138
---------  Current Progress:  99 % - Matrix factorization
Memory: 929/1062 1083/1138
---------  Current Progress:  99 % - Assembling matrices
Memory: 945/1062 1081/1138
---------  Current Progress:  99 % - Solving linear system
Memory: 944/1062 1084/1138
---------  Current Progress:  99 % - Assembling matrices
Memory: 941/1062 1076/1138
 206     0.00039     1.5e+10   0.0010000     0.00039 1714  206 1919
---------  Current Progress:  99 % - Matrix factorization
Memory: 876/1062 1054/1138
---------  Current Progress:  99 % - Solving linear system
Memory: 943/1062 1080/1138
---------  Current Progress:  99 % - Assembling matrices
Memory: 945/1062 1081/1138
 207     0.00033     1.5e+10   0.0010000     0.00033 1723  207 1929
---------  Current Progress:  99 % - Matrix factorization
Memory: 888/1062 1083/1138
---------  Current Progress:  99 % - Solving linear system
Memory: 944/1062 1080/1138
---------  Current Progress:  99 % - Assembling matrices
Memory: 945/1062 1081/1138
---------  Current Progress:  99 % - Solving linear system
---------  Current Progress:  99 % - 
Memory: 941/1062 1076/1138
---------  Current Progress:  99 % - Solving linear system
Memory: 945/1062 1081/1138
 208     0.00034     1.5e+10   0.0010000     0.00034 1732  208 1939
---------  Current Progress:  99 % - Assembling matrices
Memory: 944/1062 1079/1138
---------  Current Progress:  99 % - Matrix factorization
Memory: 919/1062 1083/1138
---------  Current Progress:  99 % - Assembling matrices
Memory: 945/1062 1081/1138
 209     0.00044     1.5e+10   0.0010000     0.00044 1739  209 1947
---------  Current Progress:  99 % - Matrix factorization
Memory: 897/1062 1083/1138
---------  Current Progress:  99 % - Solving linear system
Memory: 944/1062 1080/1138
---------  Current Progress:  99 % - Assembling matrices
Memory: 945/1062 1081/1138
---------  Current Progress:  99 % - Solving linear system
 210     0.00033     1.5e+10   0.0010000     0.00033 1747  210 1956
---------  Current Progress:  99 % - Assembling matrices
Memory: 944/1062 1079/1138
---------  Current Progress:  99 % - Matrix factorization
Memory: 915/1062 1083/1138
---------  Current Progress:  99 % - Assembling matrices
Memory: 945/1062 1081/1138
---------  Current Progress:  99 % - Solving linear system
---------  Current Progress:  99 % - Assembling matrices
Memory: 942/1062 1078/1138
 211     0.00029     1.5e+10   0.0010000     0.00029 1756  211 1966
---------  Current Progress:  99 % - Solving linear system
Memory: 938/1062 1073/1138
---------  Current Progress:  99 % - Assembling matrices
Memory: 944/1062 1079/1138
---------  Current Progress:  99 % - Matrix factorization
Memory: 929/1062 1083/1138
---------  Current Progress:  99 % - Assembling matrices
Memory: 945/1062 1081/1138
---------  Current Progress:  99 % - Solving linear system
Memory: 943/1062 1080/1138
---------  Current Progress:  99 % - Assembling matrices
Memory: 945/1062 1081/1138
 212     0.00034     1.5e+10   0.0010000     0.00034 1764  212 1975
---------  Current Progress:  99 % - Matrix factorization
Memory: 881/1062 1083/1138
---------  Current Progress:  99 % - Solving linear system
Memory: 944/1062 1080/1138
---------  Current Progress:  99 % - Assembling matrices
Memory: 944/1062 1081/1138
 213     0.00037     1.5e+10   0.0010000     0.00037 1773  213 1985
---------  Current Progress:  99 % - Matrix factorization
Memory: 916/1062 1083/1138
---------  Current Progress:  99 % - Assembling matrices
Memory: 945/1062 1081/1138
---------  Current Progress:  99 % - Solving linear system
 214     0.00042     1.5e+10   0.0010000     0.00042 1781  214 1994
---------  Current Progress:  99 % - Assembling matrices
Memory: 944/1062 1079/1138
---------  Current Progress:  99 % - Matrix factorization
Memory: 915/1062 1083/1138
---------  Current Progress:  99 % - Assembling matrices
Memory: 945/1062 1081/1138
---------  Current Progress:  99 % - Solving linear system
Memory: 944/1062 1084/1138
 215     0.00028     1.5e+10   0.0010000     0.00028 1789  215 2003
---------  Current Progress:  99 % - Assembling matrices
Memory: 944/1062 1079/1138
---------  Current Progress:  99 % - Matrix factorization
Memory: 922/1062 1083/1138
---------  Current Progress:  99 % - Assembling matrices
Memory: 945/1062 1081/1138
---------  Current Progress:  99 % - Solving linear system
 216     0.00039     1.5e+10   0.0010000     0.00039 1796  216 2011
---------  Current Progress:  99 % - Assembling matrices
Memory: 944/1062 1079/1138
---------  Current Progress:  99 % - Matrix factorization
Memory: 921/1062 1083/1138
---------  Current Progress:  99 % - Assembling matrices
Memory: 945/1062 1081/1138
---------  Current Progress:  99 % - Solving linear system
---------  Current Progress:  99 % - Assembling matrices
 217     0.00039     1.5e+10   0.0010000     0.00039 1805  217 2021
---------  Current Progress:  99 % - Matrix factorization
Memory: 874/1062 1054/1138
---------  Current Progress:  99 % - Assembling matrices
Memory: 945/1062 1081/1138
---------  Current Progress:  99 % - Solving linear system
---------  Current Progress:  99 % - Assembling matrices
 218     0.00039     1.5e+10   0.0010000     0.00039 1814  218 2031
---------  Current Progress:  99 % - Matrix factorization
Memory: 882/1062 1083/1138
---------  Current Progress:  99 % - Solving linear system
Memory: 944/1062 1080/1138
---------  Current Progress:  99 % - Assembling matrices
Memory: 945/1062 1081/1138
---------  Current Progress:  99 % - Solving linear system
 219     0.00036     1.5e+10   0.0010000     0.00036 1823  219 2041
---------  Current Progress:  99 % - Assembling matrices
Memory: 944/1062 1079/1138
---------  Current Progress:  99 % - Matrix factorization
Memory: 924/1062 1083/1138
---------  Current Progress:  99 % - Assembling matrices
Memory: 945/1062 1081/1138
---------  Current Progress:  99 % - Solving linear system
---------  Current Progress:  99 % - Assembling matrices
Memory: 941/1062 1076/1138
 220     0.00037     1.5e+10   0.0010000     0.00037 1832  220 2051
---------  Current Progress:  99 % - Matrix factorization
Memory: 877/1062 1083/1138
---------  Current Progress:  99 % - Solving linear system
Memory: 944/1062 1084/1138
---------  Current Progress:  99 % - Assembling matrices
Memory: 943/1062 1079/1138
 221     0.00041     1.5e+10   0.0010000     0.00041 1841  221 2061
---------  Current Progress:  99 % - Matrix factorization
Memory: 885/1062 1083/1138
---------  Current Progress:  99 % - Solving linear system
Memory: 944/1062 1080/1138
---------  Current Progress:  99 % - Assembling matrices
Memory: 945/1062 1081/1138
 222     0.00036     1.5e+10   0.0010000     0.00036 1850  222 2071
---------  Current Progress:  99 % - Matrix factorization
Memory: 905/1062 1083/1138
---------  Current Progress:  99 % - Assembling matrices
Memory: 945/1062 1081/1138
---------  Current Progress:  99 % - Solving linear system
 223     0.00034     1.5e+10   0.0010000     0.00034 1859  223 2081
---------  Current Progress:  99 % - Assembling matrices
Memory: 944/1062 1079/1138
---------  Current Progress:  99 % - Matrix factorization
Memory: 921/1062 1083/1138
---------  Current Progress:  99 % - Assembling matrices
Memory: 945/1062 1081/1138
 224     0.00037     1.5e+10   0.0010000     0.00037 1868  224 2091
---------  Current Progress:  99 % - Matrix factorization
Memory: 876/1062 1054/1138
---------  Current Progress:  99 % - Assembling matrices
Memory: 945/1062 1081/1138
---------  Current Progress:  99 % - Solving linear system
---------  Current Progress:  99 % - Assembling matrices
 225     0.00035     1.4e+10   0.0010000     0.00035 1877  225 2101
---------  Current Progress:  99 % - Matrix factorization
Memory: 889/1062 1083/1138
---------  Current Progress:  99 % - Solving linear system
Memory: 944/1062 1080/1138
---------  Current Progress:  99 % - Assembling matrices
Memory: 942/1062 1078/1138
 226     0.00036     1.4e+10   0.0010000     0.00036 1886  226 2111
---------  Current Progress:  99 % - Matrix factorization
Memory: 896/1062 1083/1138
---------  Current Progress:  99 % - Solving linear system
Memory: 944/1062 1080/1138
---------  Current Progress:  99 % - Assembling matrices
Memory: 945/1062 1081/1138
 227     0.00044     1.4e+10   0.0010000     0.00044 1894  227 2120
---------  Current Progress:  99 % - Matrix factorization
Memory: 907/1062 1083/1138
---------  Current Progress:  99 % - Assembling matrices
Memory: 942/1062 1078/1138
---------  Current Progress:  99 % - Solving linear system
Memory: 945/1062 1081/1138
 228     0.00036     1.4e+10   0.0010000     0.00036 1902  228 2129
---------  Current Progress:  99 % - Assembling matrices
Memory: 944/1062 1079/1138
---------  Current Progress:  99 % - Matrix factorization
Memory: 908/1062 1083/1138
---------  Current Progress:  99 % - Assembling matrices
Memory: 945/1062 1081/1138
---------  Current Progress:  99 % - Solving linear system
 229     0.00033     1.4e+10   0.0010000     0.00033 1911  229 2139
---------  Current Progress:  99 % - Assembling matrices
Memory: 944/1062 1079/1138
---------  Current Progress:  99 % - Matrix factorization
Memory: 869/1062 983/1138
---------  Current Progress:  99 % - Assembling matrices
Memory: 945/1062 1081/1138
---------  Current Progress:  99 % - Solving linear system
---------  Current Progress:  99 % - Assembling matrices
Memory: 942/1062 1078/1138
 230     0.00038     1.4e+10   0.0010000     0.00038 1919  230 2148
---------  Current Progress:  99 % - Matrix factorization
Memory: 869/1062 983/1138
---------  Current Progress:  99 % - Assembling matrices
Memory: 945/1062 1081/1138
---------  Current Progress:  99 % - Solving linear system
---------  Current Progress:  99 % - Assembling matrices
Memory: 941/1062 1076/1138
 231     0.00041     1.4e+10   0.0010000     0.00041 1928  231 2158
---------  Current Progress:  99 % - Matrix factorization
Memory: 893/1062 1083/1138
---------  Current Progress:  99 % - Solving linear system
Memory: 944/1062 1080/1138
---------  Current Progress:  99 % - Assembling matrices
Memory: 945/1062 1081/1138
 232     0.00031     1.4e+10   0.0010000     0.00031 1936  232 2167
---------  Current Progress:  99 % - Matrix factorization
Memory: 894/1062 1083/1138
---------  Current Progress:  99 % - Solving linear system
Memory: 944/1062 1080/1138
---------  Current Progress:  99 % - Assembling matrices
Memory: 945/1062 1081/1138
---------  Current Progress:  99 % - Solving linear system
Memory: 943/1062 1080/1138
 233     0.00033     1.4e+10   0.0010000     0.00033 1945  233 2177
---------  Current Progress:  99 % - Assembling matrices
Memory: 944/1062 1079/1138
---------  Current Progress:  99 % - Matrix factorization
Memory: 904/1062 1083/1138
---------  Current Progress:  99 % - Assembling matrices
Memory: 945/1062 1081/1138
---------  Current Progress:  99 % - Solving linear system
 234     0.00041     1.4e+10   0.0010000     0.00041 1952  234 2185
---------  Current Progress:  99 % - Assembling matrices
Memory: 944/1062 1079/1138
---------  Current Progress:  99 % - Matrix factorization
Memory: 907/1062 1083/1138
---------  Current Progress:  99 % - Assembling matrices
Memory: 945/1062 1081/1138
---------  Current Progress:  99 % - Solving linear system
---------  Current Progress:  99 % - Assembling matrices
 235     0.00036     1.4e+10   0.0010000     0.00036 1961  235 2195
---------  Current Progress:  99 % - Matrix factorization
Memory: 939/1062 1074/1138
---------  Current Progress:  99 % - Assembling matrices
Memory: 945/1062 1081/1138
---------  Current Progress:  99 % - Solving linear system
---------  Current Progress:  99 % - Assembling matrices
 236     0.00039     1.4e+10   0.0010000     0.00039 1970  236 2205
---------  Current Progress:  99 % - Matrix factorization
Memory: 888/1062 1083/1138
---------  Current Progress:  99 % - Solving linear system
Memory: 944/1062 1080/1138
---------  Current Progress:  99 % - Assembling matrices
Memory: 945/1062 1081/1138
 237     0.00039     1.4e+10   0.0010000     0.00039 1979  237 2215
---------  Current Progress:  99 % - Matrix factorization
Memory: 900/1062 1083/1138
---------  Current Progress:  99 % - Solving linear system
Memory: 944/1062 1080/1138
---------  Current Progress:  99 % - Assembling matrices
Memory: 941/1062 1076/1138
 238     0.00033     1.4e+10   0.0010000     0.00033 1988  238 2225
---------  Current Progress:  99 % - Matrix factorization
Memory: 897/1062 1083/1138
---------  Current Progress:  99 % - Solving linear system
Memory: 944/1062 1080/1138
---------  Current Progress:  99 % - Assembling matrices
Memory: 945/1062 1081/1138
---------  Current Progress:  99 % - Solving linear system
 239     0.00035     1.4e+10   0.0010000     0.00035 1997  239 2235
---------  Current Progress:  99 % - Assembling matrices
Memory: 944/1062 1079/1138
---------  Current Progress:  99 % - Matrix factorization
Memory: 928/1062 1083/1138
---------  Current Progress:  99 % - Assembling matrices
Memory: 945/1062 1081/1138
---------  Current Progress:  99 % - Solving linear system
---------  Current Progress:  99 % - Assembling matrices
---------  Current Progress:  99 % - Solving linear system
 240     0.00036     1.4e+10   0.0010000     0.00036 2006  240 2245
---------  Current Progress:  99 % - Assembling matrices
Memory: 944/1062 1079/1138
---------  Current Progress:  99 % - Matrix factorization
Memory: 918/1062 1083/1138
---------  Current Progress:  99 % - Assembling matrices
Memory: 945/1062 1081/1138
---------  Current Progress:  99 % - Solving linear system
 241     0.00036     1.4e+10   0.0010000     0.00036 2015  241 2255
---------  Current Progress:  99 % - Assembling matrices
Memory: 944/1062 1079/1138
---------  Current Progress:  99 % - Constraint handling
Memory: 939/1062 1075/1138
---------  Current Progress:  99 % - Matrix factorization
Memory: 935/1062 1083/1138
---------  Current Progress:  99 % - Assembling matrices
Memory: 945/1062 1081/1138
---------  Current Progress:  99 % - Solving linear system
---------  Current Progress:  99 % - Assembling matrices
Memory: 941/1062 1076/1138
 242     0.00038     1.4e+10   0.0010000     0.00038 2024  242 2265
---------  Current Progress:  99 % - Matrix factorization
Memory: 892/1062 1083/1138
---------  Current Progress:  99 % - Solving linear system
Memory: 944/1062 1080/1138
---------  Current Progress:  99 % - Assembling matrices
Memory: 943/1062 1079/1138
---------  Current Progress:  99 % - Solving linear system
Memory: 945/1062 1081/1138
 243     0.00036     1.4e+10   0.0010000     0.00036 2033  243 2275
---------  Current Progress:  99 % - Assembling matrices
Memory: 944/1062 1079/1138
---------  Current Progress:  99 % - Matrix factorization
Memory: 915/1062 1083/1138
---------  Current Progress:  99 % - Assembling matrices
Memory: 945/1062 1081/1138
---------  Current Progress:  99 % - Solving linear system
---------  Current Progress:  99 % - Assembling matrices
Memory: 943/1062 1079/1138
 244      0.0004     1.4e+10   0.0010000      0.0004 2042  244 2285
---------  Current Progress:  99 % - Matrix factorization
Memory: 876/1062 1054/1138
---------  Current Progress:  99 % - Assembling matrices
Memory: 945/1062 1081/1138
---------  Current Progress:  99 % - Solving linear system
---------  Current Progress:  99 % - Assembling matrices
 245      0.0004     1.4e+10   0.0010000      0.0004 2051  245 2295
---------  Current Progress:  99 % - Matrix factorization
Memory: 876/1062 1054/1138
---------  Current Progress:  99 % - Assembling matrices
Memory: 945/1062 1081/1138
---------  Current Progress:  99 % - Solving linear system
---------  Current Progress:  99 % - Assembling matrices
 246     0.00033     1.4e+10   0.0010000     0.00033 2059  246 2304
---------  Current Progress:  99 % - Matrix factorization
Memory: 899/1062 1083/1138
---------  Current Progress:  99 % - Solving linear system
Memory: 944/1062 1080/1138
---------  Current Progress:  99 % - Assembling matrices
Memory: 942/1062 1078/1138
 247     0.00041     1.4e+10   0.0010000     0.00041 2066  247 2312
---------  Current Progress:  99 % - Matrix factorization
Memory: 890/1062 1083/1138
---------  Current Progress:  99 % - Solving linear system
Memory: 944/1062 1080/1138
---------  Current Progress:  99 % - Assembling matrices
---------  Current Progress:  99 % - Solving linear system
Memory: 945/1062 1081/1138
 248     0.00033     1.4e+10   0.0010000     0.00033 2074  248 2321
---------  Current Progress:  99 % - Assembling matrices
Memory: 944/1062 1079/1138
---------  Current Progress:  99 % - Matrix factorization
Memory: 916/1062 1083/1138
---------  Current Progress:  99 % - Assembling matrices
Memory: 945/1062 1081/1138
---------  Current Progress:  99 % - Solving linear system
 249      0.0004     1.4e+10   0.0010000      0.0004 2082  249 2330
---------  Current Progress:  99 % - Assembling matrices
Memory: 944/1062 1079/1138
---------  Current Progress:  99 % - Matrix factorization
Memory: 925/1062 1083/1138
---------  Current Progress:  99 % - Assembling matrices
Memory: 945/1062 1081/1138
---------  Current Progress:  99 % - Solving linear system
---------  Current Progress:  99 % - Assembling matrices
 250     0.00035     1.4e+10   0.0010000     0.00035 2091  250 2340
---------  Current Progress:  99 % - Matrix factorization
Memory: 877/1062 1083/1138
---------  Current Progress:  99 % - Solving linear system
Memory: 943/1062 1084/1138
---------  Current Progress:  99 % - Assembling matrices
Memory: 945/1062 1081/1138
 251     0.00032     1.4e+10   0.0010000     0.00032 2100  251 2350
---------  Current Progress:  99 % - Assembling sparsity pattern
Memory: 924/1062 1060/1138
---------  Current Progress:  99 % - Assembling matrices
Memory: 944/1062 1080/1138
---------  Current Progress:  99 % - Matrix factorization
Memory: 898/1062 1083/1138
---------  Current Progress:  99 % - Solving linear system
Memory: 944/1062 1080/1138
---------  Current Progress:  99 % - Assembling matrices
Memory: 945/1062 1081/1138
 252     0.00036     1.4e+10   0.0010000     0.00036 2108  252 2359
---------  Current Progress:  99 % - Matrix factorization
Memory: 879/1062 1083/1138
